#pragma once

// Generated by tools/gen_dict.py, do not edit by hand.
// Word frequencies: FrequencyWords by Hermit Dave (OpenSubtitles 2018), CC-BY-SA-4.0,
// https://github.com/hermitdave/FrequencyWords
// Lowercase words, most frequent first, NUL separated; the list ends with an empty word.
// Cyrillic a..ya are single bytes 0xE0..0xFF (CP1251 positions), Latin is ASCII.

// 6000 words, 43917 bytes
static const char DICT_BG[] =
  "\xe4\xe0\0" "\xed\xe5\0" "\xf1\xe5\0" "\xed\xe0\0" "\xf1\xe8\0" "\xe7\xe0\0" "\xf9\xe5\0" "\xf7\xe5\0"
  "\xf2\xee\xe2\xe0\0" "\xeb\xe8\0" "\xf2\xe8\0" "\xee\xf2\0" "\xec\xe8\0" "\xea\xe0\xea\xe2\xee\0" "\xe3\xee\0"
  "\xf1\xfa\xec\0" "\xed\xee\0" "\xe0\xe7\0" "\xf2\xe5\0" "\xf2\xf0\xff\xe1\xe2\xe0\0" "\xe4\xee\xe1\xf0\xe5\0"
  "\xec\xe5\0" "\xf1\xe0\0" "\xed\xff\xec\xe0\0" "\xec\xee\xe6\xe5\0" "\xe0\xea\xee\0" "\xf2\xf3\xea\0"
  "\xf2\xe0\xea\xe0\0" "\xe2\xe8\0" "\xea\xe0\xf2\xee\0" "\xec\xed\xee\xe3\xee\0" "\xf2\xee\xe9\0" "\xef\xee\0"
  "\xe8\xec\xe0\0" "\xe1\xe5\xf8\xe5\0" "\xed\xe5\xf9\xee\0" "\xec\xf3\0" "\xea\xe0\xea\0" "\xe7\xe0\xf9\xee\0"
  "\xed\xe8\0" "\xe7\xed\xe0\xec\0" "\xf1\xe0\xec\xee\0" "\xe2\xf1\xe8\xf7\xea\xee\0" "\xec\xe5\xed\0"
  "\xf1\xe5\xe3\xe0\0" "\xf2\xe5\xe1\0" "\xf2\xff\0" "\xea\xee\xe5\xf2\xee\0" "\xe8\xf1\xea\xe0\xec\0"
  "\xec\xee\xe3\xe0\0" "\xee\xf9\xe5\0" "\xea\xee\xe3\xe0\xf2\xee\0" "\xe4\xee\0" "\xe3\xe8\0" "\xf2\xee\xe7\xe8\0"
  "\xef\xf0\xee\xf1\xf2\xee\0" "\xf1\xf2\xe5\0" "\xe8\xeb\xe8\0" "\xea\xfa\xe4\xe5\0" "\xe1\xe8\0"
  "\xf2\xe0\xe7\xe8\0" "\xe2\xf1\xe8\xf7\xea\xe8\0" "\xe1\xeb\xe0\xe3\xee\xe4\xe0\xf0\xff\0" "\xed\xe0\xeb\xe8\0"
  "\xf1\xec\xe5\0" "\xed\xe8\xf9\xee\0" "\xf2\xee\xeb\xea\xee\xe2\xe0\0" "\xe7\xed\xe0\xe5\xf8\0" "\xe5\xe4\xe8\xed\0"
  "\xe7\xe0\xf9\xee\xf2\xee\0" "\xf1\xeb\xe5\xe4\0" "\xf2\xe0\xec\0" "\xe2\xf0\xe5\xec\xe5\0" "\xea\xee\xe9\xf2\xee\0"
  "\xe8\xf1\xea\xe0\xf8\0" "\xec\xe8\xf1\xeb\xff\0" "\xea\xee\xe9\0" "\xec\xe0\xeb\xea\xee\0" "\xe8\xec\xe0\xec\0"
  "\xef\xf0\xe5\xe4\xe8\0" "\xf5\xe0\xe9\xe4\xe5\0" "\xe2\xe5\xf7\xe5\0" "\xf2\xe5\xe7\xe8\0" "\xec\xee\xeb\xff\0"
  "\xed\xff\xea\xee\xe9\0" "\xea\xe0\xe7\xe0\0" "\xed\xe5\xe3\xee\0" "\xed\xe0\xe8\xf1\xf2\xe8\xed\xe0\0"
  "\xed\xe8\xe5\0" "\xe2\xe8\xe5\0" "\xea\xee\xe8\xf2\xee\0" "\xef\xee\xe2\xe5\xf7\xe5\0"
  "\xf1\xfa\xe6\xe0\xeb\xff\xe2\xe0\xec\0" "\xf2\xee\xe3\xe0\xe2\xe0\0" "\xf2\xee\xf7\xed\xee\0"
  "\xf1\xf2\xe0\xe2\xe0\0" "\xe2\xf1\xe5\0" "\xec\xee\xe6\xe5\xf8\0" "\xe5\xe4\xed\xe0\0" "\xe8\xec\xe0\xf8\0"
  "\xea\xfa\xec\0" "\xe1\xe5\xe7\0" "\xea\xee\xeb\xea\xee\0" "\xea\xe0\xe6\xe0\0" "\xed\xe8\xea\xee\xe3\xe0\0"
  "\xef\xf0\xe8\0" "\xf7\xee\xe2\xe5\xea\0" "\xf0\xe0\xe1\xee\xf2\xe0\0" "\xe8\xec\0" "\xe4\xe5\xed\0"
  "\xe5\xe4\xed\xee\0" "\xe1\xff\xf5\0" "\xe1\xfa\xe4\xe5\0" "\xef\xf0\xe5\xe7\0" "\xe5\xf2\xee\0"
  "\xe7\xed\xe0\xf7\xe8\0" "\xf1\xfa\xf1\0" "\xe4\xee\xf0\xe8\0" "\xf5\xee\xf0\xe0\0" "\xef\xfa\xf2\0"
  "\xea\xe0\xea\xf2\xee\0" "\xed\xe0\xf1\0" "\xe3\xee\xe4\xe8\xed\xe8\0" "\xe1\xe8\xeb\0" "\xe1\xe0\xf9\xe0\0"
  "\xef\xf0\xe0\xe2\xe8\xf8\0" "\xea\xee\xff\xf2\xee\0" "\xf0\xe0\xe7\xe1\xe8\xf0\xe0\0" "\xf1\xfa\xf9\xee\0"
  "\xec\xe8\xf1\xeb\xe8\xf8\0" "\xe2\xe0\xf1\0" "\xe0\xec\xe8\0" "\xed\xe5\xff\0" "\xed\xe0\xef\xf0\xe0\xe2\xe8\0"
  "\xe2\xe8\xed\xe0\xe3\xe8\0" "\xe4\xee\xea\xe0\xf2\xee\0" "\xe8\xec\xe0\xec\xe5\0" "\xe2\xe8\xe6\0"
  "\xe2\xf1\xe5\xea\xe8\0" "\xe8\xf1\xea\xe0\0" "\xec\xe0\xe9\xea\xe0\0" "\xea\xe0\xe7\xe0\xf5\0" "\xed\xe5\xea\xe0\0"
  "\xf5\xee\xf0\xe0\xf2\xe0\0" "\xf5\xe5\xe9\0" "\xe6\xe5\xed\xe0\0" "\xe2\xe8\xe4\xff\0" "\xe4\xe0\xeb\xe8\0"
  "\xe2\xfa\xe2\0" "\xed\xe8\xea\xee\xe9\0" "\xef\xe0\xea\0" "\xf2\xff\xf5\0" "\xed\xe0\xef\xf0\xe0\xe2\xff\0"
  "\xed\xe5\xf9\xe0\0" "\xea\xe0\xe6\xe8\0" "\xec\xff\xf1\xf2\xee\0" "\xe7\xe0\xf0\xe0\xe4\xe8\0"
  "\xef\xf0\xe0\xe2\xe8\0" "\xf1\xfa\xf0\0" "\xec\xee\xe6\xe5\xec\0" "\xe4\xff\xe2\xee\xeb\xe8\xf2\xe5\0"
  "\xe8\xe7\xe3\xeb\xe5\xe6\xe4\xe0\0" "\xe4\xed\xe5\xf1\0" "\xea\xe0\xe6\xe5\xf8\0" "\xe6\xe8\xe2\xee\xf2\xe0\0"
  "\xf2\xf0\xff\xe1\xe2\xe0\xf8\xe5\0" "\xee\xf2\xed\xee\xe2\xee\0" "\xf2\xe0\xf2\xea\xee\0"
  "\xed\xff\xea\xee\xeb\xea\xee\0" "\xed\xe0\xf0\xe5\xe4\0" "\xe1\xee\xe6\xe5\0" "\xe4\xf0\xf3\xe3\0"
  "\xe7\xe4\xf0\xe0\xe2\xe5\xe9\0" "\xe7\xe0\xf2\xee\xe2\xe0\0" "\xe1\xe8\xf5\0" "\xe4\xee\xf1\xf2\xe0\0"
  "\xee\xe1\xe8\xf7\xe0\xec\0" "\xef\xe0\xf0\xe8\0" "\xe7\xed\xe0\xe5\0" "\xed\xe0\xf7\xe8\xed\0" "\xec\xee\xff\0"
  "\xec\xe8\xf1\xeb\xe5\xf5\0" "\xed\xf3\xe6\xe4\xe0\0" "\xf1\xe0\xec\0" "\xe4\xe2\xe5\0" "\xe4\xee\xe9\xe4\xe5\0"
  "\xe7\xe0\xe5\xe4\xed\xee\0" "\xe4\xee\xe1\xfa\xf0\0" "\xe5\xeb\xe0\0" "\xed\xff\xec\xe0\xec\0"
  "\xef\xf0\xe8\xff\xf2\xe5\xeb\0" "\xef\xee\xf1\xeb\xe5\0" "\xe2\xe8\xe4\xe8\xec\0" "\xef\xf0\xe0\xe2\xff\0"
  "\xe2\xe5\xf7\xe5\xf0\0" "\xe4\xee\xf1\xf2\xe0\xf2\xfa\xf7\xed\xee\0" "\xe2\xf1\xfa\xf9\xed\xee\xf1\xf2\0"
  "\xe8\xf1\xea\xe0\xf5\0" "\xef\xf0\xee\xe1\xeb\xe5\xec\0" "\xe6\xe8\xe2\xee\xf2\0" "\xed\xe5\xf9\xe0\xf2\xe0\0"
  "\xef\xee\xe4\0" "\xea\xe0\xea\xe2\xee\xf2\xee\0" "\xe3\xee\xe2\xee\xf0\xe8\0" "\xf0\xe0\xe7\xe1\xe8\xf0\xe0\xec\0"
  "\xf1\xe8\xe3\xf3\xf0\xed\xee\0" "\xf7\xe0\xea\xe0\xe9\0" "\xe2\xe5\xe4\xed\xe0\xe3\xe0\0" "\xe5\xe9\0"
  "\xf2\xf0\xe8\0" "\xea\xe0\xea\xfa\xe2\0" "\xea\xe0\xe7\xe2\xe0\0" "\xf1\xf2\xe0\xed\xe0\0" "\xf3\xf2\xf0\xe5\0"
  "\xe4\xe0\xe9\0" "\xe4\xee\xe1\xf0\xee\0" "\xe7\xed\xe0\xe5\xf2\xe5\0" "\xe3\xee\xe2\xee\xf0\xff\0"
  "\xe1\xe8\xeb\xe0\0" "\xef\xf0\xe5\xe4\xe2\xe8\xe4\0" "\xea\xe0\xe7\xe2\xe0\xec\0" "\xea\xee\xeb\xe0\xf2\xe0\0"
  "\xe8\xec\xe0\xf2\xe5\0" "\xf1\xe5\xe1\xe5\0" "\xec\xee\xec\xe8\xf7\xe5\0" "\xec\xe0\xec\xee\0"
  "\xf1\xf2\xe0\xed\xe5\0" "\xf5\xe0\xf0\xe5\xf1\xe2\xe0\0" "\xf1\xeb\xf3\xf7\xe8\0" "\xed\xee\xf9\0"
  "\xe1\xe8\xeb\xee\0" "\xf0\xe0\xe1\xee\xf2\xe0\xf2\xe0\0" "\xea\xe0\xea\xe2\xe0\0" "\xe3\xee\xe2\xee\xf0\xe8\xf8\0"
  "\xe1\xe5\0" "\xf1\xe8\xe3\xf3\xf0\xe5\xed\0" "\xe8\xf1\xea\xe0\xf2\xe5\0" "\xf1\xea\xfa\xef\xe0\0"
  "\xef\xf0\xe5\xe4\0" "\xe1\xe8\xeb\xe8\0" "\xec\xe5\xe6\xe4\xf3\0" "\xe4\xf0\xf3\xe3\xee\0" "\xec\xee\xff\xf2\xe0\0"
  "\xf7\xe0\xf1\xf2\0" "\xf1\xf2\xe8\xe3\xe0\0" "\xed\xe0\xef\xf0\xe0\xe2\xe8\xec\0" "\xe8\xec\xe0\xf8\xe5\0"
  "\xee\xf1\xe2\xe5\xed\0" "\xec\xee\xe9\0" "\xe4\xe2\xe0\xec\xe0\xf2\xe0\0" "\xea\xee\xe3\xe0\0" "\xe1\xff\xf5\xe0\0"
  "\xe2\xfa\xf0\xed\xe0\0" "\xed\xff\xea\xee\xe8\0" "\xec\xfa\xe6\0" "\xec\xee\xec\xf7\xe5\xf2\xe0\0"
  "\xe1\xfa\xf0\xe7\xee\0" "\xea\xfa\xe4\xe5\xf2\xee\0" "\xe8\xe7\xe2\xe8\xed\xe5\xf2\xe5\0" "\xe8\xec\xe5\xf2\xee\0"
  "\xe2\xe8\xe6\xe4\xe0\xec\0" "\xe1\xfa\xe4\xe0\0" "\xef\xe0\xf0\xe8\xf2\xe5\0" "\xe2\xe8\xe4\xff\xf5\0"
  "\xf5\xf3\xe1\xe0\xe2\xee\0" "\xf1\xea\xee\xf0\xee\0" "\xef\xee\xec\xee\xe3\xed\xe0\0" "\xee\xf1\xf2\xe0\xe2\xe8\0"
  "\xe4\xed\xe8\0" "\xef\xee\xed\xe5\0" "\xf2\xe0\xea\xfa\xe2\0" "\xe7\xe4\xf0\xe0\xf1\xf2\xe8\0"
  "\xed\xe0\xef\xf0\xe0\xe2\xe8\xf8\0" "\xf7\xe0\xf1\xe0\0" "\xe4\xe2\xe0\0" "\xe1\xf0\xe0\xf2\0"
  "\xe4\xee\xe1\xf0\xe0\0" "\xff\xf1\xed\xee\0" "\xe7\xed\xe0\xe5\xf5\0" "\xf0\xe0\xe4\xe2\xe0\xec\0"
  "\xed\xff\xec\xe0\xf8\xe5\0" "\xe4\xe5\xf6\xe0\0" "\xe2\xe7\xe5\xec\xe0\0" "\xf2\xee\0" "\xee\xea\xee\xeb\xee\0"
  "\xec\xee\xec\xf7\xe5\0" "\xf9\xee\xec\0" "\xef\xf0\xe8\xff\xf2\xe5\xeb\xe8\0" "\xe2\xf0\xe5\xec\xe5\xf2\xee\0"
  "\xec\xe8\xed\xf3\xf2\xe8\0" "\xef\xf0\xe0\xe2\xe8\xec\0" "\xea\xee\xeb\xea\xee\xf2\xee\0" "\xef\xfa\xf0\xe2\xee\0"
  "\xe4\xf0\xf3\xe3\xe8\0" "\xf1\xef\xf0\xe8\0" "\xf1\xf2\xf0\xe0\xed\xe0\0" "\xf0\xe0\xe1\xee\xf2\xe8\0"
  "\xef\xee\xec\xee\xf9\0" "\xec\xee\xe3\xe0\xf2\0" "\xed\xe8\xf2\xee\0" "\xe2\xfa\xf0\xe2\xe8\0"
  "\xe3\xee\xf1\xef\xee\xe4\xe8\0" "\xf2\xe2\xee\xff\0" "\xef\xf0\xe5\xe4\xef\xee\xeb\xe0\xe3\xe0\xec\0"
  "\xec\xee\xec\xe5\xed\xf2\0" "\xed\xe0\xef\xf0\xe0\xe2\xe8\xeb\0" "\xf7\xf3\xe4\xe5\xf1\xed\xee\0"
  "\xe3\xee\xe4\xe8\xed\xe0\0" "\xe7\xe4\xf0\xe0\xe2\xe5\xe9\xf2\xe5\0" "\xe7\xed\xe0\xe5\xec\0"
  "\xf1\xf0\xe5\xf9\xf3\0" "\xec\xee\xe6\xe5\xf2\xe5\0" "\xe3\xeb\xe0\xe2\xe0\xf2\xe0\0" "\xf1\xeb\xf3\xf7\xe0\xe9\0"
  "\xe8\xec\xe0\xf2\0" "\xea\xe0\xe6\xe5\xf2\xe5\0" "\xe2\xfa\xf2\xf0\xe5\0" "\xea\xfa\xf9\xe0\xf2\xe0\0"
  "\xf2\xe2\xfa\xf0\xe4\xe5\0" "\xf2\xf0\xf3\xe4\xed\xee\0" "\xe4\xee\xec\xe0\0" "\xef\xfa\xf2\xe8\0"
  "\xe4\xe5\xf2\xe5\0" "\xe7\xed\xe0\xf7\xe5\xed\xe8\xe5\0" "\xee\xe7\xed\xe0\xf7\xe0\xe2\xe0\0"
  "\xef\xee\xf7\xf2\xe8\0" "\xe8\xe4\xe5\xff\0" "\xe8\xec\xe5\0" "\xf1\xe2\xe5\xf2\xe0\0" "\xf7\xee\xe2\xe5\xf7\xe5\0"
  "\xe4\xfa\xf9\xe5\xf0\xff\0" "\xe4\xe5\xf6\xe0\xf2\xe0\0" "\xf2\xe0\xea\xe8\xe2\xe0\0" "\xe2\xfa\xef\xf0\xee\xf1\0"
  "\xe2\xfa\xf0\xf5\xf3\0" "\xec\xe0\xec\xea\xe0\0" "\xe3\xee\xeb\xff\xec\xe0\0" "\xea\xe0\xe7\xe2\xe0\xf8\0"
  "\xf1\xf2\xf0\xe0\xf5\xee\xf2\xed\xee\0" "\xec\xee\xec\xe5\xed\xf2\xe0\0" "\xe4\xe0\xe2\xe0\xe9\0"
  "\xe2\xe5\xf0\xee\xff\xf2\xed\xee\0" "\xe3\xee\xe2\xee\xf0\xe8\xec\0" "\xef\xf0\xe0\xe2\0" "\xe2\xea\xfa\xf9\xe8\0"
  "\xe2\xe5\xe4\xed\xfa\xe6\0" "\xea\xe0\xea\xe2\xe8\0" "\xe8\xf1\xf2\xe8\xed\xe0\xf2\xe0\0"
  "\xf1\xe5\xf0\xe8\xee\xe7\xed\xee\0" "\xe2\xf1\xff\xea\xe0\0" "\xea\xee\xe3\xee\0" "\xe8\xe4\xe2\xe0\0"
  "\xee\xf2\xea\xfa\xe4\xe5\0" "\xf9\xe5\xf8\xe5\0" "\xe2\xfa\xf0\xe2\xe8\xec\0" "\xec\xe0\xe9\0"
  "\xed\xe0\xe4\xff\xe2\xe0\xec\0" "\xf2\xe0\xea\xee\xe2\xe0\0" "\xe2\xe8\xe6\xe4\xe0\xf8\0" "\xee\xf2\xe8\xe4\xe0\0"
  "\xf1\xe5\xec\xe5\xe9\xf1\xf2\xe2\xee\xf2\xee\0" "\xee\xe1\xe0\xe4\xe8\0" "\xf1\xe5\xf1\xf2\xf0\xe0\0"
  "\xec\xe0\xec\xe0\0" "\xef\xee\xed\xff\xea\xee\xe3\xe0\0" "\xec\xe8\xf1\xeb\xe8\0" "\xe2\xe7\xe5\xec\xe8\0"
  "\xed\xe0\xe4\0" "\xed\xe0\xef\xf0\xe0\xe2\xe8\xf5\0" "\xe8\xf1\xea\xe0\xf8\xe5\0"
  "\xf7\xf3\xe2\xf1\xf2\xe2\xe0\xec\0" "\xea\xe0\xe6\xe5\0" "\xe2\xfa\xe7\xec\xee\xe6\xed\xee\0" "\xe4\xe5\0"
  "\xef\xee\xeb\xe8\xf6\xe8\xff\xf2\xe0\0" "\xf1\xe2\xff\xf2\0" "\xf1\xf0\xe5\xf9\xe0\0" "\xec\xee\xff\xf2\0"
  "\xe7\xe5\xec\xff\xf2\xe0\0" "\xed\xe0\xef\xfa\xeb\xed\xee\0" "\xed\xe0\xec\xe5\xf0\xe8\0" "\xeb\xee\xf8\xee\0"
  "\xe2\xff\xf0\xed\xee\0" "\xe4\xe0\xe4\xe5\0" "\xe8\xe7\xe2\xe8\xed\xff\xe2\xe0\xe9\0"
  "\xf1\xe5\xe4\xec\xe8\xf6\xe0\0" "\xec\xfa\xf0\xf2\xfa\xe2\0" "\xe2\xe8\xe4\xe8\xf8\0" "\xf7\xf3\xf5\0"
  "\xf1\xeb\xf3\xf8\xe0\xe9\0" "\xe8\xf1\xea\xe0\xeb\0" "\xe1\xee\xe3\0" "\xe3\xee\xeb\xff\xec\0"
  "\xea\xe0\xe7\xe0\xeb\0" "\xe4\xe0\xec\0" "\xf2\xe2\xee\xff\xf2\xe0\0" "\xf7\xe0\xf1\0" "\xe3\xf0\xe0\xe4\xe0\0"
  "\xf1\xe8\xe3\xf3\xf0\xed\xe0\0" "\xf2\xf0\xfa\xe3\xe2\xe0\xec\xe5\0" "\xea\xee\xff\0"
  "\xe2\xf1\xe8\xf7\xea\xe8\xf2\xe5\0" "\xe3\xee\xf2\xee\xe2\0" "\xf1\xf2\xf0\xe0\xed\xed\xee\0"
  "\xed\xff\xea\xee\xe3\xe0\0" "\xef\xfa\xea\0" "\xe2\xf0\xe0\xf2\xe0\xf2\xe0\0" "\xf6\xff\xeb\xe0\xf2\xe0\0"
  "\xf1\xff\xea\xe0\xf8\0" "\xf1\xe2\xfa\xf0\xf8\xe8\0" "\xf3\xf7\xe8\xeb\xe8\xf9\xe5\0" "\xe8\xf1\xea\xe0\xf2\0"
  "\xec\xee\xe5\xf2\xee\0" "\xef\xee\xe3\xee\xe2\xee\xf0\xe8\xec\0" "\xf2\xe0\xea\xe0\xe2\xe0\0"
  "\xf1\xe5\xec\xe5\xe9\xf1\xf2\xe2\xee\0" "\xf1\xec\xfa\xf0\xf2\xf2\xe0\0" "\xf1\xe0\xec\xe0\0"
  "\xf0\xfa\xf6\xe5\xf2\xe5\0" "\xf0\xe0\xe7\xe1\xe8\xf0\xe0\xf8\0" "\xe8\xec\xe0\xf5\0" "\xe2\xff\xf0\xe2\xe0\xec\0"
  "\xe1\xff\xf5\xec\xe5\0" "\xf1\xe8\xed\0" "\xee\xf7\xe8\xf2\xe5\0" "\xf2\xe5\xeb\xe5\xf4\xee\xed\xe0\0"
  "\xe4\xf0\xf3\xe3\xe8\xf2\xe5\0" "\xed\xff\xec\xe0\xf8\0" "\xf1\xea\xfa\xef\xe8\0" "\xec\xee\xe8\xf2\xe5\0"
  "\xe2\xe8\xe6\xf2\xe5\0" "\xf1\xfa\xf0\xf6\xe5\xf2\xee\0" "\xec\xff\xf1\xf2\xee\xf2\xee\0" "\xe1\xfa\xe4\xe5\xf8\0"
  "\xe7\xe0\xe4\0" "\xf9\xff\xf5\0" "\xf0\xe0\xe7\xe1\xf0\xe0\xf5\0" "\xe4\xe6\xee\xed\0" "\xec\xe5\xf1\xe5\xf6\xe0\0"
  "\xef\xf0\xee\xe1\xeb\xe5\xec\xe8\0" "\xf1\xef\xee\xf0\xe5\xe4\0" "\xef\xe5\xf2\0" "\xec\xe8\xf1\xeb\xe8\xf2\xe5\0"
  "\xef\xf0\xe5\xea\xe0\xeb\xe5\xed\xee\0" "\xea\xee\xeb\xe0\0" "\xe4\xe2\xe0\xec\xe0\0"
  "\xef\xee\xe3\xeb\xe5\xe4\xed\xe8\0" "\xed\xe0\xec\xe5\xf0\xff\0" "\xef\xf0\xe0\xe2\xff\xf2\0"
  "\xe4\xfa\xeb\xe3\xee\0" "\xed\xff\xea\xfa\xe4\xe5\0" "\xed\xff\xea\xe0\xea\xfa\xe2\0" "\xf6\xff\xeb\xee\xf2\xee\0"
  "\xeb\xe5\xf1\xed\xee\0" "\xe2\xe8\xe6\xe4\xe0\xeb\0" "\xe7\xe2\xf3\xf7\xe8\0" "\xee\xf2\xf2\xf3\xea\0"
  "\xea\xf0\xe0\xe9\0" "\xeb\xfe\xe1\xee\xe2\0" "\xee\xed\xe7\xe8\0" "\xe4\xf3\xec\xe0\0" "\xf7\xe0\xee\0"
  "\xea\xee\xe5\0" "\xee\xe1\xf0\xe0\xf2\xed\xee\0" "\xef\xee\xe7\xed\xe0\xe2\xe0\xec\0" "\xf1\xf2\xf0\xf3\xe2\xe0\0"
  "\xf8\xe0\xed\xf1\0" "\xed\xff\xea\xee\xe3\xee\0" "\xee\xf2\xea\xee\xeb\xea\xee\xf2\xee\0" "\xe4\xf0\xf3\xe3\xe0\0"
  "\xed\xe0\xf8\xe0\xf2\xe0\0" "\xe8\xf1\xf2\xee\xf0\xe8\xff\0" "\xef\xfa\xf2\xff\0" "\xee\xf2\xe8\xe4\xe5\0"
  "\xe2\xee\xe4\xe0\0" "\xf1\xfa\xf9\xee\xf2\xee\0" "\xf1\xef\xee\xea\xee\xe9\xed\xee\0" "\xef\xee\xeb\xf3\xf7\xe8\0"
  "\xe4\xe6\xe0\xea\0" "\xf1\xeb\xf3\xf7\xe8\xeb\xee\0" "\xe0\xeb\xee\0" "\xe2\xf0\xfa\xe7\xea\xe0\0"
  "\xef\xee\xec\xee\xe3\xed\xe5\0" "\xe4\xee\xeb\xe0\xf0\xe0\0" "\xf2\xff\xeb\xee\xf2\xee\0"
  "\xef\xf0\xe0\xe2\xe8\xf2\xe5\0" "\xf1\xf2\xe0\xff\xf2\xe0\0" "\xef\xf0\xe0\xe2\xee\0" "\xea\xfa\xf1\xed\xee\0"
  "\xe4\xee\xeb\xf3\0" "\xed\xe0\xf8\xe8\xf2\xe5\0" "\xef\xf0\xe5\xe2\xee\xe4\0" "\xef\xf0\xe8\xf7\xe8\xed\xe0\0"
  "\xe1\xfa\xe4\xe0\xf2\0" "\xf1\xf2\xe0\xff\0" "\xea\xfa\xf9\xe0\0" "\xee\xf1\xf2\xe0\xed\xe0\0"
  "\xe7\xe0\xf2\xe2\xee\xf0\xe0\0" "\xee\xf2\xe8\xe4\xe5\xec\0" "\xed\xe0\xec\xe5\xf0\xe8\xec\0"
  "\xf1\xf3\xef\xe5\xf0\0" "\xed\xee\xec\xe5\xf0\0" "\xe2\xe0\xe6\xed\xee\0" "\xea\xf0\xe0\xff\0"
  "\xe8\xe7\xe3\xeb\xe5\xe6\xe4\xe0\xf8\0" "\xf3\xe6\xe0\xf1\xed\xee\0" "\xe7\xe0\xef\xee\xf7\xed\xe0\0"
  "\xef\xf0\xe8\xff\xf2\xed\xee\0" "\xef\xee\xec\xed\xe8\xf8\0" "\xe8\xf1\xea\xe0\xec\xe5\0" "\xf6\xff\xeb\0"
  "\xee\xf2\xe8\xe2\xe0\xec\0" "\xf1\xfa\xe2\xf1\xe5\xec\0" "\xed\xff\xea\xe0\xea\xe2\xe0\0" "\xe6\xe8\xe2\xe5\xe5\0"
  "\xf2\xf0\xfa\xe3\xe2\xe0\xec\0" "\xed\xff\xec\xe0\xec\xe5\0" "\xe1\xfa\xe4\xe8\0" "\xe2\xfa\xef\xf0\xe5\xea\xe8\0"
  "\xf3\xe1\xe8\xe5\0" "\xe8\xe4\xe2\xe0\xec\0" "\xe3\xeb\xf3\xef\xee\xf1\xf2\xe8\0" "\xf1\xf2\xee\xe9\0"
  "\xea\xe0\xe7\xe2\xe0\xf2\0" "\xe8\xe7\xee\xe1\xf9\xee\0" "\xeb\xe8\xf6\xe5\xf2\xee\0"
  "\xef\xee\xe2\xff\xf0\xe2\xe0\xec\0" "\xe2\xe8\xe4\xe8\0" "\xed\xee\xe2\0" "\xf0\xe0\xe7\xe1\xf0\xe0\0"
  "\xf2\xf0\xff\xe1\xe2\xe0\xeb\xee\0" "\xf6\xe5\xeb\xe8\xff\0" "\xe4\xee\xe9\xe4\xe0\0" "\xe3\xee\xf2\xee\xe2\xe8\0"
  "\xf1\xe5\xe4\xec\xe8\xf6\xe8\0" "\xf0\xe0\xe1\xee\xf2\xff\0" "\xef\xfa\xf0\xe2\xe8\0" "\xef\xf0\xee\xf2\xe8\xe2\0"
  "\xf9\xee\0" "\xf1\xed\xee\xf9\xe8\0" "\xe6\xe8\xe2\0" "\xe4\xee\xe9\xe4\xe5\xf8\0" "\xea\xf0\xfa\xe2\0"
  "\xe4\xe0\xeb\xe5\xf7\0" "\xed\xe5\xe4\xe5\xe9\0" "\xef\xf3\xea\xe0\0" "\xe4\xee\xe1\xf0\xe8\0"
  "\xef\xf0\xe0\xe2\xe0\0" "\xe7\xeb\xe5\0" "\xec\xee\xec\xe8\xf7\xe5\xf2\xe0\0" "\xee\xef\xe8\xf2\xe2\xe0\xec\0"
  "\xe4\xe2\xe5\xf2\xe5\0" "\xee\xe1\xe0\xe4\xff\0" "\xe6\xe5\xed\xe8\0" "\xff\xe2\xed\xee\0"
  "\xe8\xf1\xf2\xe8\xed\xf1\xea\xe8\0" "\xec\xfa\xe6\xe5\0" "\xf1\xe8\xe3\xf3\xf0\xed\xee\xf1\xf2\0"
  "\xeb\xe5\xea\xe0\0" "\xee\xe1\xe8\xf7\xe0\0" "\xe8\xed\xf4\xee\xf0\xec\xe0\xf6\xe8\xff\0" "\xe2\xfa\xf0\xed\xe5\0"
  "\xf1\xf3\xf2\xf0\xe8\xed\0" "\xef\xf0\xe0\xe2\xe8\xeb\xed\xee\0" "\xe4\xf0\xfa\xe6\0" "\xea\xfa\xf1\xec\xe5\xf2\0"
  "\xf1\xf3\xf2\xf0\xe8\xed\xf2\xe0\0" "\xec\xe0\xeb\xea\xe0\0" "\xf1\xf2\xf0\xe0\xf5\0" "\xee\xe1\xe8\xf7\xe0\xf8\0"
  "\xec\xe8\xed\xe0\0" "\xed\xe0\xe2\xfa\xed\0" "\xe7\xed\xe0\xff\xf2\0" "\xf1\xe8\xed\xe0\0"
  "\xec\xee\xe6\xe5\xf8\xe5\0" "\xf7\xe5\xf2\xe8\xf0\xe8\0" "\xf1\xeb\xf3\xf7\xe2\xe0\0"
  "\xf1\xf2\xe0\xed\xe0\xeb\xee\0" "\xf7\xee\xe2\xe5\xea\xe0\0" "\xee\xe1\xf9\xee\0" "\xe8\xed\xe0\xf7\xe5\0"
  "\xf3\xf2\xf0\xee\0" "\xed\xee\xe2\xe0\0" "\xf0\xee\xe4\xe8\xf2\xe5\xeb\xe8\xf2\xe5\0" "\xea\xee\xe3\xee\xf2\xee\0"
  "\xe3\xf0\xe5\xf8\xea\xe0\0" "\xef\xf3\xf1\xed\xe8\0" "\xe3\xee\xf0\xe5\0" "\xed\xe0\xf1\xe0\xec\0"
  "\xf0\xfa\xea\xe0\xf2\xe0\0" "\xef\xee\xf7\xe0\xea\xe0\xe9\0" "\xe0\xe3\xe5\xed\xf2\0" "\xf5\xf0\xe0\xed\xe0\0"
  "\xed\xf3\xe6\xed\xee\0" "\xf7\xe8\xf7\xee\0" "\xf1\xe5\xea\xf1\0" "\xec\xe0\xeb\xfa\xea\0"
  "\xf5\xe0\xf0\xe5\xf1\xe2\xe0\xec\0" "\xe8\xe7\xe1\xee\xf0\0" "\xe8\xec\xe0\xeb\0" "\xf3\xe1\xe8\xff\0"
  "\xee\xef\xf0\xe5\xe4\xe5\xeb\xe5\xed\xee\0" "\xed\xe8\xea\xee\xe3\xee\0" "\xee\xf7\xe5\xe2\xe8\xe4\xed\xee\0"
  "\xee\xf1\xf2\xe0\xe2\xff\0" "\xed\xe0\xec\xe5\xf0\xe8\xf5\0" "\xf0\xe0\xe7\xe1\xe5\xf0\xe0\0" "\xe3\xf0\xe0\xe4\0"
  "\xed\xfe\0" "\xe1\xeb\xe8\xe7\xee\0" "\xe3\xee\xf1\xef\xee\xe4\xe0\0" "\xe2\xf7\xe5\xf0\xe0\0"
  "\xec\xee\xe6\xe5\xf5\0" "\xe5\xe4\xe2\xe0\0" "\xed\xe0\xef\xf0\xe0\xe2\xee\0" "\xe4\xe5\xf2\xe5\xf2\xee\0"
  "\xe7\xe0\xe1\xf0\xe0\xe2\xe8\0" "\xe2\xe5\xf7\xe5\xf0\xff\0" "\xf6\xff\xeb\xe0\0" "\xee\xea\0" "\xf3\xe1\xe8\xeb\0"
  "\xe4\xee\xf8\xfa\xeb\0" "\xe2\xec\xe5\xf1\xf2\xee\0" "\xee\xed\xe0\xe7\xe8\0" "\xe3\xeb\xe5\xe4\xe0\xec\0"
  "\xee\xf2\xe2\xee\xf0\xe8\0" "\xf5\xe0\xf0\xe5\xf1\xe0\0" "\xe8\xf1\xf2\xee\xf0\xe8\xff\xf2\xe0\0"
  "\xe8\xe3\xf0\xe0\0" "\xef\xee\xe7\xed\xe0\xe2\xe0\xf8\0" "\xef\xfa\xf0\xe2\xe0\xf2\xe0\0"
  "\xeb\xfe\xe1\xee\xe2\xf2\xe0\0" "\xe4\xee\xec\0" "\xe1\xf0\xe0\xe2\xee\0" "\xef\xeb\xe0\xed\0"
  "\xf2\xf0\xfa\xe3\xed\xe0\0" "\xe3\xeb\xe5\xe4\xe0\xe9\0" "\xee\xf1\xee\xe1\xe5\xed\xee\0"
  "\xf2\xe2\xee\xe8\xf2\xe5\0" "\xec\xee\xec\xe8\xf7\xe5\xf2\xee\0" "\xe3\xee\xf2\xee\xe2\xe0\0"
  "\xe4\xee\xe9\xe4\xee\xf5\0" "\xf1\xec\xe8\xf1\xfa\xeb\0" "\xe8\xf1\xf2\xe8\xed\xe0\0"
  "\xed\xff\xea\xe0\xea\xe2\xe8\0" "\xe7\xe0\xe1\xe0\xe2\xed\xee\0" "\xe2\xe7\xe5\0" "\xec\xe0\xe9\xea\xfa\xeb\0"
  "\xef\xf0\xe5\xe4\xf1\xf2\xe0\xe2\xe0\0" "\xee\xf2\xe8\xe2\xe0\xf8\0" "\xf1\xef\xf0\xe5\xf2\xe5\0"
  "\xea\xe0\xf4\xe5\0" "\xe3\xee\xf1\xef\xee\xe6\xee\0" "\xe8\xe7\xeb\xe5\xe7\xe5\0" "\xf2\xe2\xee\xe5\xf2\xee\0"
  "\xe2\xfa\xf0\xed\xe5\xec\0" "\xe2\xee\xe9\xed\xe0\0" "\xe4\xee\xf8\xeb\xe8\0" "\xf7\xe0\xf0\xeb\xe8\0"
  "\xf1\xfa\xef\xf0\xf3\xe3\xe0\0" "\xe2\xe8\xe4\0" "\xf0\xfa\xea\xe0\0" "\xf7\xe5\xf1\xf2\xed\xee\0"
  "\xef\xf0\xee\xec\xe5\xed\xe8\0" "\xf8\xe5\xf1\xf2\0" "\xf3\xec\xf0\xe5\0" "\xe4\xe6\xee\0" "\xe4\xff\xe4\xee\0"
  "\xef\xee\xf1\xeb\xe5\xe4\xed\xe8\xf2\xe5\0" "\xe6\xe8\xe2\xee\xf2\xfa\xf2\0" "\xee\xed\xee\xe2\xe0\0"
  "\xe2\xf0\xe0\xf2\xe0\0" "\xf0\xfa\xf6\xe5\0" "\xe4\xee\xf1\xe5\xe3\xe0\0" "\xed\xe0\xf8\xe8\xff\0"
  "\xe3\xee\xf1\xef\xee\xe4\xe8\xed\0" "\xe2\xfa\xef\xf0\xee\xf1\xe0\0" "\xe2\xfa\xf0\xed\xe5\xf8\0"
  "\xea\xe0\xe7\xe0\xf5\xe0\0" "\xe3\xee\xf1\xef\xee\xe4\xe8\xed\xe5\0" "\xe6\xe8\xe2\xe5\xff\0"
  "\xe2\xed\xe8\xec\xe0\xe2\xe0\xe9\0" "\xed\xe0\xe2\xf1\xff\xea\xfa\xe4\xe5\0" "\xec\xf0\xe0\xe7\xff\0"
  "\xf1\xec\xfa\xf0\xf2\0" "\xf5\xe8\xeb\xff\xe4\xe8\0" "\xe1\xee\xe3\xe0\0" "\xef\xee\xec\xe8\xf1\xeb\xe8\xf5\0"
  "\xe3\xee\xeb\xff\xec\xee\0" "\xf2\xf0\xff\xe1\xe2\xe0\xf2\0" "\xec\xe5\xf1\xe5\xf6\0"
  "\xe4\xee\xe2\xe8\xe6\xe4\xe0\xed\xe5\0" "\xed\xe5\xe2\xe5\xf0\xee\xff\xf2\xed\xee\0"
  "\xea\xf0\xe0\xf1\xe8\xe2\xe0\0" "\xe2\xfa\xf0\xed\xe8\0" "\xeb\xe8\xf7\xed\xee\0" "\xea\xe0\xe7\xe2\xe0\xe9\0"
  "\xf2\xe0\0" "\xed\xe0\xee\xea\xee\xeb\xee\0" "\xe2\xe0\xf8\xe0\xf2\xe0\0" "\xe2\xe0\xf8\xe5\0" "\xe4\xe0\xe6\xe5\0"
  "\xef\xee\xea\xe0\xe6\xe0\0" "\xed\xe0\xe7\xe0\xe4\0" "\xef\xf0\xe8\xff\xf2\xe5\xeb\xea\xe0\0" "\xea\xe0\xf0\xe0\0"
  "\xed\xee\xf9\xf2\xe0\0" "\xf1\xef\xe0\xf1\xe8\0" "\xe8\xe7\xe2\xfa\xed\0" "\xe4\xee\xe2\xe5\xf7\xe5\xf0\xe0\0"
  "\xe2\xfa\xef\xf0\xee\xf1\xe8\0" "\xe1\xe8\xe2\xe0\0" "\xe2\xfa\xe7\xec\xee\xe6\xed\xee\xf1\xf2\0"
  "\xee\xed\xe5\xe7\xe8\0" "\xf7\xf3\xe2\xf1\xf2\xe2\xe0\xf8\0" "\xf3\xe1\xe8\xe9\xf1\xf2\xe2\xee\0" "\xeb\xf3\xe4\0"
  "\xef\xe8\xf7\0" "\xe7\xed\xe0\xff\0" "\xed\xe0\xef\xf0\xe5\xe4\0" "\xe4\xf0\xf3\xe3\xe0\xf2\xe0\0"
  "\xe1\xfa\xe4\xe5\xec\0" "\xe2\xe7\xe5\xec\xe5\xec\0" "\xe7\xed\xe0\xe5\xf8\xe5\0"
  "\xe8\xed\xf2\xe5\xf0\xe5\xf1\xf3\xe2\xe0\0" "\xef\xee\xec\xed\xff\0" "\xee\xf7\xe8\0" "\xf2\xe0\xf2\xe5\0"
  "\xee\xe1\xe5\xf9\xe0\xe2\xe0\xec\0" "\xf0\xe5\xe4\0" "\xf3\xf1\xef\xee\xea\xee\xe9\0" "\xe4\xf3\xec\xe8\0"
  "\xf2\xfa\xe9\0" "\xef\xee\xec\xee\xe3\xed\xe5\xf8\0" "\xee\xf2\xe8\xe4\xe5\xf8\0" "\xf1\xeb\xf3\xf7\xe0\xff\0"
  "\xe1\xe8\xe7\xed\xe5\xf1\0" "\xe2\xe7\xe5\xec\xe5\xf8\0" "\xf2\xfa\xea\xec\xee\0" "\xec\xee\xec\xf7\xe5\xf2\xee\0"
  "\xe3\xf0\xe8\xe6\xe0\0" "\xee\xef\xe8\xf2\xe0\0" "\xf7\xf3\0" "\xef\xee\xe2\xe5\xf7\xe5\xf2\xee\0"
  "\xe2\xed\xe8\xec\xe0\xed\xe8\xe5\0" "\xea\xe0\xef\xe8\xf2\xe0\xed\xe5\0" "\xf2\xf0\xe5\xe2\xee\xe6\xe8\0"
  "\xf2\xe8\xef\0" "\xee\xf2\xe4\xe0\xe2\xed\xe0\0" "\xef\xf0\xe5\xea\xf0\xe0\xf1\xed\xee\0" "\xf7\xe5\xf1\xf2\xee\0"
  "\xed\xe8\xea\xe0\xea\xe2\xe8\0" "\xe8\xec\xe0\xeb\xee\0" "\xe2\xe7\xe5\xec\xe5\0" "\xe4\xe5\xed\xff\0"
  "\xf7\xe0\xea\xe0\xec\0" "\xe7\xe0\xef\xee\xf7\xe2\xe0\0" "\xf2\xe2\xee\xe9\0" "\xe0\xec\xe0\0"
  "\xf0\xe0\xe7\xe1\xe5\xf0\xe5\0" "\xec\xe0\xe9\xea\0" "\xee\xf0\xfa\xe6\xe8\xe5\0" "\xe9\xee\xf0\xea\0"
  "\xf2\xe2\xee\xff\xf2\0" "\xee\xf1\xf2\xe0\xed\xe5\0" "\xee\xf2\xea\xe0\xea\xf2\xee\0" "\xf2\xee\xec\0"
  "\xf0\xe0\xe7\xe1\xe5\xf0\xe5\xec\0" "\xeb\xe5\xe3\xeb\xee\xf2\xee\0" "\xf7\xee\xe2\xe5\xea\xfa\xf2\0"
  "\xea\xee\xe8\0" "\xf1\xeb\xe5\xe4\xe2\xe0\xf9\xe8\xff\0" "\xef\xe8\xf8\xe5\0" "\xe4\xfa\xf0\xe6\xe8\0"
  "\xef\xf0\xe8\xff\xf2\xe5\xeb\xe8\xf2\xe5\0" "\xe2\xf1\xff\xea\xee\0" "\xf7\xe0\xea\xe0\0"
  "\xf9\xe0\xf1\xf2\xeb\xe8\xe2\0" "\xed\xff\xea\xee\xff\0" "\xf1\xe8\xeb\xe0\0" "\xef\xe8\xf2\xe0\xec\0"
  "\xee\xf2\xe8\xe2\xe0\xec\xe5\0" "\xe1\xee\xeb\xed\xe8\xf6\xe0\xf2\xe0\0" "\xed\xee\xe2\xe8\xed\xe8\0"
  "\xe1\xee\xeb\xe8\0" "\xf7\xf3\xe9\0" "\xef\xee\xf1\xf2\xee\xff\xed\xed\xee\0" "\xf0\xe0\xe1\xee\xf2\xe8\xf8\0"
  "\xf1\xe0\xf0\xe0\0" "\xef\xf0\xe8\xeb\xe8\xf7\xe0\0" "\xe8\xe7\xef\xee\xeb\xe7\xe2\xe0\0" "\xf8\xe5\xf4\xe5\0"
  "\xe2\xee\xe4\xe8\0" "\xee\xe1\xe8\xea\xed\xee\xe2\xe5\xed\xee\0" "\xef\xe0\xe7\xe8\0" "\xf3\xe1\xe8\0"
  "\xed\xee\xe2\xe8\0" "\xf4\xf0\xe0\xed\xea\0" "\xee\xf5\0" "\xe2\xe0\xf8\xe8\xf2\xe5\0" "\xf1\xe0\xec\xe8\0"
  "\xed\xee\xe2\xee\0" "\xee\xf4\xe8\xf1\xe0\0" "\xee\xf1\xf2\xe0\xed\xe0\xeb\xe8\xf2\xe5\0"
  "\xe1\xe5\xe1\xe5\xf2\xee\0" "\xe5\xeb\xe0\xf2\xe5\0" "\xea\xee\xeb\xe5\xe4\xe0\0" "\xf7\xe5\xf1\xf2\0"
  "\xf1\xe8\xed\xfa\xf2\0" "\xf0\xe5\xf8\xe8\xf5\0" "\xe4\xe0\xec\xe8\0" "\xe8\xe3\xf0\xe0\xf2\xe0\0"
  "\xe7\xe0\xe4\xed\xe8\xea\0" "\xef\xf0\xe5\xf1\xf2\xe0\xed\xe8\0" "\xe8\xe4\xe2\xe0\xf2\0" "\xf1\xeb\xee\xe6\xe8\0"
  "\xe6\xe5\xed\xe0\xf2\xe0\0" "\xf0\xe0\xe7\xe1\xe5\xf0\xe5\xf8\0" "\xec\xe8\xeb\xe8\0"
  "\xec\xe8\xed\xe0\xeb\xe0\xf2\xe0\0" "\xed\xe0\xec\xe5\xf0\xe8\xf8\0" "\xea\xe0\xe6\xe5\xec\0"
  "\xe6\xe5\xed\xe8\xf2\xe5\0" "\xe2\xf0\xfa\xf9\xe0\xec\0" "\xe1\xfa\xe4\xe5\xf2\xe5\0" "\xe3\xee\xeb\xe5\xec\xe8\0"
  "\xe2\xee\xe4\xe0\xf2\xe0\0" "\xf5\xf3\xe1\xe0\xe2\xe0\0" "\xf2\xfa\xf0\xf1\xff\0" "\xe8\xe4\xe8\xee\xf2\0"
  "\xed\xe0\xef\xf0\xe0\xe2\xe8\xeb\xe0\0" "\xf3\xe4\xee\xe2\xee\xeb\xf1\xf2\xe2\xe8\xe5\0"
  "\xe2\xff\xf0\xe2\xe0\xf8\0" "\xec\xe5\xf0\xf1\xe8\0" "\xe2\xe7\xe5\xf5\0" "\xf0\xe0\xe7\xeb\xe8\xf7\xed\xe8\0"
  "\xe5\xe4\xe8\xed\xf1\xf2\xe2\xe5\xed\xe8\xff\xf2\0" "\xe8\xf1\xea\xe0\xeb\xe0\0" "\xf0\xe5\xf8\xe5\xed\xe8\xe5\0"
  "\xe2\xe0\xf8\xe0\0" "\xf4\xe8\xeb\xec\0" "\xe4\xee\xea\xf2\xee\xf0\0" "\xea\xe0\xef\xe8\xf2\xe0\xed\0"
  "\xe7\xe0\xe4\xed\xe8\xea\xe0\0" "\xe3\xeb\xe5\xe4\xe0\xf8\0" "\xe4\xe5\xe9\xe2\xe8\xe4\0"
  "\xef\xee\xeb\xe8\xf6\xe0\xe9\0" "\xea\xfa\xf9\xe8\0" "\xf2\xfa\xf0\xf1\xe8\0" "\xf1\xeb\xf3\xf8\xe0\xec\0"
  "\xec\xee\xe5\0" "\xe4\xee\xea\xf2\xee\xf0\xe5\0" "\xf0\xe0\xed\xee\0" "\xe3\xee\xe2\xee\xf0\xe8\xf2\xe5\0"
  "\xed\xe0\xf8\xe8\xff\xf2\0" "\xec\xeb\xfa\xea\xed\xe8\0" "\xeb\xe8\xef\xf1\xe2\xe0\0" "\xed\xee\xf1\xe8\0"
  "\xed\xe0\xea\xe0\xf0\xe0\0" "\xe2\xe7\xe5\xec\xe5\xf2\xe5\0" "\xee\xef\xf0\xe0\xe2\xe8\0"
  "\xe4\xf0\xf3\xe3\xee\xf2\xee\0" "\xf1\xfa\xee\xe1\xf9\xe5\xed\xe8\xe5\0" "\xe4\xe6\xee\xf0\xe4\xe6\0"
  "\xf1\xef\xf0\xe5\0" "\xf7\xf3\xe2\xf1\xf2\xe2\xe0\0" "\xe4\xe5\xf2\xe5\xea\xf2\xe8\xe2\0" "\xec\xe0\xeb\xea\xe8\0"
  "\xe6\xe8\xe2\xe5\xe5\xf8\0" "\xf1\xf2\xf0\xe0\xed\xe0\xf2\xe0\0" "\xf1\xe5\xe4\xed\xe8\0"
  "\xef\xee\xec\xee\xe3\xed\xe8\0" "\xe4\xfa\xf0\xe6\xe0\0" "\xef\xe0\xf0\xf2\xe8\0" "\xec\xe8\xeb\xe8\xee\xed\xe0\0"
  "\xf2\xf0\xfa\xe3\xe2\xe0\xe9\0" "\xf1\xe2\xee\xff\0" "\xef\xee\xec\xe8\xf1\xeb\xe8\0" "\xee\xef\xf0\xe0\xe2\xff\0"
  "\xea\xe0\xe7\xe0\xeb\xe0\0" "\xe0\xe4\xe2\xee\xea\xe0\xf2\0" "\xe2\xe8\xe4\xff\xeb\0" "\xec\xe0\xf5\xed\xe8\0"
  "\xea\xf0\xe0\xea\xe0\xf2\xe0\0" "\xf5\xe5\xed\xf0\xe8\0" "\xea\xee\xf0\xe0\xe1\0" "\xee\xf2\xe8\xe2\xe0\0"
  "\xf3\xe1\xe8\xe5\xf6\0" "\xea\xf3\xf7\xe5\0" "\xee\xf1\xf2\xe0\xe2\xe0\0" "\xef\xfa\xf0\xe2\xe8\xff\0"
  "\xec\xee\xe3\xfa\xeb\0" "\xe4\xe5\xf1\xe5\xf2\0" "\xe2\xe8\xe4\xe8\xf2\xe5\0"
  "\xf3\xe1\xe8\xe9\xf1\xf2\xe2\xee\xf2\xee\0" "\xe3\xee\xf2\xee\xe2\xee\0" "\xea\xee\xef\xe5\xeb\xe5\0"
  "\xef\xee\xec\xee\xe3\xed\xe5\xf2\xe5\0" "\xf1\xed\xe8\xec\xea\xe8\0" "\xef\xee\xff\xe2\xe8\0"
  "\xf7\xf3\xe2\xe0\xf8\0" "\xe2\xee\xe9\xed\xe0\xf2\xe0\0" "\xef\xf0\xee\xe1\xeb\xe5\xec\xfa\xf2\0"
  "\xec\xe0\xe9\xed\xe0\xf2\xe0\0" "\xee\xe1\xe0\xf7\xe5\0" "\xe4\xfa\xf0\xe6\xe8\xf8\0" "\xe1\xe8\xf5\xf2\xe5\0"
  "\xec\xe0\xf5\xe0\xe9\0" "\xe1\xff\xf5\xf2\xe5\0" "\xef\xee\xe4\xee\xe1\xed\xee\0"
  "\xee\xf2\xe3\xee\xe2\xee\xf0\xe8\0" "\xe4\xe0\xe2\xe0\0" "\xed\xe0\xef\xf0\xe8\xec\xe5\xf0\0" "\xec\xe8\xeb\xe0\0"
  "\xf5\xee\xe4\xff\0" "\xe1\xe5\xed\0" "\xf3\xe4\xe0\xf0\xe8\0" "\xe3\xeb\xf3\xef\xe0\xea\0"
  "\xea\xf0\xfa\xe2\xf2\xe0\0" "\xf7\xf0\xe5\xe7\0" "\xe1\xe0\xe1\xe0\0" "\xf1\xe5\xea\xf3\xed\xe4\xe0\0"
  "\xef\xee\xf1\xeb\xe5\xe4\xed\xe0\xf2\xe0\0" "\xec\xe5\xf1\xf2\xe0\0" "\xe8\xed\xf2\xe5\xf0\xe5\xf1\xed\xee\0"
  "\xe3\xf0\xf3\xef\xe0\0" "\xee\xf1\xf2\xe0\xe2\xe5\xf2\xe5\0" "\xe4\xe0\xed\xe8\0" "\xeb\xee\xf8\0"
  "\xf1\xf2\xe0\xf0\0" "\xe7\xe0\xe2\xe8\xed\xe0\xe3\xe8\0" "\xef\xfa\xf0\xe2\xe8\xff\xf2\0" "\xe8\xe4\xe2\xe0\xf8\0"
  "\xed\xe0\xf8\xe5\xf2\xee\0" "\xe4\xe6\xe5\xe9\0" "\xf3\xf1\xf2\xe0\xf2\xe0\0" "\xf1\xed\xe8\xec\xea\xe0\0"
  "\xee\xef\xe8\xf2\xe2\xe0\0" "\xea\xee\xec\xef\xe0\xed\xe8\xff\0" "\xf7\xe0\xea\xe0\xe9\xf2\xe5\0"
  "\xe1\xe5\xe1\xe5\0" "\xe4\xe0\xed\xee\0" "\xed\xe0\xf7\xe0\xeb\xee\xf2\xee\0"
  "\xe0\xe1\xf1\xee\xeb\xfe\xf2\xed\xee\0" "\xeb\xe8\xf6\xe5\0" "\xf1\xec\xe5\xf8\xed\xee\0"
  "\xec\xe8\xf1\xeb\xff\xf2\0" "\xf1\xef\xf0\xe0\xe2\xff\0" "\xee\xf1\xf2\xe0\xed\xe5\xf8\0" "\xef\xe8\xf2\xfa\xf0\0"
  "\xe0\xec\xe5\xf0\xe8\xea\xe0\0" "\xe4\xe0\xe9\xf2\xe5\0" "\xec\xfa\xf0\xf2\xe2\xe0\0"
  "\xe2\xe8\xed\xee\xe2\xe5\xed\0" "\xe2\xe8\xe6\xe4\xe0\0" "\xe4\xe6\xe5\xe9\xec\xf1\0" "\xec\xe8\xed\xf3\xf2\xe0\0"
  "\xe4\xf3\xf8\xe8\0" "\xeb\xfa\xe6\xe0\0" "\xf1\xe5\xea\xf3\xed\xe4\xe8\0"
  "\xf1\xeb\xe5\xe4\xe2\xe0\xf9\xe0\xf2\xe0\0" "\xea\xee\xed\xf2\xf0\xee\xeb\0" "\xf2\xe0\xe9\xed\xe0\0"
  "\xe8\xe7\xef\xf0\xe0\xf2\xe8\0" "\xe2\xed\xe8\xec\xe0\xf2\xe5\xeb\xed\xee\0" "\xe2\xe8\xe6\xe4\xe0\xf2\xe5\0"
  "\xec\xe0\xea\xf1\0" "\xe2\xe8\xed\xe0\xf2\xe0\0" "\xee\xef\xe8\xf2\xe0\xf5\0" "\xee\xf0\xfa\xe6\xe8\xe5\xf2\xee\0"
  "\xed\xee\xec\xe5\xf0\xe0\0" "\xed\xe0\xea\xf0\xe0\xff\0" "\xef\xf0\xe8\xf2\xe5\xf1\xed\xff\xe2\xe0\xe9\0"
  "\xed\xe5\xe3\xee\xe2\xe0\xf2\xe0\0" "\xe5\xe4\xe8\xed\xf1\xf2\xe2\xe5\xed\xee\xf2\xee\0" "\xee\xef\xe8\xf2\0"
  "\xef\xee\xe4\xe0\xf0\xfa\xea\0" "\xf7\xf3\xff\0" "\xef\xf0\xee\xe1\xeb\xe5\xec\xe0\0" "\xe2\xeb\xe5\xe7\xe5\0"
  "\xf5\xeb\xe0\xef\xe5\0" "\xe7\xe0\xef\xee\xe2\xe5\xe4\0" "\xf1\xe8\xf1\xf2\xe5\xec\xe0\0"
  "\xef\xee\xf7\xe8\xe2\xea\xe0\0" "\xf1\xeb\xe5\xe4\xe8\0" "\xf7\xe0\xea\0"
  "\xed\xe5\xe2\xfa\xe7\xec\xee\xe6\xed\xee\0" "\xf2\xee\xff\0" "\xf9\xe0\xf1\xf2\xeb\xe8\xe2\xe0\0"
  "\xee\xef\xe8\xf2\xe0\xe9\0" "\xef\xee\xf1\xeb\xe5\xe4\xed\xe8\xff\0" "\xf7\xf3\xe2\xe0\xec\0" "\xf3\xec\xf0\xe0\0"
  "\xf4\xe1\xf0\0" "\xed\xff\xec\xe0\xf5\0" "\xed\xee\xf1\xff\0" "\xf1\xf0\xe5\xe4\0"
  "\xe1\xfa\xe4\xe5\xf9\xe5\xf2\xee\0" "\xf3\xe1\xe8\xe5\xf8\0" "\xec\xe5\xf0\xe8\0" "\xef\xee\xec\xee\xf9\xf2\xe0\0"
  "\xf2\xe8\xf5\xee\0" "\xea\xf0\xe0\xea\xe0\0" "\xf1\xfa\xf1\xf2\xee\xff\xed\xe8\xe5\0"
  "\xec\xee\xec\xf7\xe5\xf2\xe0\xf2\xe0\0" "\xe2\xe8\xe6\xe4\xe0\xeb\xe0\0" "\xf5\xe0\xf0\xe5\xf1\xe2\xe0\xf8\0"
  "\xf3\xf1\xef\xe5\xf5\0" "\xed\xe0\xf3\xf7\xe8\0" "\xeb\xe5\xea\xe0\xf0\0" "\xe8\xe4\xe5\xff\xf2\xe0\0"
  "\xee\xef\xe8\xf2\xe0\xec\0" "\xf1\xf3\xe1\xf2\xe8\xf2\xf0\xe8\0" "\xe1\xe5\xe7\xee\xef\xe0\xf1\xed\xee\xf1\xf2\0"
  "\xec\xf3\xe7\xe8\xea\xe0\0" "\xf3\xf1\xeb\xf3\xe3\xe0\0" "\xec\xe8\xeb\xee\0" "\xf1\xec\xff\xf2\xe0\xec\0"
  "\xea\xed\xe8\xe3\xe0\0" "\xf1\xfa\xf0\xf6\xe5\0" "\xf1\xe4\xe5\xeb\xea\xe0\0" "\xf0\xe5\xf8\xe8\0"
  "\xe7\xe0\xef\xee\xf7\xed\xe5\xec\0" "\xea\xee\xf0\xe0\xe1\xe0\0" "\xef\xf0\xe5\xe4\xf1\xf2\xe0\xe2\xff\0"
  "\xe1\xf0\xe0\xf2\xea\xee\0" "\xee\xf2\xea\xf0\xe8\xf5\0" "\xe3\xee\xf1\xef\xee\xe4\0" "\xf7\xf3\xe2\xe0\xeb\0"
  "\xed\xe8\xea\xe0\xea\xfa\xe2\0" "\xef\xee\xeb\0" "\xed\xe8\xec\xe0\0" "\xe8\xe7\0"
  "\xf1\xe2\xe0\xf2\xe1\xe0\xf2\xe0\0" "\xe4\xe0\xe4\xe5\xf8\0" "\xec\xe8\xed\xe0\xeb\xee\xf2\xee\0"
  "\xef\xfa\xeb\xed\xe0\0" "\xef\xf0\xee\xe4\xfa\xeb\xe6\xe0\xe2\xe0\xe9\0" "\xf1\xef\xf0\xe0\0"
  "\xf1\xef\xee\xec\xed\xff\xec\0" "\xea\xfa\xeb\xed\xe0\0" "\xe5\xea\xe8\xef\0" "\xef\xee\xf1\xeb\xe5\xe4\xed\xee\0"
  "\xe8\xe7\xed\xe5\xed\xe0\xe4\xe0\0" "\xe8\xe7\xe2\xe5\xf1\xf2\xed\xee\0" "\xf3\xe1\xe8\xff\xf2\0"
  "\xf5\xee\xe4\xe8\0" "\xf1\xfa\xe1\xf3\xe4\xe8\0" "\xf1\xe8\xeb\xed\xee\0" "\xed\xe0\xef\xf0\xe0\xe2\xe8\xf2\xe5\0"
  "\xef\xfa\xeb\xe5\xed\0" "\xef\xee\xe7\xe4\xf0\xe0\xe2\xeb\xe5\xed\xe8\xff\0"
  "\xf1\xf2\xf0\xe0\xf5\xee\xf2\xed\xe0\0" "\xee\xf2\xe2\xfa\xed\0" "\xf3\xec\xf0\xff\0" "\xf1\xe8\xed\xea\xee\0"
  "\xe3\xfa\xf0\xe1\xe0\0" "\xe0\xeb\xe5\xea\xf1\0" "\xef\xf0\xe8\xf7\xe8\xed\xe0\xf2\xe0\0" "\xf3\xe4\xe0\xf0\0"
  "\xee\xf2\xed\xee\xf1\xed\xee\0" "\xe3\xee\xe2\xee\xf0\xff\xf2\0" "\xee\xf2\xe7\xe0\xe4\0" "\xea\xe0\xf0\xf2\xe0\0"
  "\xeb\xe5\xe9\xf2\xe5\xed\xe0\xed\xf2\0" "\xe3\xf0\xe8\xe6\xe8\0" "\xef\xf0\xe0\xe2\xe8\xeb\xe0\0"
  "\xe8\xe7\xe1\xff\xe3\xe0\0" "\xec\xfa\xf0\xf2\xe2\xe8\0" "\xe2\xe7\xe5\xeb\0" "\xed\xee\xf0\xec\xe0\xeb\xed\xee\0"
  "\xef\xfa\xf0\xe2\xe0\0" "\xf1\xfa\xe3\xeb\xe0\xf1\xe5\xed\0" "\xf2\xe2\xee\xe5\0" "\xf3\xeb\xe8\xf6\xe0\xf2\xe0\0"
  "\xec\xe8\xf0\xe0\0" "\xf1\xe5\xe4\xe5\xec\0" "\xef\xee\xe7\xe2\xee\xeb\xff\0" "\xef\xee\xeb\xe8\xf6\xe8\xff\0"
  "\xef\xf0\xfa\xe2\0" "\xec\xfa\xe6\xe5\xf2\xe5\0" "\xf6\xe5\xeb\xe8\xff\xf2\0" "\xef\xee\xea\xe0\xe6\xe8\0"
  "\xf2\xee\xea\xf3\0" "\xf5\xe2\xe0\xed\xe0\0" "\xef\xee\xeb\xf3\xf7\xe8\xf5\0" "\xea\xed\xe8\xe3\xe0\xf2\xe0\0"
  "\xf1\xef\xf0\xe5\xf8\0" "\xe3\xeb\xe5\xe4\xe0\0" "\xef\xf0\xe8\xea\xeb\xfe\xf7\xe8\0" "\xed\xe8\xea\0"
  "\xf8\xe5\xe3\xf3\xe2\xe0\xf8\0" "\xf1\xfa\xf9\xe0\xf2\xe0\0" "\xe7\xe0\xef\xee\xf7\xe2\xe0\xec\xe5\0"
  "\xed\xe8\xea\xfa\xe4\xe5\0" "\xe4\xe6\xe8\xec\xe8\0" "\xed\xff\xec\xe0\xf2\xe5\0" "\xea\xe0\xe7\xe2\xe0\xf8\xe5\0"
  "\xe7\xe0\xe2\xe8\xf1\xe8\0" "\xef\xf3\xf1\xed\xe5\xf2\xe5\0" "\xec\xee\xec\xe8\xf7\xe5\xf2\xe0\xf2\xe0\0"
  "\xe5\xe4\xe8\xed\xf1\xf2\xe2\xe5\xed\xe0\xf2\xe0\0" "\xea\xe0\xe7\xe0\xf5\xf2\xe5\0" "\xed\xff\xec\xe0\xf2\0"
  "\xf2\xe5\xeb\xe5\xf4\xee\xed\0" "\xf0\xe0\xe7\xe1\xe8\xf0\xe0\xf2\xe5\0" "\xe1\xe8\xf0\xe0\0"
  "\xef\xe5\xf1\xe5\xed\0" "\xe3\xeb\xf3\xef\xe0\xe2\xee\0" "\xf1\xf0\xe5\xf9\xed\xe5\xec\0" "\xe2\xfa\xf0\xe2\xff\0"
  "\xe4\xe6\xe5\xe9\xed\0" "\xf1\xef\xe8\0" "\xf5\xe0\xf0\xe8\0" "\xe8\xec\xe0\xf5\xec\xe5\0"
  "\xef\xf0\xe0\xe2\xe8\xeb\0" "\xef\xee\xef\xe8\xf2\xe0\xec\0" "\xee\xea\xe5\xe9\0" "\xee\xe1\xff\xe4\0"
  "\xf0\xe0\xe7\xea\xe0\xf0\xe0\xe9\0" "\xf7\xe8\xf1\xf2\xee\0" "\xf2\xfa\xf0\xf1\xe8\xec\0"
  "\xef\xee\xeb\xee\xe2\xe8\xed\0" "\xf0\xe0\xe7\xeb\xe8\xf7\xed\xee\0" "\xe2\xeb\xe8\xe7\xe0\xe9\0"
  "\xf1\xec\xe5\xf2\xea\xe0\0" "\xf5\xee\xe4\xe8\xf8\0" "\xe6\xe0\xeb\xea\xee\0"
  "\xef\xf0\xe5\xe7\xe8\xe4\xe5\xed\xf2\0" "\xf2\xee\xed\xe8\0" "\xf1\xef\xf0\xe5\xec\0"
  "\xef\xf0\xe8\xff\xf2\xe5\xeb\xfe\0" "\xe4\xf0\xe5\xf5\xe8\0" "\xec\xfa\xf0\xe4\xe0\xe9\0"
  "\xef\xee\xec\xe0\xe3\xe0\0" "\xf3\xf1\xef\xff\0" "\xe1\xe8\xf5\xe0\0" "\xf2\xe0\xff\0"
  "\xe8\xf1\xf2\xe8\xed\xf1\xea\xe0\0" "\xef\xee\xe7\xe2\xee\xeb\xe8\0" "\xf1\xf2\xf0\xe0\xf5\xee\xf2\xe5\xed\0"
  "\xee\xf2\xed\xe5\xec\xe5\0" "\xee\xe3\xfa\xed\0" "\xf5\xf3\xe1\xe0\xe2\0" "\xed\xff\xea\xe0\xea\xe2\xee\0"
  "\xef\xf0\xe8\xe5\xec\xe0\0" "\xf1\xf2\xe0\xe2\xe0\xe9\0" "\xf2\xfa\xf0\xf1\xe8\xf8\0" "\xea\xe0\xf0\xe0\xf8\0"
  "\xe3\xeb\xe0\xe2\xe0\0" "\xef\xf0\xe8\xff\xf2\xe5\xeb\xea\xe0\xf2\xe0\0" "\xf3\xe1\xe8\xf2\0"
  "\xe2\xf0\xfa\xe7\xea\xe0\xf2\xe0\0" "\xe3\xee\xe2\xee\xf0\xe8\xf5\0" "\xf6\xe5\xeb\xf2\xe0\0"
  "\xe4\xee\xea\xe0\xe7\xe0\xf2\xe5\xeb\xf1\xf2\xe2\xe0\0" "\xe8\xe7\xeb\xe8\xe7\xe0\0"
  "\xed\xe0\xef\xf0\xe0\xe2\xe8\xeb\xe8\0" "\xeb\xee\xf8\xe8\0" "\xe7\xe0\xf2\xe2\xee\xf0\xe8\0"
  "\xed\xe0\xef\xf3\xf1\xed\xe0\0" "\xf8\xee\xf3\0" "\xec\xfa\xe6\xfa\xf2\0" "\xf1\xfa\xef\xf0\xf3\xe3\0"
  "\xe1\xee\xe1\0" "\xed\xf3\xe6\xe4\xe0\xe5\0" "\xf1\xec\xff\xf2\xe0\xf8\0" "\xed\xe0\xef\xf0\xe0\xe2\xff\xf2\0"
  "\xe8\xe3\xf0\xe0\xe5\0" "\xed\xe0\xec\xe8\xf0\xe0\0" "\xf3\xec\xf0\xe5\xf8\0" "\xe7\xe5\xec\xff\0"
  "\xe2\xe0\xf8\xe8\xff\0" "\xed\xe0\xef\xf0\xee\xf2\xe8\xe2\0" "\xe4\xf3\xec\xe0\xf2\xe0\0"
  "\xef\xf0\xee\xf1\xf2\xe8\0" "\xf1\xf0\xe5\xf9\xe0\xf2\xe0\0" "\xed\xe0\xf7\xe0\xeb\xee\0" "\xf2\xff\xeb\xee\0"
  "\xf1\xe8\xeb\xe0\xf2\xe0\0" "\xe2\xe0\xf8\xe5\xf2\xee\0" "\xf1\xeb\xe0\xe2\xe0\0" "\xe2\xfa\xee\xe1\xf9\xe5\0"
  "\xe4\xe0\xe4\xee\xf5\0" "\xe4\xe0\xe2\xe0\xec\0" "\xef\xf0\xee\xe4\xfa\xeb\xe6\xe8\0" "\xf0\xe5\xe9\0"
  "\xe2\xe5\xeb\xe8\xf7\xe5\xf1\xf2\xe2\xee\0" "\xe4\xf0\xf3\xe3\xe8\xff\0" "\xef\xfa\xf0\xe2\xee\xf2\xee\0"
  "\xe7\xe0\xe1\xf0\xe0\xe2\xe8\xf5\0" "\xef\xf0\xee\xec\xe5\xed\xff\0" "\xee\xef\xe0\xf1\xed\xee\xf1\xf2\0"
  "\xea\xf3\xf7\xea\xe0\0" "\xe6\xe8\xe2\xe0\0" "\xea\xe0\xe7\xe0\xed\xee\0" "\xed\xe0\xe4\xee\xeb\xf3\0"
  "\xee\xf1\xf2\xe0\xe2\xe8\xf8\0" "\xe7\xe0\xef\xee\xe2\xff\xe4\xe0\xe9\0" "\xf1\xfa\xf9\xe8\xff\0"
  "\xf2\xee\xf7\xea\xe0\0" "\xf7\xe0\xe9\0" "\xed\xe0\xeb\xee\xe6\xe8\0" "\xf0\xe0\xe7\xe3\xee\xe2\xee\xf0\0"
  "\xf0\xe0\xe1\xee\xf2\xe8\xec\0" "\xee\xe1\xff\xf1\xed\xff\0" "\xed\xee\xf1\xe8\xf8\0" "\xf1\xfa\xe4\xe0\0"
  "\xe2\xfa\xf0\xed\xe5\xf2\xe5\0" "\xef\xee\xe1\xfa\xf0\xe7\xe0\xe9\0" "\xe7\xe0\xe5\xf2\0"
  "\xec\xe8\xf1\xf2\xfa\xf0\0" "\xec\xee\xe6\xe0\xf5\0" "\xe5\xf0\xe8\xea\0"
  "\xef\xee\xf1\xeb\xe5\xe4\xed\xe8\xff\xf2\0" "\xe2\xf2\xee\xf0\xe8\0" "\xf1\xf2\xee\xe8\0" "\xec\xe0\xe9\xea\xee\0"
  "\xef\xe8\xf1\xf2\xee\xeb\xe5\xf2\0" "\xec\xe0\xe3\xe0\xe7\xe8\xed\xe0\0" "\xf1\xef\xe5\xf7\xe5\xeb\xe8\0"
  "\xe3\xe5\xf0\xee\xe9\0" "\xee\xf2\xe3\xee\xe2\xee\xf0\0" "\xef\xee\xe3\xeb\xe5\xe4\xed\xe0\0"
  "\xed\xe8\xea\xe0\xea\xe2\xe0\0" "\xe6\xe5\xf0\xf2\xe2\xe0\xf2\xe0\0" "\xf1\xe8\xeb\xe8\0" "\xec\xe0\xe4\xe0\xec\0"
  "\xef\xee\xe3\xf0\xe8\xe6\xe0\0" "\xee\xf2\xea\xf0\xe8\xe5\xec\0" "\xea\xf3\xef\xe8\0" "\xf1\xfa\xed\0"
  "\xf1\xfa\xef\xf0\xf3\xe3\xfa\xf2\0" "\xf1\xe5\xf0\xe6\xe0\xed\xf2\0" "\xef\xee\xeb\xee\xe2\xe8\xed\xe0\xf2\xe0\0"
  "\xf6\xe5\xeb\0" "\xe1\xee\xeb\xed\xe8\xf6\xe0\0" "\xec\xe0\xe9\xea\xe0\xf2\xe0\0" "\xef\xf0\xee\xe2\xe5\xf0\xff\0"
  "\xf7\xe0\xea\xe0\xec\xe5\0" "\xea\xf0\xe0\xf1\xe8\xe2\xee\0" "\xed\xe0\xe9\0" "\xef\xee\xe2\xff\xf0\xe2\xe0\xe9\0"
  "\xe2\xe0\xf8\xe8\xff\xf2\0" "\xef\xf3\xf1\xed\xe0\0" "\xf7\xf3\xe2\xf1\xf2\xe2\xee\xf2\xee\0"
  "\xea\xee\xec\xef\xe0\xed\xe8\xff\xf2\xe0\0" "\xea\xf0\xe0\xeb\0" "\xef\xf0\xe8\xf7\xe8\xed\xe8\0"
  "\xe5\xf1\xf2\xe5\xf1\xf2\xe2\xe5\xed\xee\0" "\xee\xef\xe8\xf2\xe2\xe0\xf8\0" "\xf1\xe2\xe5\xf2\xeb\xe8\xed\xe0\0"
  "\xe8\xec\xe0\xeb\xe8\0" "\xe4\xee\xe2\xe5\xe4\xe5\0" "\xeb\xe8\xed\xe8\xff\0" "\xed\xe0\xf0\xe8\xf7\xe0\0"
  "\xea\xee\xf1\xe0\xf2\xe0\0" "\xe4\xf3\xec\xe8\xf2\xe5\0" "\xee\xf1\xe5\xec\0" "\xef\xee\xeb\xf3\xf7\xe0\0"
  "\xeb\xe5\xea\xee\0" "\xe8\xec\xe0\xeb\xe0\0" "\xeb\xee\xf8\xe0\0" "\xf1\xe2\xe0\xeb\xe8\0"
  "\xe1\xe0\xf9\xe0\xf2\xe0\0" "\xe2\xe8\xed\xee\0" "\xea\xe0\xe7\xe2\xe0\xf2\xe5\0" "\xe4\xee\xe9\xe4\xe0\xf2\0"
  "\xe8\xe7\xe2\xe5\xe4\xed\xfa\xe6\0" "\xef\xf0\xee\xe2\xe5\xf0\xe8\0" "\xef\xee\xeb\xf3\xf7\xe8\xf8\0"
  "\xe5\xef\xe8\xe7\xee\xe4\0" "\xee\xf0\xfa\xe6\xe8\xff\0" "\xf1\xef\xff\0" "\xe4\xee\xf8\xeb\xe0\0"
  "\xeb\xee\xed\xe4\xee\xed\0" "\xee\xf2\xe8\xe2\xe0\xe9\0" "\xec\xe0\xf0\xea\0" "\xf2\xee\xec\xe8\0"
  "\xee\xf1\xf2\xe0\xe2\xe8\xec\0" "\xf0\xe0\xe1\xee\xf2\xff\xf2\0" "\xe6\xe8\xe2\xe5\xe5\xec\0"
  "\xe8\xe7\xef\xee\xeb\xe7\xe2\xe0\xec\0" "\xec\xfa\xe6\xe0\0"
  "\xe4\xee\xea\xe0\xe7\xe0\xf2\xe5\xeb\xf1\xf2\xe2\xee\0" "\xf1\xeb\xfa\xed\xf6\xe5\xf2\xee\0"
  "\xec\xeb\xfa\xea\xe2\xe0\xe9\0" "\xe4\xe6\xe5\xe9\xea\0" "\xe1\xff\xe3\xe0\xe9\0" "\xeb\xf3\xe4\xe0\0"
  "\xf0\xe8\xf7\xe0\xf0\xe4\0" "\xee\xef\xe0\xf1\xed\xee\0" "\xea\xf3\xf7\xe8\0" "\xe5\xe4\xe8\0" "\xec\xe8\xf1\0"
  "\xf1\xeb\xe5\xe4\xe2\xe0\xf9\xe8\xff\xf2\0" "\xed\xee\xe2\xe0\xf2\xe0\0" "\xec\xee\xe7\xfa\xea\xe0\0"
  "\xed\xe5\xee\xe1\xf5\xee\xe4\xe8\xec\xee\0" "\xef\xee\xf1\xeb\xe5\xe4\xed\xee\xf2\xee\0" "\xf8\xee\xed\0"
  "\xe6\xe5\xf0\xf2\xe2\xe0\0" "\xe8\xe3\xf0\xe0\xe5\xf8\0" "\xf1\xef\xe8\xf8\0"
  "\xed\xe0\xec\xe5\xf0\xe8\xf5\xec\xe5\0" "\xef\xf0\xee\xe4\xfa\xeb\xe6\xe0\xe2\xe0\0" "\xf0\xee\xe6\xe4\xe5\xed\0"
  "\xf1\xfa\xe2\xe5\xf2\0" "\xef\xee\xe7\xed\xe0\xe2\xe0\xf2\xe5\0" "\xec\xe0\xf1\xe0\xf2\xe0\0" "\xf7\xf3\xe4\xff\0"
  "\xe2\xe8\xe6\xe4\xe0\xeb\xe8\0" "\xf1\xf0\xe5\xf9\xed\xe0\0" "\xf7\xe5\xed\xe3\xe5\0" "\xef\xeb\xe0\xf2\xe8\0"
  "\xe0\xef\xe0\xf0\xf2\xe0\xec\xe5\xed\xf2\xe0\0" "\xe8\xe7\xf7\xe5\xe7\xed\xe0\0" "\xf1\xf2\xe0\xed\xe5\xf8\0"
  "\xe1\xee\xea\xeb\xf3\xea\0" "\xf1\xe5\xea\xf1\xe8\0" "\xfa\xec\0" "\xf1\xe5\xe4\xed\xe5\xf2\xe5\0"
  "\xf1\xeb\xf3\xf7\xe0\xe9\xed\xee\0" "\xed\xe0\xef\xee\xf1\xeb\xe5\xe4\xfa\xea\0" "\xee\xf1\xf2\xe0\xed\xe8\0"
  "\xf0\xe8\xe1\xe0\0" "\xef\xe8\xf1\xec\xee\0" "\xe7\xe0\xef\xee\xe2\xff\xe4\xe0\xe9\xf2\xe5\0"
  "\xef\xee\xe3\xeb\xe5\xe4\xed\xe5\xf2\xe5\0" "\xe1\xee\xff\0" "\xf2\xfa\xf0\xf1\xff\xf2\0" "\xf2\xe8\xff\0"
  "\xe2\xe8\xe4\xff\xf2\0" "\xee\xef\xe5\xf0\xe0\xf6\xe8\xff\0" "\xe0\xf5\0" "\xf3\xe0\xf3\0"
  "\xef\xee\xec\xee\xeb\xe8\0" "\xee\xf2\xe8\xe4\xe8\0" "\xed\xff\xea\xe0\xea\0"
  "\xef\xe8\xf1\xf2\xee\xeb\xe5\xf2\xe0\0" "\xe4\xf3\xf8\xe0\xf2\xe0\0" "\xec\xee\xe6\xe0\0"
  "\xe7\xe2\xe5\xe7\xe4\xe0\0" "\xe4\xee\xed\xe5\xf1\xe0\0" "\xf2\xee\xe0\xeb\xe5\xf2\xed\xe0\xf2\xe0\0"
  "\xe1\xee\xeb\xea\xe0\0" "\xef\xe0\xf0\xe8\xe6\0" "\xef\xf0\xee\xe4\xfa\xeb\xe6\xe8\xec\0"
  "\xef\xf0\xe0\xe2\xe8\xeb\xe0\xf2\xe0\0" "\xe4\xe6\xee\xed\xe8\0" "\xf1\xe2\xee\xe1\xee\xe4\xe5\xed\0"
  "\xe4\xe0\xeb\0" "\xef\xe8\xf2\xe0\xf8\0" "\xe1\xee\xe1\xe8\0" "\xed\xe0\xf7\xe8\xed\xe0\0"
  "\xf1\xf2\xf0\xe0\xf5\xf3\xe2\xe0\xec\0" "\xf5\xec\0" "\xef\xe0\xf0\xf2\xe8\xf2\xee\0"
  "\xe7\xe0\xef\xee\xf7\xed\xe5\0" "\xe6\xe8\xe2\xe5\xff\xf2\0" "\xf1\xf2\xe0\xf0\xe0\0" "\xe4\xf3\xef\xea\xe0\0"
  "\xe4\xe6\xe8\xec\0" "\xf8\xe5\xe3\xe0\0" "\xed\xf3\xe6\xe4\xe0\xff\0" "\xe7\xe0\xe4\xf0\xfa\xe6\0"
  "\xe8\xec\xe5\xed\xed\xee\0" "\xea\xf0\xe8\xf1\0" "\xf1\xf2\xf0\xe0\xf8\xed\xee\0" "\xe7\xe0\xe3\xf3\xe1\xe8\0"
  "\xf2\xe5\xf5\xed\xe8\xf2\xe5\0" "\xed\xe5\xe1\xe5\xf2\xee\0" "\xf5\xf0\xe0\xed\xe0\xf2\xe0\0"
  "\xe4\xee\xf1\xf2\xfa\xef\0" "\xee\xf7\xe0\xea\xe2\xe0\0" "\xf1\xfa\xe4\xe1\xe0\xf2\xe0\0"
  "\xe8\xe7\xe3\xeb\xe5\xe6\xe4\xe0\xf8\xe5\0" "\xf3\xf7\xe8\xeb\xe8\xf9\xe5\xf2\xee\0" "\xe0\xe4\xe0\0"
  "\xec\xe0\xf5\xe0\xec\xe5\0" "\xe7\xe0\xe1\xf0\xe0\xe2\xff\0" "\xef\xf0\xe5\xea\xf0\xe0\xf1\xed\xe0\0"
  "\xe4\xee\xed\xe5\xf1\xe5\0" "\xf5\xee\xf2\xe5\xeb\0" "\xe0\xf0\xec\xe8\xff\xf2\xe0\0"
  "\xf1\xe3\xf0\xe0\xe4\xe0\xf2\xe0\0" "\xee\xf2\xeb\xe8\xf7\xed\xee\0" "\xea\xf3\xf7\xe5\xf2\xee\0"
  "\xea\xe5\xe9\xf2\0" "\xe7\xe0\xf1\xe5\xe3\xe0\0" "\xe1\xe0\xe2\xed\xee\0" "\xe3\xe5\xe9\0" "\xe7\xed\xe0\xe5\xeb\0"
  "\xf1\xe2\xe5\xf2\xfa\xf2\0" "\xf8\xe5\xf4\xe0\0" "\xee\xf2\xe1\xee\xf0\0" "\xec\xee\xe8\0"
  "\xf1\xf0\xe5\xe4\xe0\xf2\xe0\0" "\xf1\xe5\xe7\xee\xed\0" "\xe1\xee\xeb\xe5\xed\0" "\xed\xe0\xf2\xe0\xf2\xfa\xea\0"
  "\xe1\xee\xe9\0" "\xe1\xf0\xe5\xec\xe5\xed\xed\xe0\0" "\xf1\xfa\xe6\xe0\xeb\xe5\xed\xe8\xe5\0"
  "\xef\xee\xeb\xea\xee\xe2\xed\xe8\xea\0" "\xe5\xf5\xee\0" "\xe4\xfa\xeb\xe1\xee\xea\xee\0"
  "\xf1\xfa\xf9\xe5\xf1\xf2\xe2\xf3\xe2\xe0\0" "\xf1\xe8\xeb\xe5\xed\0" "\xe2\xfa\xed\0" "\xee\xf3\0"
  "\xe3\xe0\xe4\xe6\xe5\0" "\xe2\xe5\xf7\xe5\xf0\xf2\xe0\0" "\xec\xee\xeb\xe8\0" "\xe0\xe4\xe0\xec\0"
  "\xf3\xec\xe8\xf0\xe0\0" "\xef\xee\xeb\xf3\xf7\xe0\xe2\xe0\0" "\xee\xf2\xe8\xe4\xee\xf5\0"
  "\xe7\xe0\xf1\xeb\xf3\xe6\xe0\xe2\xe0\0" "\xf1\xef\xe8\xf1\xfa\xea\xe0\0" "\xe2\xfa\xf0\xe2\xe5\xf2\xe5\0"
  "\xef\xee\xea\xe0\xe7\xe2\xe0\0" "\xe8\xe3\xf0\xe0\xff\0" "\xeb\xe5\xeb\xff\0" "\xec\xe8\xf1\xeb\xe5\xf8\xe5\0"
  "\xe3\xeb\xf3\xef\xe0\xe2\0" "\xf1\xe2\xee\xe8\xf2\xe5\0" "\xe8\xe7\xe2\xe8\xed\xe8\0"
  "\xef\xf0\xee\xe7\xee\xf0\xe5\xf6\xe0\0" "\xf1\xfa\xef\xf0\xf3\xe3\xe0\xf2\xe0\0" "\xeb\xf3\xe4\xee\xf1\xf2\0"
  "\xef\xf0\xe5\xe4\xef\xee\xf7\xe8\xf2\xe0\xec\0" "\xed\xe5\xe3\xee\xe2\xe8\xf2\xe5\0" "\xe4\xe0\xed\xed\xe8\0"
  "\xe5\xf2\xe0\xe6\0" "\xef\xee\xf1\xeb\xe5\xe4\xe5\xed\0" "\xf1\xf2\xe8\xe3\xed\xe5\xec\0" "\xf1\xe0\xf9\0"
  "\xe8\xe4\xe8\0" "\xea\xeb\xf3\xe1\0" "\xe2\xff\xf0\xe2\xe0\0" "\xf3\xe8\xeb\0" "\xea\xe0\xf0\xe0\xec\0"
  "\xf3\xf1\xef\xff\xf5\0" "\xe3\xeb\xe0\xf1\0" "\xf7\xe0\xf8\xe0\0" "\xee\xf2\xea\xf0\xe8\xff\0" "\xec\xe8\xf0\0"
  "\xef\xee\xec\xee\xe3\xed\xe5\xec\0" "\xed\xe0\xef\xf0\xe0\xe2\xe8\xf5\xec\xe5\0" "\xee\xef\xe8\xf2\xe0\xec\xe5\0"
  "\xe7\xe0\xea\xee\xed\xe0\0" "\xf0\xe0\xe7\xe1\xf0\xe0\xed\xee\0" "\xea\xf3\xf5\xed\xff\xf2\xe0\0"
  "\xef\xee\xe3\xeb\xe5\xe4\0" "\xf5\xe2\xfa\xf0\xeb\xe8\0" "\xf1\xe8\xf1\xf2\xe5\xec\xe0\xf2\xe0\0"
  "\xef\xf0\xe0\xe2\xe8\xf2\xe5\xeb\xf1\xf2\xe2\xee\xf2\xee\0" "\xec\xeb\xe0\xe4\0" "\xef\xee\xf7\xe8\xed\xe0\0"
  "\xe4\xf0\xe5\xf5\xe8\xf2\xe5\0" "\xe3\xee\xf0\xe0\xf2\xe0\0" "\xea\xf3\xef\xff\0" "\xe2\xe8\xed\xe0\0"
  "\xed\xe0\xeb\xe0\xe3\xe0\0" "\xf9\xe0\xf1\xf2\xe8\xe5\0" "\xed\xe0\xf0\xe8\xf7\xe0\xf2\0" "\xe2\xeb\xff\xe7\xe0\0"
  "\xea\xe8\xec\0" "\xf0\xe5\xf8\xe5\xed\xe8\xe5\xf2\xee\0" "\xe2\xeb\xe5\xe7\0"
  "\xed\xe0\xf0\xea\xee\xf2\xe8\xf6\xe8\0" "\xf1\xf2\xf3\xe4\xe5\xed\xee\0" "\xf1\xe0\xec\xee\xeb\xe5\xf2\xe0\0"
  "\xf2\xf0\xe8\xec\xe0\0" "\xed\xee\xe2\xe8\xff\0" "\xf8\xee\xf3\xf2\xee\0" "\xe5\xed\xe5\xf0\xe3\xe8\xff\0"
  "\xe4\xfa\xeb\xe3\xe0\0" "\xf3\xec\xf0\xff\xeb\0" "\xe0\xf5\xe0\0" "\xef\xf0\xe8\xff\xf2\xe5\xeb\xff\0"
  "\xec\xe5\xf2\xf0\xe0\0" "\xf1\xef\xe5\xf6\xe8\xe0\xeb\xed\xee\0" "\xf1\xf0\xe5\xf9\xed\xe0\xf5\0"
  "\xef\xee\xeb\xe7\xe0\0" "\xe4\xe2\xe8\xe6\xe8\0" "\xf1\xf2\xe0\xf0\xe8\0" "\xed\xe8\xe2\xee\0"
  "\xf1\xef\xf0\xe0\xe2\xe8\0" "\xe3\xee\xf1\xef\xee\xe4\xe0\xf0\xfe\0" "\xf3\xe1\xe8\xe2\xe0\0"
  "\xe8\xe7\xef\xee\xeb\xe7\xe2\xe0\xec\xe5\0" "\xe1\xee\xf0\xe4\xe0\0" "\xf5\xee\xe4\xe8\xec\0"
  "\xec\xe0\xea\xe0\xf0\0" "\xe4\xee\xed\0" "\xe4\xe0\xed\xe8\xe5\xeb\0" "\xf6\xe5\xed\xf2\xfa\xf0\xe0\0"
  "\xf5\xee\xf2\xe5\xeb\xe0\0" "\xee\xe1\xe8\xf7\xe0\xf2\0" "\xea\xeb\xe0\xf1\0" "\xef\xe8\xf2\xe8\xe5\0"
  "\xf8\xe5\xf4\0" "\xe8\xe7\xe3\xeb\xe5\xe6\xe4\xe0\xf2\0" "\xe8\xf1\xf2\xe8\xed\xf1\xea\xee\0"
  "\xef\xee\xf0\xe0\xe4\xe8\0" "\xe5\xe9\xec\xe8\0" "\xe4\xe0\xec\xe0\0" "\xed\xe0\xe4\xe5\xe6\xe4\xe0\0"
  "\xea\xe0\xe7\xe2\xe0\xeb\0" "\xe2\xfa\xe7\xe4\xf3\xf5\0" "\xff\xea\xee\0" "\xf1\xf2\xee\xff\0"
  "\xe1\xe8\xe7\xed\xe5\xf1\xe0\0" "\xe2\xfa\xe7\xf0\xe0\xf1\xf2\0" "\xe6\xe8\xe2\xe8\0" "\xf1\xef\xe8\xf1\xfa\xea\0"
  "\xe5\xe4\xed\xe8\0" "\xe1\xe8\xf2\xea\xe0\0" "\xe7\xe0\xef\xee\xf7\xed\xe0\xf5\0" "\xee\xf7\xe0\xea\xe2\xe0\xf5\0"
  "\xf1\xf2\xe5\xed\xe0\xf2\xe0\0" "\xe7\xe0\xf9\xe8\xf2\xe0\0" "\xe4\xe5\xf2\xee\0" "\xec\xe8\xed\xe5\0"
  "\xe3\xee\xf1\xef\xee\xe6\xe8\xf6\xe5\0" "\xe8\xe7\xef\xee\xeb\xe7\xe2\xe0\xf8\0" "\xf1\xf2\xe0\xe2\xe0\xf2\0"
  "\xf3\xec\xe5\xed\0" "\xed\xe0\xf8\0" "\xe1\xeb\xe0\xe3\xee\xe4\xe0\xf0\xe5\xed\xe8\xe5\0" "\xea\xee\xeb\xe8\0"
  "\xef\xee\xeb\xee\xe2\xe8\xed\xe0\0" "\xf4\xe8\xeb\xec\xe0\0" "\xe4\xee\xea\xf3\xec\xe5\xed\xf2\xe8\0"
  "\xec\xe0\xeb\xea\xe0\xf2\xe0\0" "\xef\xee\xed\xe5\xe6\xe5\0" "\xed\xe0\xe3\xee\xf0\xe5\0"
  "\xef\xee\xe8\xf1\xea\xe0\0" "\xe4\xe2\xe8\xe6\xe5\xed\xe8\xe5\0" "\xf1\xe8\xe3\xf3\xf0\xed\xe8\0"
  "\xe8\xe7\xe3\xeb\xe5\xe6\xe4\xe0\xec\0" "\xe2\xe7\xe5\xec\xe0\xf2\0" "\xf0\xee\xe1\xfa\xf0\xf2\0"
  "\xe2\xfa\xef\xf0\xee\xf1\xfa\xf2\0" "\xef\xe0\xe4\xed\xe0\0" "\xe8\xe3\xf0\xe0\xe5\xec\0" "\xee\xea\xe0\xe7\xe0\0"
  "\xee\xf2\xea\xf0\xe8\0" "\xed\xff\xea\xee\xe5\0" "\xf6\xfa\xf0\xea\xe2\xe0\xf2\xe0\0"
  "\xee\xf2\xea\xf0\xe8\xf5\xec\xe5\0" "\xf1\xeb\xee\xe6\xe0\0" "\xec\xe8\xf1\xeb\xe8\xf5\0"
  "\xe4\xee\xe2\xe5\xf0\xe8\xe5\0" "\xe5\xe4\xe8\xed\xf1\xf2\xe2\xe5\xed\xe8\xff\0"
  "\xe0\xed\xe3\xeb\xe8\xe9\xf1\xea\xe8\0" "\xf7\xe0\xed\xf2\xe0\xf2\xe0\0" "\xec\xe8\xf1\xeb\xe8\xec\0"
  "\xf1\xe2\xee\xff\xf2\xe0\0" "\xe4\xee\xed\xe5\xf1\xe8\0" "\xe6\xe5\xeb\xe0\xed\xe8\xe5\0"
  "\xef\xfa\xf2\xf3\xe2\xe0\xed\xe5\0" "\xf5\xf3\xe1\xe0\xe2\xe8\0" "\xe4\xf3\xf5\0" "\xef\xee\xe7\xe8\xf6\xe8\xff\0"
  "\xf1\xe1\xee\xe3\xee\xec\0" "\xf0\xe0\xe7\xeb\xe8\xea\xe0\0" "\xe1\xfa\xe4\xe5\xf9\xe5\0"
  "\xf1\xef\xe5\xf6\xe8\xe0\xeb\xe5\xed\0" "\xf3\xe2\xe0\xe6\xe5\xed\xe8\xe5\0" "\xed\xee\xe2\xe8\xed\xe0\0"
  "\xea\xeb\xe0\xf0\xea\0" "\xed\xe5\xe7\xe0\xe2\xe8\xf1\xe8\xec\xee\0" "\xe1\xe0\xf0\xe0\0" "\xea\xf3\xf2\xe8\xff\0"
  "\xf1\xec\xff\xf2\xe0\0" "\xf1\xe8\xed\xe5\0" "\xe6\xe8\xe2\xee\xf2\xed\xe8\0" "\xeb\xfa\xe6\xe5\xf8\0"
  "\xeb\xf3\xe8\xf1\0" "\xf2\xf3\xea\xe0\0" "\xe5\xe4\xe8\xed\xf1\xf2\xe2\xe5\xed\xee\0" "\xef\xeb\xe0\xed\xe0\0"
  "\xef\xf0\xe5\xf1\xf2\xfa\xef\xeb\xe5\xed\xe8\xe5\0" "\xef\xfa\xeb\xed\xee\0" "\xf1\xeb\xf3\xf8\xe0\xe9\xf2\xe5\0"
  "\xe4\xe5\xeb\xee\0" "\xea\xe0\xf0\xeb\0" "\xe2\xe8\xf1\xee\xea\xee\0" "\xe7\xed\xe0\xea\0"
  "\xf0\xe5\xe9\xf7\xfa\xeb\0" "\xe4\xe8\xf0\xe5\xea\xf2\xee\xf0\0" "\xf0\xe0\xe7\xe1\xe5\xf0\xe0\xf2\0"
  "\xf4\xee\xf0\xec\xe0\0" "\xf2\xfa\xf0\xef\xe5\xed\xe8\xe5\0" "\xed\xe5\xe3\xee\xe2\xee\xf2\xee\0"
  "\xe4\xee\xea\xf3\xec\xe5\xed\xf2\xe8\xf2\xe5\0" "\xe7\xe0\xef\xee\xe7\xed\xe0\xe5\xec\0" "\xe3\xee\xf1\xf2\xe8\0"
  "\xee\xf1\xf2\xe0\xed\xe5\xf2\xe5\0" "\xf7\xe0\xf1\xf2\xe8\0" "\xec\xeb\xe0\xe4\xe0\0" "\xff\xe4\xee\xf1\xe0\xed\0"
  "\xe2\xe8\xe6\xe4\xe0\xec\xe5\0" "\xf1\xef\xf0\xe0\xe2\xe8\xf8\0" "\xe8\xe7\xef\xee\xeb\xe7\xe2\xe0\xf2\0"
  "\xf7\xf3\xe5\xf8\0" "\xe8\xe7\xeb\xff\xe7\xe0\0" "\xef\xeb\xe0\xf2\xff\0" "\xef\xee\xe7\xed\xe0\xe2\xe0\0"
  "\xe1\xe8\xf5\xec\xe5\0" "\xec\xe8\xf1\xe8\xff\0" "\xee\xe1\xe0\xe6\xe4\xe0\0" "\xf7\xf3\xe2\xf1\xf2\xe2\xee\0"
  "\xf1\xea\xee\xf2\0" "\xf1\xe2\xee\xe1\xee\xe4\xe0\0" "\xec\xe0\xf0\xe8\xff\0" "\xf6\xe5\xed\xe0\0"
  "\xf3\xeb\xe8\xf6\xe0\0" "\xe2\xfa\xf0\xed\xe0\xf5\0" "\xf1\xed\xe8\xec\xea\xe0\xf2\xe0\0" "\xea\xe5\xe2\xe8\xed\0"
  "\xf1\xeb\xe5\xe4\xe0\0" "\xef\xf0\xe8\xe1\xe5\xf0\xe0\0" "\xef\xe0\xf0\xf7\xe5\0" "\xf7\xf3\xe4\xe5\xf1\xed\xe0\0"
  "\xe7\xe4\xf0\xe0\xe2\xee\0" "\xf1\xe2\xe8\xe4\xe5\xf2\xe5\xeb\0" "\xef\xe8\xff\0" "\xf1\xf2\xe8\xe3\xed\xe0\0"
  "\xe5\xec\xe8\xeb\xe8\0" "\xec\xe0\xf2\0" "\xf1\xe8\xf2\xf3\xe0\xf6\xe8\xff\0" "\xf1\xe0\xec\xee\xeb\xe5\xf2\0"
  "\xf2\xee\xec\xe0\xf1\0" "\xee\xf1\xf2\xe0\xed\xe0\xeb\xe8\0" "\xe8\xed\xf6\xe8\xe4\xe5\xed\xf2\0"
  "\xf2\xe0\xe9\xed\xe8\0" "\xee\xf6\xe5\xed\xff\xe2\xe0\xec\0" "\xec\xe0\xe3\xe0\xe7\xe8\xed\0" "\xf1\xe0\xed\0"
  "\xe2\xe8\xe4\xff\xf5\xf2\xe5\0" "\xf1\xe4\xe5\xeb\xea\xe0\xf2\xe0\0" "\xe8\xe7\xeb\xe5\xe7\xe5\xec\0"
  "\xee\xf1\xf2\xe0\xe2\xe8\xf5\0" "\xf5\xe0\0" "\xf2\xf0\xfa\xe3\xed\xe5\xf8\0" "\xea\xeb\xe8\xe5\xed\xf2\0"
  "\xea\xee\xf1\xe0\0" "\xea\xe0\xf0\xe0\xe9\0" "\xec\xed\xe5\xed\xe8\xe5\0" "\xea\xf0\xe0\xeb\xff\0"
  "\xef\xee\xef\xe8\xf2\xe0\0" "\xed\xe0\xea\xfa\xe4\xe5\0" "\xec\xe0\xf0\xf2\xe8\xed\0"
  "\xe3\xe0\xe4\xe6\xe5\xf2\xee\0" "\xef\xf0\xe5\xe4\xf1\xf2\xe0\xe2\xe8\0" "\xee\xf2\xe8\xe4\xe5\xf2\xe5\0"
  "\xf5\xe0\xf0\xe5\xf1\xe2\xe0\xf2\0" "\xe8\xe7\xf7\xe0\xea\xe0\xe9\0" "\xea\xee\xed\0" "\xee\xea\xee\0"
  "\xe0\xef\xe0\xf0\xf2\xe0\xec\xe5\xed\xf2\0" "\xef\xf0\xe5\xe4\xeb\xe0\xe3\xe0\xec\0"
  "\xed\xe5\xef\xf0\xe8\xff\xf2\xed\xee\xf1\xf2\xe8\0" "\xea\xee\xeb\xe5\xe6\xe0\0" "\xe1\xee\xeb\xea\xe0\xf2\xe0\0"
  "\xec\xee\xe3\xeb\xe0\0" "\xf1\xe2\xe5\xf2\xeb\xe8\xed\xe0\xf2\xe0\0" "\xe4\xe0\xe4\xe5\xec\0" "\xf6\xe5\xeb\xe8\0"
  "\xff\xe4\xe5\0" "\xed\xee\xf1\xe0\0" "\xef\xf0\xe8\xff\xf2\xe5\xeb\xff\xf2\0" "\xe8\xe7\xeb\xe5\xe7\0"
  "\xf7\xe5\xed\xe3\xe5\xf2\xe0\xf2\xe0\0" "\xf0\xee\xeb\xff\xf2\xe0\0" "\xe2\xeb\xe8\xe7\xe0\0"
  "\xf1\xf2\xee\xe8\xf8\0" "\xf1\xe8\xeb\xe8\xf2\xe5\0" "\xef\xfa\xf0\xe2\xe8\xf2\xe5\0"
  "\xee\xe1\xe7\xe0\xeb\xe0\xe3\xe0\xec\0" "\xeb\xfe\xea\0" "\xe8\xf1\xea\xe0\xeb\xe8\0" "\xec\xe8\xeb\xe8\xee\xed\0"
  "\xec\xf3\xe7\xe8\xea\xe0\xf2\xe0\0" "\xea\xeb\xf3\xe1\xe0\0" "\xed\xe0\xef\xf0\xe0\xe2\xe5\xf2\xe5\0"
  "\xe2\xe5\xf7\xe5\xf0\xff\xf2\xe0\0" "\xf1\xe8\xf2\xf3\xe0\xf6\xe8\xff\xf2\xe0\0" "\xeb\xe5\xeb\xe5\0"
  "\xf0\xe0\xe7\xe1\xe5\xf0\xe5\xf2\xe5\0" "\xed\xe5\xe3\xee\xe2\xe8\xff\0" "\xee\xe1\xe8\xf7\xe0\xf2\xe5\0"
  "\xe7\xe0\xea\xf3\xf1\xea\xe0\0" "\xf1\xeb\xe5\xe4\xe2\xe0\0" "\xf9\xe0\xf1\xf2\xeb\xe8\xe2\xe8\0"
  "\xed\xe0\xe7\xe4\xf0\xe0\xe2\xe5\0" "\xef\xe5\xf2\xfa\xea\0" "\xf3\xe1\xe8\xe5\xf6\xfa\xf2\0"
  "\xee\xf2\xe4\xe5\xeb\0" "\xf1\xef\xf0\xff\0" "\xef\xe0\xf0\xf2\xed\xfc\xee\xf0\0" "\xea\xf0\xe0\xf1\xe8\xe2\0"
  "\xed\xe0\xe4\xff\xe2\xe0\xf5\0" "\xe8\xe4\xe0\0" "\xec\xee\xe3\xeb\xe8\0" "\xe4\xf0\xfa\xe6\xf2\xe5\0"
  "\xe4\xf3\xf8\xe0\0" "\xe7\xe0\xec\xe8\xed\xe0\0" "\xee\xef\xf0\xe0\xe2\xe8\xf8\0" "\xe2\xf0\xfa\xf9\xe0\0"
  "\xe4\xe5\xed\xff\xf2\0" "\xed\xe0\xf0\xe0\xed\xe8\0" "\xe8\xe7\xe2\xe5\xf1\xf2\xe5\xed\0"
  "\xea\xeb\xfe\xf7\xee\xe2\xe5\xf2\xe5\0" "\xe7\xe0\xe2\xe5\xe4\xe0\0" "\xf0\xee\xe4\xe8\xf2\xe5\xeb\xe8\0"
  "\xe0\xf0\xec\xe8\xff\0" "\xee\xf1\xf2\xe0\xed\xe5\xec\0" "\xe2\xe0\xe6\xed\xe0\0" "\xe8\xe7\xef\xf0\xe0\xf2\xff\0"
  "\xef\xf0\xe5\xe4\xe0\xe4\xe5\0" "\xe8\xe7\xec\xfa\xea\xed\xe0\0" "\xee\xf2\xf7\xe5\0"
  "\xe7\xe0\xe1\xf0\xe0\xe2\xff\xe9\0" "\xf1\xe8\xe3\xed\xe0\xeb\0" "\xef\xf0\xe8\xff\xf2\xe5\xed\0"
  "\xee\xf1\xf2\xe0\xe2\xe8\xeb\0" "\xe3\xeb\xe0\xe4\xe5\xed\0" "\xe3\xee\xeb\xff\xec\xe0\xf2\xe0\0"
  "\xec\xe0\xf1\xe0\0" "\xe1\xf0\xee\xe9\0" "\xef\xe8\xf8\xe0\0" "\xf7\xe0\xea\xe0\xf2\0" "\xf7\xf3\xe4\xee\0"
  "\xf1\xed\xe8\xec\xea\xe8\xf2\xe5\0" "\xe4\xe5\xeb\xee\xf2\xee\0" "\xef\xf0\xe5\xe7\xe8\xe4\xe5\xed\xf2\xe0\0"
  "\xf0\xe0\xe7\xeb\xe8\xf7\xe5\xed\0" "\xee\xe1\xf3\xe2\xea\xe8\0" "\xef\xee\xe2\xff\xf0\xe2\xe0\xf8\0"
  "\xed\xe0\xf8\xe0\0" "\xee\xf5\xf0\xe0\xed\xe0\xf2\xe0\0" "\xe3\xe5\xed\xe5\xf0\xe0\xeb\0"
  "\xf1\xeb\xf3\xf7\xe0\xe8\0" "\xe0\xed\xe4\xe8\0" "\xf1\xe8\xeb\xed\xe0\0" "\xf3\xec\xe0\0"
  "\xf1\xf2\xe8\xe3\xed\xe5\0" "\xf1\xef\xe0\xf1\xff\0" "\xed\xe5\xe3\xee\xe2\xe0\0" "\xe7\xe0\xe3\xf3\xe1\xe8\xf5\0"
  "\xe1\xe5\xe7\xee\xef\xe0\xf1\xed\xee\0" "\xf7\xf3\xe2\xf1\xf2\xe2\xe0\xf2\xe0\0" "\xf3\xf1\xe5\xf9\xe0\xec\0"
  "\xea\xe0\xf0\xf2\xe8\0" "\xe0\xed\xe3\xeb\xe8\xff\0" "\xea\xf0\xe8\xe5\0" "\xf6\xe5\xed\xe0\xf2\xe0\0"
  "\xed\xe8\xea\xe0\xea\xe2\xee\0" "\xee\xf4\xe8\xf6\xe5\xf0\0" "\xe8\xed\xf2\xe5\xf0\xed\xe5\xf2\0"
  "\xec\xe8\xeb\xe8\xf7\xea\xe0\0" "\xed\xee\xe2\xe8\xff\xf2\0" "\xef\xee\xec\xee\xeb\xff\0" "\xe6\xe8\xe2\xee\0"
  "\xe8\xe7\xf6\xff\xeb\xee\0" "\xe0\xeb\xfa\xed\0" "\xe0\xed\xe0\0" "\xe4\xfa\xf0\xe2\xee\0" "\xed\xe0\xf3\xf7\xe0\0"
  "\xef\xee\xe4\xe0\0" "\xe1\xf0\xe0\xf2\xff\0" "\xef\xeb\xe0\xed\xe5\xf2\xe0\0" "\xff\xec\0"
  "\xed\xe0\xea\xe0\xf0\xe0\xec\0" "\xf7\xeb\xe5\xed\0" "\xef\xf0\xe8\xf2\xe5\xf1\xed\xff\xe2\xe0\xec\0"
  "\xe1\xff\xeb\0" "\xec\xed\xe5\xed\xe8\xe5\xf2\xee\0" "\xea\xee\xf1\xf2\xfe\xec\0" "\xee\xf2\xf2\xe0\xec\0"
  "\xed\xe5\xe9\xed\xe0\xf2\xe0\0" "\xed\xe0\xec\xe5\xf0\xe8\xf2\xe5\0" "\xe4\xe6\xe5\xe9\xf1\xfa\xed\0"
  "\xf0\xee\xea\xeb\xff\0" "\xf1\xeb\xe0\xe4\xea\xee\0" "\xe4\xe0\xe2\xe0\xf2\0" "\xf6\xe5\xed\xf2\xfa\xf0\0"
  "\xf2\xf0\xfa\xe3\xe2\xe0\xf8\0" "\xf0\xe0\xe7\xe1\xf0\xe0\xf5\xec\xe5\0" "\xef\xf0\xe5\xea\xf0\xe0\xf1\xe5\xed\0"
  "\xef\xee\xf7\xe0\xea\xe0\xe9\xf2\xe5\0" "\xef\xee\xec\xe8\xf1\xeb\xff\0" "\xed\xe0\xf3\xf7\xe8\xf5\0"
  "\xec\xe8\xed\xf3\xf2\xea\xe0\0" "\xec\xe0\xeb\xea\xee\xf2\xee\0" "\xef\xf0\xe5\xe4\xe0\xec\0"
  "\xe6\xe5\xed\xe5\xed\0" "\xed\xe5\xe3\xee\xe2\xee\0" "\xf1\xf2\xfa\xef\xea\xe0\0" "\xec\xeb\xe0\xe4\xe8\0"
  "\xe4\xe5\xe2\xe5\xf2\0" "\xe2\xfa\xf0\xed\xe0\xf2\0" "\xf1\xef\xee\xec\xe5\xed\xe0\0" "\xe4\xe0\xed\0"
  "\xe3\xf0\xf3\xef\xe0\xf2\xe0\0" "\xf4\xf0\xe0\xed\xf6\xe8\xff\0" "\xf1\xeb\xe5\xe4\xee\xe1\xe5\xe4\0"
  "\xe4\xee\xe9\xe4\xe5\xf2\xe5\0" "\xe1\xe0\xed\xea\xe0\xf2\xe0\0" "\xef\xe8\xff\xed\0" "\xea\xec\0"
  "\xf1\xfa\xec\xed\xff\xe2\xe0\xec\0" "\xea\xe0\xef\xe0\xed\0" "\xeb\xfa\xe6\xe5\0" "\xe4\xe2\xee\xe9\xea\xe0\0"
  "\xee\xf1\xf2\xe0\xe2\xe0\xf2\0" "\xff\xe4\xe5\xf8\0" "\xe1\xe0\xf0\0" "\xe3\xeb\xe5\xe4\xe0\xec\xe5\0"
  "\xe7\xe0\xef\xee\xf7\xe2\xe0\xec\0" "\xee\xf7\xe0\xea\xe2\xe0\xec\0" "\xef\xf0\xe0\xf2\xe8\0"
  "\xef\xeb\xe0\xed\xee\xe2\xe5\0" "\xf7\xe8\xf1\xf2\0" "\xf2\xe0\xea\xf1\xe8\0" "\xe2\xe8\xe4\xff\xf5\xec\xe5\0"
  "\xee\xf2\xe1\xee\xf0\xe0\0" "\xe1\xee\xe3\xf3\0" "\xe1\xee\xec\xe1\xe0\0" "\xf1\xeb\xf3\xf8\xe0\xf8\0"
  "\xf8\xe5\xf4\xfa\xf2\0" "\xe4\xed\xea\0" "\xef\xeb\xe0\xed\xe5\xf2\xe0\xf2\xe0\0" "\xe4\xf0\xf3\xe3\xe0\xe4\xe5\0"
  "\xf1\xfa\xe1\xee\xf2\xe0\0" "\xed\xe5\xe7\xe0\xe1\xe0\xe2\xed\xee\0" "\xf3\xee\xeb\xf2\xfa\xf0\0"
  "\xed\xe0\xe1\xeb\xe8\xe7\xee\0" "\xe2\xee\xe9\xed\xe8\xf6\xe8\0" "\xe5\xea\xe8\xef\xe0\0"
  "\xf8\xe5\xe3\xf3\xe2\xe0\xec\0" "\xed\xee\xe6\0" "\xe1\xf0\xe0\xea\0" "\xef\xee\xec\xed\xe8\0"
  "\xe7\xe2\xfa\xed\xed\xe0\0" "\xf5\xe2\xe0\xed\xe5\xec\0" "\xef\xf0\xe5\xe4\xeb\xee\xe6\xe8\0"
  "\xe1\xe0\xed\xff\xf2\xe0\0" "\xef\xf0\xee\xec\xff\xed\xe0\0" "\xef\xe5\xf0\xf4\xe5\xea\xf2\xed\xee\0"
  "\xee\xe1\xff\xf1\xed\xe8\0" "\xec\xe8\xeb\0" "\xea\xe0\xf2\xf0\xe8\xed\0" "\xf3\xe1\xe8\xe5\xf6\xe0\0"
  "\xe3\xe0\xe4\xed\xee\0" "\xf2\xe5\xeb\xe5\xe2\xe8\xe7\xe8\xff\xf2\xe0\0" "\xf2\xf0\xfa\xe3\xed\xe5\0"
  "\xe8\xe7\xf5\xee\xe4\0" "\xef\xe8\xf2\xe0\xe9\0" "\xf7\xe5\xf1\xf2\xe5\xed\0"
  "\xef\xf0\xe8\xf2\xe5\xf1\xed\xff\xe2\xe0\0" "\xe2\xf1\xe5\xeb\xe5\xed\xe0\xf2\xe0\0" "\xf2\xe5\xf1\xf2\0"
  "\xe3\xf0\xe5\xe9\xf1\0" "\xe3\xee\xe2\xee\xf0\xe5\xf8\xe5\0" "\xf2\xe5\xe6\xea\xee\0" "\xee\xef\xe8\xf2\xe0\xf8\0"
  "\xe2\xea\xf3\xf1\0" "\xf5\xe0\xed\xe0\0" "\xea\xe0\xec\xe5\xf0\xe0\xf2\xe0\0" "\xef\xee\xea\xe0\xed\xe8\0"
  "\xf9\xff\xf5\xec\xe5\0" "\xe4\xfa\xf0\xe6\xe0\xf2\0" "\xe2\xe0\xf8\0" "\xea\xf0\xe0\xff\xf2\0"
  "\xec\xe0\xf8\xe8\xed\xe0\0" "\xea\xed\xe8\xe3\xe8\0" "\xf1\xfa\xf9\xe8\xff\xf2\0" "\xf5\xe2\xe0\xed\xe0\xf5\0"
  "\xf3\xe6\xe0\xf1\xe5\xed\0" "\xf3\xe1\xe8\xe9\xf1\xf2\xe2\xe0\0" "\xec\xee\xf0\xe5\xf2\xee\0"
  "\xef\xee\xe3\xf0\xe8\xe6\xe8\0" "\xef\xe0\xe4\xe0\0" "\xef\xee\xe5\xec\xe0\0" "\xef\xee\xea\xf0\xe8\xe2\xe0\0"
  "\xe3\xee\xe2\xee\xf0\xe8\xf5\xec\xe5\0" "\xea\xf3\xef\xe8\xf5\0" "\xe7\xe0\xe1\xf0\xe0\xe2\xe8\xeb\0"
  "\xec\xee\xe4\xe5\xeb\0" "\xef\xee\xeb\xee\xe6\xe5\xed\xe8\xe5\0" "\xee\xe1\xf1\xfa\xe4\xe8\xec\0"
  "\xee\xf0\xfa\xe6\xe8\xff\xf2\xe0\0" "\xee\xf1\xf2\xe0\xed\xe0\xeb\xee\0"
  "\xe8\xe7\xea\xeb\xfe\xf7\xe8\xf2\xe5\xeb\xed\xee\0" "\xf6\xe2\xe5\xf2\xff\0" "\xeb\xe8\xeb\xe8\0"
  "\xf3\xe4\xee\xe1\xed\xee\0" "\xe8\xe7\xe2\xe8\xed\xff\xe2\xe0\xec\0" "\xef\xe8\xf2\xe0\0"
  "\xea\xee\xe6\xe0\xf2\xe0\0" "\xf5\xe2\xe0\xed\xe0\xf2\0" "\xe3\xeb\xf3\xef\xe0\xe2\xe0\0"
  "\xec\xe0\xeb\xea\xe8\xff\0" "\xe8\xec\xe5\xed\xe0\0" "\xed\xe0\xf2\xe0\xec\0" "\xf1\xfa\xf9\xe8\xf2\xe5\0"
  "\xe8\xe7\xeb\xe8\xe7\xe0\xec\0" "\xed\xee\xe2\xe8\xed\xe8\xf2\xe5\0" "\xf1\xeb\xe5\xe4\xe2\xe0\xf9\xe8\xf2\xe5\0"
  "\xed\xe0\xef\xee\xec\xed\xff\0" "\xec\xe8\xeb\xe8\xee\xed\xe8\0" "\xe3\xeb\xe5\xe4\xe0\xf2\0"
  "\xee\xef\xe5\xf0\xe0\xf6\xe8\xff\xf2\xe0\0" "\xe6\xe5\xf0\xf2\xe2\xe8\0" "\xf1\xe3\xf0\xe0\xe4\xe0\0"
  "\xed\xe0\xe2\xf0\xe5\xec\xe5\0" "\xf0\xe0\xe1\xee\xf2\xe8\xf2\xe5\0" "\xe4\xee\xe9\xe4\xee\xf5\xf2\xe5\0"
  "\xe2\xf0\xfa\xe7\xea\xe8\0" "\xea\xe0\xe9\xeb\0" "\xed\xe0\xec\xe5\xf0\xff\xf2\0" "\xf7\xe0\xea\xe0\xf8\0"
  "\xef\xf0\xe0\xe2\xe5\xf8\xe5\0" "\xee\xe1\xe0\xe6\xe4\xe0\xed\xe5\0"
  "\xee\xf2\xe3\xee\xe2\xee\xf0\xed\xee\xf1\xf2\0" "\xf2\xee\xef\xea\xe0\xf2\xe0\0"
  "\xeb\xe0\xe1\xee\xf0\xe0\xf2\xee\xf0\xe8\xff\xf2\xe0\0" "\xf7\xf3\xeb\0" "\xef\xe8\xe5\xf8\0"
  "\xe4\xfa\xeb\xfa\xe3\0" "\xef\xe0\xf0\xea\0" "\xec\xe8\xf1\xe8\xff\xf2\xe0\0" "\xea\xe0\xec\xe5\xf0\xe0\0"
  "\xe8\xe7\xec\xfa\xea\xed\xe5\xec\0" "\xf1\xf6\xe5\xed\xe0\xf2\xe0\0" "\xf0\xe0\xe7\xe1\xf0\xe0\xeb\0"
  "\xee\xf2\xe3\xee\xe2\xe0\xf0\xff\0" "\xed\xe0\xff\xf1\xed\xee\0" "\xed\xe0\xf7\xe0\xeb\xed\xe8\xea\0"
  "\xf1\xe2\xee\xe1\xee\xe4\xed\xe0\0" "\xf2\xee\xe5\xf1\xf2\0" "\xe3\xfa\xf0\xe4\xe8\xf2\xe5\0"
  "\xef\xf0\xe5\xe4\xeb\xee\xe6\xe5\xed\xe8\xe5\0" "\xe7\xe0\xeb\xe0\0" "\xf3\xf7\xe8\xf2\xe5\xeb\0"
  "\xee\xf2\xea\xf0\xe0\xe4\xed\xe0\0" "\xf0\xe5\xea\xe0\xf2\xe0\0" "\xe8\xe4\xe5\xe8\0" "\xee\xe1\xe5\xf9\xe0\0"
  "\xf1\xec\xe5\xf2\xea\xe0\xf2\xe0\0" "\xe8\xed\xf2\xe5\xf0\xe5\xf1\0" "\xee\xf5\xf0\xe0\xed\xe0\0"
  "\xed\xe0\xec\xe5\xf0\xe8\xeb\0" "\xee\xe3\xf0\xee\xec\xed\xe0\0" "\xeb\xe8\xe9\0" "\xe5\xec\xe0\0"
  "\xee\xef\xe8\xf2\xe2\xe0\xf5\0" "\xe8\xe4\xe5\xec\0" "\xf1\xeb\xe0\xe4\xfa\xea\0" "\xe2\xe8\xe4\xff\xeb\xe0\0"
  "\xed\xf3\xe6\xe4\xe0\xe5\xec\0" "\xf1\xe5\xf0\xe8\xee\xe7\xe5\xed\0" "\xe2\xf2\xee\xf0\xee\0"
  "\xef\xee\xeb\xee\xe6\xe5\xed\xe8\xe5\xf2\xee\0" "\xe2\xfa\xf0\xf5\xe0\0" "\xe4\xe6\xe5\xf0\xe8\0"
  "\xe2\xe4\xe8\xe3\xed\xe8\0" "\xf1\xf2\xee\xe9\xf2\xe5\0" "\xec\xe0\xf5\xed\xe0\0" "\xf3\xe6\xe0\xf1\xed\xe0\0"
  "\xf0\xe0\xe7\xf0\xe5\xf8\xe5\xed\xe8\xe5\0" "\xe2\xeb\xe5\xe7\xe5\xec\0"
  "\xe8\xf1\xf2\xe8\xed\xf1\xea\xe0\xf2\xe0\0" "\xe1\xe8\xe5\0" "\xe2\xe8\xea\xf2\xee\xf0\0"
  "\xe2\xed\xe8\xec\xe0\xed\xe8\xe5\xf2\xee\0" "\xe2\xe0\xf8\xe8\xed\xe3\xf2\xee\xed\0"
  "\xf0\xe0\xe7\xea\xe0\xe6\xe8\0" "\xf1\xf2\xf0\xe0\xed\xe8\0" "\xed\xe0\xf3\xf7\xe8\xf8\0"
  "\xf7\xe0\xf1\xee\xe2\xe5\0" "\xef\xeb\xe0\xed\xfa\xf2\0" "\xf7\xf3\xe4\xee\xe2\xe8\xf9\xe5\0"
  "\xe8\xe7\xeb\xe5\xe7\xe5\xf8\0" "\xea\xeb\xe0\xf1\xe0\0" "\xe2\xf0\xfa\xf9\xe0\xec\xe5\0"
  "\xf3\xf1\xef\xe5\xe5\xec\0" "\xe3\xeb\xe5\xe4\xe0\xf5\0" "\xe0\xed\0" "\xe2\xeb\xe0\xf1\xf2\0"
  "\xef\xee\xe3\xee\xe2\xee\xf0\xff\0" "\xea\xe0\xe1\xe8\xed\xe5\xf2\xe0\0" "\xf7\xf3\xe9\xf2\xe5\0"
  "\xef\xee\xeb\xf3\xf7\xe8\xf2\xe5\0" "\xe2\xe0\xe6\xe5\xed\0" "\xe0\xf2\xe0\xea\xe0\0" "\xf3\xe1\xe8\xe9\0"
  "\xee\xf2\xed\xe5\0" "\xf1\xf2\xe0\xf0\xe0\xf2\xe0\0" "\xe2\xfa\xe7\xe4\xf3\xf5\xe0\0" "\xea\xe0\xe6\xe0\xf2\0"
  "\xf1\xf2\xee\xf0\xe8\0" "\xe2\xeb\xfe\xe1\xe5\xed\0" "\xe1\xe0\xe7\xe0\xf2\xe0\0" "\xef\xee\xf1\xee\xea\xe0\0"
  "\xe0\xed\xe8\0" "\xee\xe1\xe0\xe4\xe8\xf8\0" "\xf1\xf2\xe8\xe2\xfa\xed\0" "\xed\xe0\xe3\xf0\xe0\xe4\xe0\0"
  "\xe2\xe5\xf7\xed\xee\0" "\xee\xf4\xe8\xf6\xe8\xe0\xeb\xed\xee\0" "\xef\xf0\xe8\xe5\xec\xe0\xec\0"
  "\xe7\xe0\xf2\xe2\xee\xf0\0" "\xf7\xe5\xf1\xf2\xe8\xf2\0" "\xeb\xe8\xef\xf1\xe2\xe0\xf8\0"
  "\xe8\xed\xf4\xee\xf0\xec\xe0\xf6\xe8\xff\xf2\xe0\0" "\xee\xf2\xed\xe0\xf1\xff\0" "\xe5\xe7\xe8\xea\0"
  "\xe8\xe7\xe2\xe8\xed\xe5\xed\xe8\xe5\0" "\xea\xe0\xec\xfa\xea\0" "\xec\xe5\xf1\xee\0" "\xe1\xf0\xe0\xff\xed\0"
  "\xec\xe0\xf5\xed\xe5\xf2\xe5\0" "\xf5\xe2\xe0\xed\xe8\0" "\xe4\xee\xed\xe5\xf1\xee\xf5\0"
  "\xe1\xfe\xf0\xee\xf2\xee\0" "\xea\xf0\xe0\xeb\xe8\xf6\xe0\xf2\xe0\0" "\xeb\xe5\xf2\xe8\xf9\xe5\xf2\xee\0"
  "\xe3\xf0\xe0\xed\xe8\xf6\xe0\xf2\xe0\0" "\xf1\xf2\xe0\xed\xe0\xeb\0" "\xe4\xe6\xe5\xf4\0" "\xf0\xe0\xe7\xed\xe8\0"
  "\xf0\xe0\xed\xe5\xed\0" "\xe8\xe4\xe5\xe0\xeb\xed\xee\0" "\xf0\xe8\xf1\xea\0" "\xed\xe0\xf1\xe0\xec\xe5\0"
  "\xf7\xf3\xe5\0" "\xee\xe3\xfa\xed\xff\0" "\xe7\xe0\xef\xeb\xe0\xf5\xe0\0" "\xe8\xe7\xf7\xe5\xe7\xe2\xe0\xe9\0"
  "\xf7\xf3\xe4\xe5\xf5\0" "\xf1\xef\xe5\xf8\xed\xee\0" "\xf2\xfa\xf0\xf1\xe8\xf2\xe5\0"
  "\xf1\xef\xf0\xe0\xe2\xe8\xec\0" "\xef\xf0\xe8\xed\xf6\0" "\xf0\xee\xe4\xe5\xed\0" "\xf2\xf0\xfa\xe3\xed\xe5\xec\0"
  "\xe0\xe1\xe8\0" "\xf1\xf2\xf0\xe0\xed\xe5\xed\0" "\xec\xeb\xff\xea\xee\0" "\xe2\xe0\xed\0"
  "\xeb\xf3\xed\xe0\xf2\xe0\0" "\xf1\xef\xee\xec\xed\xff\xf8\0" "\xe3\xee\xf2\xe8\xed\xee\0"
  "\xf0\xe0\xe7\xf1\xeb\xe5\xe4\xe2\xe0\xed\xe5\0" "\xef\xee\xea\xe0\xe6\xe5\0" "\xea\xe0\xf0\xf2\xe0\xf2\xe0\0"
  "\xea\xe0\xf0\xf2\xfa\xf0\0" "\xee\xe1\xe0\xe4\xe8\xf5\0" "\xf9\xff\xf5\xe0\0" "\xe2\xe8\xed\xee\xe2\xed\xe0\0"
  "\xeb\xee\xe4\xea\xe0\xf2\xe0\0" "\xf1\xfa\xe4\0" "\xe6\xe8\xe2\xee\xf2\xed\xee\0" "\xf0\xe8\xec\0"
  "\xf7\xf3\xe4\xe5\xf1\xe5\xed\0" "\xec\xe0\xe3\xe8\xff\0" "\xf2\xff\xf5\xed\xe0\xf2\xe0\0" "\xf3\xf7\xe8\0"
  "\xe2\xf0\xe5\xec\xe5\xed\xe0\0" "\xec\xe8\xf0\xe8\xf8\xe5\0" "\xe8\xf1\xf3\xf1\0" "\xe3\xee\xeb\xe5\xec\xe8\xff\0"
  "\xe2\xeb\xe5\xe7\xe5\xf8\0" "\xf1\xe2\xe0\xf2\xe1\xe0\0" "\xe2\xe5\xea\0" "\xee\xf4\xe8\xf1\0"
  "\xef\xf0\xee\xe2\xe5\xf0\xe8\xec\0" "\xf0\xe5\xf1\xf2\xee\xf0\xe0\xed\xf2\0" "\xef\xe0\xe7\xff\0"
  "\xee\xe1\xe8\xf7\xe0\xf8\xe5\0" "\xef\xee\xe4\xee\xe1\xed\xe8\0" "\xeb\xe5\xe9\xe4\xe8\0" "\xf2\xe5\xe4\0"
  "\xed\xe5\xe2\xe8\xed\xe5\xed\0" "\xf7\xe5\xf0\xe5\xed\0" "\xee\xf2\xe8\xf8\xfa\xeb\0" "\xf1\xfa\xe4\xe8\xff\0"
  "\xe4\xe6\xe5\xf1\xe8\0" "\xf1\xe2\xfa\xf0\xf8\xe0\0" "\xef\xf0\xee\xe3\xf0\xe0\xec\xe0\0"
  "\xf1\xf2\xf0\xe0\xed\xed\xe8\0" "\xe5\xe2\xf0\xee\xef\xe0\0" "\xe5\xeb\0"
  "\xe3\xe8\xec\xed\xe0\xe7\xe8\xff\xf2\xe0\0" "\xef\xee\xeb\xe5\0" "\xeb\xe0\xf0\xe8\0"
  "\xe2\xf2\xee\xf0\xe0\xf2\xe0\0" "\xf1\xf2\xe0\xf0\xe8\xff\0" "\xe3\xeb\xe0\xf1\xe0\0"
  "\xea\xee\xed\xf2\xe0\xea\xf2\0" "\xee\xf2\xea\xee\xe3\xe0\0" "\xf2\xe2\xfa\xf0\xe4\xe8\0" "\xf2\xe5\xe1\xe5\0"
  "\xef\xeb\xe0\xf9\xe0\0" "\xe3\xf0\xe5\xf8\xed\xee\0" "\xee\xf2\xea\xe0\xe6\xe0\0"
  "\xef\xf0\xe8\xf1\xf2\xe8\xe3\xed\xe0\0" "\xf3\xe1\xe8\xf5\0" "\xe4\xe2\xe0\xf2\xe0\0"
  "\xef\xee\xe7\xed\xe0\xe2\xe0\xec\xe5\0" "\xf2\xe0\xe9\xed\xe0\xf2\xe0\0" "\xef\xe8\xe5\xed\xe5\0"
  "\xe2\xfa\xf0\xf8\xe8\0" "\xed\xe0\xe4\xff\xe2\xe0\xec\xe5\0" "\xf1\xec\xe5\xe5\xf8\0" "\xec\xe5\xf1\xe5\xf6\xe8\0"
  "\xf8\xf3\xec\0" "\xee\xee\0" "\xe4\xee\xe2\xee\xeb\xe5\xed\0" "\xf1\xf2\xee\xf2\xe8\xf6\xe8\0"
  "\xec\xf0\xe0\xe7\xe8\0" "\xe4\xee\xea\xf2\xee\xf0\xe0\0" "\xe2\xf2\xee\xf0\xe0\0"
  "\xf1\xfa\xf9\xe5\xf1\xf2\xe2\xee\0" "\xf7\xf3\xe2\xe0\xeb\xe0\0" "\xef\xf0\xe8\xe7\xed\xe0\xff\0"
  "\xe7\xe0\xe3\xf3\xe1\xe0\0" "\xe0\xe4\xf0\xe5\xf1\xe0\0" "\xea\xeb\xfe\xf7\0" "\xf1\xe2\xfa\xf0\xe7\xe0\xed\xe8\0"
  "\xf7\xe8\xf1\xf2\xe0\0" "\xef\xee\xe1\xe5\xe4\xe8\0" "\xea\xf0\xe0\xea\0" "\xe2\xe8\xe6\xe4\xe0\xf2\0"
  "\xe4\xe5\xed\xe0\0" "\xea\xee\xe4\0" "\xe8\xe7\xe3\xf3\xe1\xe8\xf5\0" "\xe4\xe0\xe2\xe0\xf8\0"
  "\xe1\xee\xeb\xed\xe0\0" "\xe8\xf1\xf2\xee\xf0\xe8\xe8\0" "\xe5\xe4\0" "\xf2\xee\xf7\xea\xe8\0"
  "\xe1\xee\xe6\xe8\xf7\xea\xee\0" "\xe4\xe0\xeb\xe5\xf7\xe5\0" "\xed\xe5\xe4\xe5\xeb\xff\0"
  "\xee\xf1\xf2\xf0\xee\xe2\0" "\xec\xe8\xed\xe0\xeb\xee\0" "\xee\xf2\xe3\xee\xf0\xe5\0" "\xef\xe8\xf1\xed\xe0\0"
  "\xed\xe0\xec\xe5\xf0\xe8\xeb\xe8\0" "\xf6\xe2\xff\xf2\0" "\xec\xe0\xeb\xea\xe8\xf2\xe5\0"
  "\xf1\xfa\xe3\xeb\xe0\xf1\xed\xe0\0" "\xef\xf0\xee\xe4\xfa\xeb\xe6\xe0\0" "\xf6\xf0\xf3\0" "\xe7\xe0\xe5\xf2\xe0\0"
  "\xe4\xfa\xf0\xe6\xe8\xec\0" "\xe0\xeb\0" "\xea\xeb\xe8\xe5\xed\xf2\xe8\0" "\xea\xf0\xe0\xf1\xe8\xe2\xe8\0"
  "\xe6\xe5\xeb\xe0\xff\0" "\xe3\xf3\xe1\xe8\0" "\xf6\xff\xeb\xee\0" "\xef\xf0\xe5\xe2\xfa\xf0\xed\xe0\0"
  "\xee\xf2\xe8\xe2\xe0\xf2\0" "\xe4\xe5\xe9\xf1\xf2\xe2\xe0\0" "\xe4\xee\xe1\xf0\xee\xf2\xee\0"
  "\xf1\xff\xe4\xe0\xe9\0" "\xed\xe8\xe9\xeb\0" "\xe4\xee\xf2\xf3\xea\0" "\xe4\xee\xea\xee\xeb\xea\xee\xf2\xee\0"
  "\xf5\xee\xe4\0" "\xe7\xeb\xe0\xf2\xee\0" "\xed\xf3\xe6\xed\xe0\0" "\xec\xe8\xed\xe0\xe2\xe0\0"
  "\xef\xf0\xee\xf0\xe0\xe1\xee\xf2\xe8\0" "\xee\xf2\xed\xe0\xf7\xe0\xeb\xee\0" "\xf3\xec\xe8\xf0\xe0\xec\0"
  "\xe7\xe0\xef\xee\xf7\xed\xe5\xf8\0" "\xe0\xeb\xe8\0" "\xeb\xee\xe4\xea\xe0\0" "\xf3\xed\xe8\xf9\xee\xe6\xe8\0"
  "\xeb\xfa\xe6\xe8\0" "\xeb\xe5\xe3\xeb\xee\0" "\xe4\xe0\xe2\xe0\xe9\xf2\xe5\0" "\xea\xeb\xfe\xf7\xe0\0"
  "\xe4\xe6\xe5\xed\xe8\0" "\xef\xf0\xee\xf6\xe5\xf1\0" "\xe2\xea\xeb\xfe\xf7\xe8\xf2\xe5\xeb\xed\xee\0"
  "\xef\xf0\xee\xe3\xf0\xe0\xec\xe0\xf2\xe0\0" "\xef\xee\xef\xe8\xf2\xe0\xf5\0" "\xe2\xff\xf0\xe0\0"
  "\xec\xe5\xea\xf1\xe8\xea\xee\0" "\xf4\xe8\xeb\0" "\xf1\xf0\xe5\xf9\xe8\0" "\xf5\xe2\xe0\xed\xe5\xf2\xe5\0"
  "\xf4\xe0\xea\xf2\xe0\0" "\xe3\xee\xf0\xe5\xf9\xee\0" "\xe2\xfa\xf0\xed\xe0\xeb\0" "\xf2\xe8\xf8\xe8\xed\xe0\0"
  "\xf1\xeb\xf3\xe6\xe1\xe0\0" "\xe5\xe7\xe8\xea\xe0\0" "\xe4\xee\xe1\xf0\xe8\xf2\xe5\0" "\xf1\xf2\xe8\xe2\0"
  "\xea\xee\xec\xe0\xed\xe4\xe8\xf0\0" "\xe7\xe0\xe4\xe0\xf7\xe0\0" "\xea\xee\xeb\xe5\xe6\0"
  "\xef\xee\xea\xe0\xe7\xe0\0" "\xee\xef\xf0\xe0\xe2\xe8\xec\0" "\xee\xe1\xe5\xf9\xe0\xf5\0" "\xf0\xe0\xea\0"
  "\xee\xef\xe8\xf2\xe2\xe0\xec\xe5\0" "\xef\xe0\xf6\xe8\xe5\xed\xf2\0" "\xf1\xfa\xe2\xef\xe0\xe4\xe5\xed\xe8\xe5\0"
  "\xf0\xe0\xe7\xf1\xeb\xe5\xe4\xe2\xe0\xed\xe5\xf2\xee\0" "\xed\xee\xe2\xe8\xf2\xe5\0" "\xe2\xeb\xe0\xea\xe0\0"
  "\xee\xef\xe8\xf2\xe2\xe0\xf2\0" "\xef\xee\xeb\xe5\xf2\0" "\xe2\xe8\xe4\xe5\xee\0" "\xee\xe1\xfa\xf0\xed\xe8\0"
  "\xf1\xf0\xe0\xec\0" "\xe1\xf3\xf2\xe8\xeb\xea\xe0\0" "\xf1\xeb\xf3\xf7\xe8\xeb\xee\xf2\xee\0"
  "\xee\xe1\xf3\xe2\xea\xe8\xf2\xe5\0" "\xe4\xe5\xe9\xe2\0" "\xeb\xe8\xef\xf1\xe2\xe0\xf8\xe5\0"
  "\xf1\xef\xee\xec\xe5\xed\xe8\0" "\xf1\xe2\xfa\xf0\xe7\xe0\xed\xee\0" "\xea\xe0\xf7\xe8\0"
  "\xef\xf0\xee\xec\xe5\xed\xff\xf2\0" "\xea\xe5\xeb\xe8\0" "\xf0\xe0\xe7\xea\xe0\xe6\xe0\0" "\xed\xee\xf1\xff\xf2\0"
  "\xe2\xe8\xea\xe0\0" "\xe4\xe6\xe8\xed\0" "\xef\xfa\xeb\xed\xe8\0" "\xf0\xe0\xe4\xee\xf1\xf2\0"
  "\xe8\xe7\xe2\xe0\xe4\xe8\0" "\xe3\xf0\xe5\xf8\xea\xe8\0" "\xed\xf3\xe6\xe5\xed\0"
  "\xe8\xe7\xf7\xe5\xe7\xed\xe0\xeb\0" "\xf0\xee\xf3\xe7\0" "\xe1\xeb\xe8\xe7\xea\xe8\0" "\xec\xe0\xf7\0"
  "\xef\xee\xec\xe0\xe3\xe0\xec\0" "\xea\xf0\xe0\xeb\xe8\xf6\xe0\0" "\xe7\xfa\xe1\xe8\0" "\xf1\xf2\xf0\xe5\xeb\xff\0"
  "\xf0\xe5\xe7\xf3\xeb\xf2\xe0\xf2\0" "\xf5\xe0\xed\xea\0" "\xea\xe0\xf2\xe0\xf1\xf2\xf0\xee\xf4\xe0\0"
  "\xee\xe1\xff\xf1\xed\xe5\xed\xe8\xe5\0" "\xf0\xee\xe4\xe8\0" "\xe0\xeb\xea\xee\xf5\xee\xeb\0"
  "\xea\xf0\xe0\xeb\xff\xf2\0" "\xe1\xe0\xe3\xe0\xe6\xe0\0" "\xf2\xe5\xe9\xeb\xfa\xf0\0" "\xe4\xe6\xee\xf8\0"
  "\xf7\xfa\xea\0" "\xf3\xe8\xea\xe5\xed\xe4\0" "\xff\xe4\xee\xf1\xe0\xed\xe0\0" "\xef\xee\xea\xf0\xe0\xe9\0"
  "\xf1\xf2\xe0\xf0\xe8\xf2\xe5\0" "\xea\xe0\xea\xfa\xe2\xf2\xee\0" "\xe7\xe0\xe4\xfa\xf0\xe6\xe0\0"
  "\xf1\xfa\xec\xed\xe5\xed\xe8\xe5\0" "\xed\xe0\xf0\xe8\xf7\xe0\xf8\0" "\xe2\xee\xe9\xed\xe8\xea\0"
  "\xee\xe1\xe8\xf7\xe0\xec\xe5\0" "\xf3\xf7\xe0\0" "\xf1\xfa\xee\xe1\xf9\xe5\xed\xe8\xe5\xf2\xee\0"
  "\xe3\xe0\xf0\xe8\0" "\xeb\xe5\xe4\0" "\xe4\xe8\xe9\xed\0" "\xef\xee\xed\xe5\xe4\xe5\xeb\xed\xe8\xea\0"
  "\xf1\xe5\xe2\xe5\xf0\0" "\xea\xf3\xf7\xe5\xf2\xe0\0" "\xee\xf2\xef\xf0\xe5\xe4\0" "\xf2\xee\xef\xea\xe0\0"
  "\xed\xe0\xf1\xea\xee\xf0\xee\0" "\xf0\xe5\xe7\xf3\xeb\xf2\xe0\xf2\xe8\xf2\xe5\0" "\xeb\xee\xf1\0"
  "\xf2\xe5\xee\xf0\xe8\xff\0" "\xf1\xe2\xee\xe1\xee\xe4\xed\xee\0" "\xec\xe8\xed\0" "\xe4\xee\xe3\xee\xe2\xee\xf0\0"
  "\xea\xee\xec\xef\xfe\xf2\xfa\xf0\xe0\0" "\xed\xe0\xf1\xf2\xf0\xee\xe5\xed\xe8\xe5\0"
  "\xef\xfa\xf2\xf3\xe2\xe0\xed\xe5\xf2\xee\0" "\xf0\xe0\xe1\xee\xf2\xe8\xeb\0" "\xef\xe8\xe5\0"
  "\xe5\xeb\xe8\xe7\xe0\xe1\xe5\xf2\0" "\xe4\xe5\xe9\xf1\xf2\xe2\xe8\xe5\0" "\xe2\xea\xf3\xf1\xed\xee\0"
  "\xee\xf2\xea\xf0\xe8\xeb\xe8\0" "\xf2\xf0\xe5\xf2\xe8\0" "\xf7\xf3\xf5\xf2\xe5\0" "\xf3\xf1\xef\xe5\xff\0"
  "\xf1\xf2\xee\0" "\xe2\xf0\xe0\xe3\0" "\xee\xf1\xfa\xe7\xed\xe0\xf5\0" "\xf6\xfa\xf0\xea\xe2\xe0\0"
  "\xe4\xf0\xf3\xe3\xe8\xff\xf2\0" "\xee\xf2\xe2\xee\xf0\xe5\xf2\xe5\0" "\xe1\xe0\xe7\xe0\0" "\xf4\xe8\xeb\xec\xe8\0"
  "\xef\xf0\xee\xf4\xe5\xf1\xee\xf0\0" "\xe1\xee\xe3\xe0\xf2\0" "\xf6\xe5\xeb\xf3\xe2\xea\xe0\0"
  "\xf7\xee\xe2\xe5\xf8\xea\xe8\0" "\xef\xee\xe2\xf2\xe0\xf0\xff\xec\0" "\xf1\xec\xff\xf2\xe0\xf2\xe5\0"
  "\xef\xeb\xe0\xe6\xe0\0" "\xea\xe0\xe7\xe0\xeb\xe8\0" "\xf1\xe0\xec\xe8\xff\xf2\0" "\xf1\xe0\xec\xe0\xf2\xe0\0"
  "\xe3\xee\xf2\xe8\xed\0" "\xe6\xe5\xf0\xf2\xe2\xe8\xf2\xe5\0" "\xf1\xf2\xe8\xeb\0" "\xed\xe0\xec\xe8\xf0\xe0\xec\0"
  "\xef\xf0\xee\xe1\xeb\xe5\xec\xe8\xf2\xe5\0" "\xe8\xe7\xeb\xfa\xe3\xe0\0" "\xef\xf0\xee\xe2\xe5\xf0\xe8\xf5\0"
  "\xeb\xee\xf0\xe4\0" "\xe2\xe7\xe8\xec\xe0\xec\0" "\xf1\xe5\xf9\xe0\xf8\0" "\xef\xe0\xf2\xf0\xe8\xea\0"
  "\xee\xe1\xe8\xf7\xe0\xf5\0" "\xef\xf0\xee\xf1\xf2\xe5\xf2\xe5\0" "\xf1\xe2\xee\xe1\xee\xe4\xed\xe8\0"
  "\xf1\xea\xee\xf0\xee\xf1\xf2\0" "\xe7\xee\xed\xe0\0" "\xf1\xef\xe8\xf0\xe0\0" "\xef\xe8\xe5\xec\0"
  "\xf1\xeb\xe0\xe4\xea\xe8\0" "\xef\xf0\xe0\xe2\xe8\xeb\xe8\0" "\xf3\xe8\xeb\xff\xec\0"
  "\xef\xee\xec\xee\xeb\xe8\xf5\0" "\xe8\xe7\xea\xeb\xfe\xf7\xe5\xed\xe8\xe5\0"
  "\xeb\xe5\xea\xe0\xf0\xf1\xf2\xe2\xe0\0" "\xee\xf1\xe2\xee\xe1\xee\xe4\xe8\0" "\xe8\xec\xe5\xed\xe0\xf2\xe0\0"
  "\xf1\xfa\xe6\xe0\xeb\xff\xe2\xe0\xf8\0" "\xe8\xed\xe4\xe8\xff\0" "\xef\xeb\xfe\xf1\0"
  "\xf0\xe0\xe7\xf1\xf2\xee\xff\xed\xe8\xe5\0" "\xf3\xec\xe8\xf0\xe0\xf2\0" "\xf1\xfa\xe3\xeb\xe0\xf1\xe8\0"
  "\xf1\xe2\xee\xe9\0" "\xea\xf3\xf2\xe8\xff\xf2\xe0\0" "\xe2\xfa\xf0\xe2\xe8\xf8\0" "\xe0\xeb\xe8\xf1\0"
  "\xed\xe0\xef\xf0\xe0\xe2\xe8\xf5\xf2\xe5\0" "\xef\xf0\xee\xea\xeb\xff\xf2\xe8\xe5\0"
  "\xef\xf0\xe5\xe4\xef\xee\xeb\xe0\xe3\xe0\0" "\xe3\xee\xe2\xee\xf0\xe8\xeb\0" "\xed\xee\xe2\xee\xf2\xee\0"
  "\xfa\xe3\xfa\xeb\xe0\0" "\xf2\xf0\xfa\xe3\xe2\xe0\0" "\xef\xe0\xe4\xed\xe5\0" "\xeb\xe5\xee\0"
  "\xf1\xef\xe5\xf6\xe8\xe0\xeb\xed\xe0\0" "\xee\xf7\xe0\xea\xe2\xe0\xf8\0" "\xe2\xe8\xe4\xe5\xeb\xe8\0"
  "\xf1\xe2\xe8\xe4\xe5\xf2\xe5\xeb\xe8\0" "\xe8\xe7\xe3\xf3\xe1\xe8\0" "\xef\xf0\xee\xe5\xea\xf2\0"
  "\xf1\xef\xe0\xf1\xe8\xf8\0" "\xec\xee\xe7\xfa\xea\0" "\xe2\xed\xe8\xec\xe0\xe2\xe0\xe9\xf2\xe5\0"
  "\xe0\xf0\xe5\xf1\xf2\xf3\xe2\xe0\xed\0" "\xe1\xf0\xe0\xea\xe0\0" "\xf1\xef\xe0\xf1\xe8\xec\0"
  "\xf4\xe8\xeb\xe8\xef\0" "\xf3\xf1\xef\xff\xf5\xec\xe5\0" "\xef\xf0\xee\xe2\xe0\xeb\xe8\0"
  "\xf0\xe0\xe7\xe1\xf0\xe0\xf5\xf2\xe5\0" "\xed\xe5\xe2\xe5\xf0\xee\xff\xf2\xed\xe0\0" "\xe7\xe0\xec\xff\xed\xe0\0"
  "\xe8\xe7\xf7\xe0\xea\xe0\xe9\xf2\xe5\0" "\xe3\xee\xe4\xe8\xed\xe0\xf2\xe0\0" "\xef\xee\xec\xed\xe8\xf2\xe5\0"
  "\xf7\xe8\xea\xe0\xe3\xee\0" "\xe2\xf1\xff\xea\xe0\xea\xe2\xe8\0" "\xef\xf0\xe8\xff\xf2\xed\xe0\0"
  "\xf7\xe5\xf0\xe2\xe5\xed\xee\0" "\xee\xe1\xf9\xe5\xf1\xf2\xe2\xee\xf2\xee\0" "\xe4\xff\xe2\xee\xeb\0"
  "\xe7\xe0\xea\xe0\xf0\xe0\xec\0" "\xe4\xfa\xeb\xe6\xe0\0" "\xe8\xe7\xef\xee\xeb\xe7\xe2\xe0\xe9\0"
  "\xea\xe0\xf0\xe8\xe5\xf0\xe0\xf2\xe0\0" "\xef\xf0\xe8\xf0\xee\xe4\xe0\xf2\xe0\0"
  "\xef\xee\xe7\xe4\xf0\xe0\xe2\xe8\0" "\xef\xf0\xee\xea\xeb\xe5\xf2\0" "\xed\xe0\xf1\xe8\xeb\xe8\xe5\0"
  "\xef\xee\xe1\xe5\xe4\xe0\0" "\xea\xf0\xe0\xe4\xe5\xf6\0" "\xf0\xee\xe6\xe4\xe5\xed\xe8\xff\0"
  "\xe8\xe7\xeb\xe8\xe7\xe0\xf8\0" "\xe0\xeb\xe8\xf1\xfa\xed\0" "\xe4\xe6\xe0\xea\xf1\xfa\xed\0"
  "\xf0\xe0\xe7\xeb\xe8\xea\xe0\xf2\xe0\0" "\xec\xe8\xe3\0" "\xe4\xee\xea\0" "\xf1\xe2\xe5\xf2\xe8\0"
  "\xef\xeb\xe0\xf9\xe0\xec\0" "\xee\xf2\xe2\xee\xf0\xff\0" "\xed\xe0\xef\xf0\xe0\xe2\xe8\xf5\xe0\0"
  "\xec\xe8\xf1\xfa\xeb\xf2\xe0\0" "\xed\xe0\xef\xf3\xf1\xed\xe5\0" "\xe4\xe0\xe4\xe5\xf2\xe5\0"
  "\xef\xf0\xee\xe4\xfa\xeb\xe6\xe5\xed\xe8\xe5\0" "\xe0\xe4\xf0\xe5\xf1\0" "\xf1\xeb\xe0\xe4\xea\xe0\0"
  "\xe3\xee\xf0\xe4\xe5\xff\0" "\xef\xee\xec\xee\xe3\xed\xe0\xf2\0" "\xee\xe1\xe0\xe4\xe5\xf2\xe5\0"
  "\xef\xf0\xee\xe4\xfa\xeb\xe6\xe0\xe2\xe0\xec\xe5\0" "\xf1\xe5\xeb\xee\xf2\xee\0" "\xed\xe0\xf8\xe8\0"
  "\xf0\xe0\xff\xed\0" "\xf1\xe2\xee\xe5\xf2\xee\0" "\xe7\xe0\xe3\xf3\xe1\xff\0" "\xef\xf0\xe5\xe4\xeb\xee\xe6\xe0\0"
  "\xf1\xee\xe1\xf1\xf2\xe2\xe5\xed\xe0\xf2\xe0\0" "\xee\xf2\xe3\xee\xe2\xee\xf0\xe5\xed\0" "\xef\xe0\xf0\xea\xe0\0"
  "\xf7\xe0\xf0\xeb\xe7\0" "\xf1\xef\xf0\xe0\xe2\xff\xf8\0" "\xed\xe5\xe3\xee\xe2\0"
  "\xf1\xf2\xf0\xe0\xf5\xee\xf2\xed\xe8\0" "\xe2\xe0\xe6\xed\xe8\0" "\xe2\xe5\xeb\xe8\xea\0" "\xe1\xe5\xe4\xe0\0"
  "\xe1\xe8\xe5\xf8\0" "\xeb\xfa\xe6\xe5\xf6\0" "\xea\xe0\xf4\xe5\xf2\xee\0" "\xf7\xe5\xf2\xe0\0"
  "\xe2\xe4\xe8\xe3\xed\xe0\0" "\xee\xf2\xe2\xf0\xe0\xf2\xe8\xf2\xe5\xeb\xed\xee\0"
  "\xe7\xe0\xef\xee\xe2\xe5\xe4\xe8\0" "\xe3\xf3\xe1\xe8\xf8\0" "\xf7\xf3\xe2\xe0\xf2\xe5\0" "\xf0\xee\xe1\xe8\xed\0"
  "\xe8\xf1\xf3\xf1\xe5\0" "\xe1\xee\xf0\xe1\xe0\0" "\xf3\xe2\xe5\xf0\xff\0" "\xf1\xeb\xf3\xf8\xe0\0"
  "\xf1\xf2\xee\xff\xf2\0" "\xed\xe0\xf1\xf2\xf0\xe0\xed\xe0\0" "\xef\xeb\xe0\xf2\xe8\xf8\0" "\xff\xe4\xe5\xed\xe5\0"
  "\xef\xf0\xee\xe4\xe0\xe2\xe0\0" "\xf3\xf0\xee\xea\0" "\xe8\xe3\xf0\xe8\0" "\xf1\xe0\xe9\xec\xfa\xed\0"
  "\xf1\xfa\xe2\xe5\xf2\xe0\0" "\xec\xee\xec\xe8\xf7\xe5\xed\xf6\xe5\0" "\xf1\xe5\xf0\xe8\xee\xe7\xed\xe0\0"
  "\xed\xe5\xef\xf0\xe5\xea\xfa\xf1\xed\xe0\xf2\xee\0" "\xee\xf1\xf2\xe0\xe2\xff\xec\0" "\xee\xf2\xea\xe0\xe7\xe0\0"
  "\xf2\xf0\xe8\xec\xe0\xf2\xe0\0" "\xef\xee\xe7\xed\xe0\xe9\0" "\xe7\xe0\xef\xee\xe4\xee\xe7\xf0\xff\xed\0"
  "\xf2\xe8\xec\0" "\xf2\xf0\xfa\xe3\xed\xe0\xeb\0" "\xe7\xe0\xe5\xec\xe0\0" "\xea\xf0\xe0\xe9\xed\xe0\0"
  "\xf1\xe2\xee\xe1\xee\xe4\xe0\xf2\xe0\0" "\xee\xef\xe0\xf1\xe5\xed\0" "\xf7\xe0\xea\xe0\xf5\0"
  "\xed\xe5\xe3\xee\xe2\xe8\xff\xf2\0" "\xf3\xe1\xe8\xe5\xec\0" "\xf0\xe0\xe9\xee\xed\xe0\0"
  "\xea\xe0\xf0\xf2\xe8\xed\xe0\0" "\xef\xee\xeb\xf3\xf7\xe8\xeb\0" "\xe3\xee\xeb\xe5\xec\xe8\xf2\xe5\0"
  "\xe1\xe5\xeb\xe8\0" "\xf3\xec\xf0\xe5\xec\0" "\xea\xf3\xf7\xea\xee\0" "\xeb\xe0\xe3\xe5\xf0\0"
  "\xea\xe0\xec\xe8\xee\xed\xe0\0" "\xf3\xe1\xe8\xeb\xe8\0" "\xef\xf0\xee\xef\xf3\xf1\xed\xe0\0"
  "\xe0\xec\xe5\xf0\xe8\xea\xe0\xed\xf1\xea\xe8\0" "\xe2\xff\xf0\xe2\xe0\xf2\xe5\0" "\xea\xee\xef\xe8\xe5\0"
  "\xea\xe0\xea\xe2\xe0\xf2\xee\0" "\xeb\xe0\0" "\xea\xe0\xeb\xe8\xf4\xee\xf0\xed\xe8\xff\0"
  "\xec\xe0\xf5\xed\xe5\xec\0" "\xee\xf1\xf2\xe0\xed\xe0\xeb\xee\xf2\xee\0" "\xf1\xf7\xf3\xef\xe8\0"
  "\xe2\xeb\xe5\xe7\xf2\xe5\0" "\xe2\xe5\xe3\xe0\xf1\0" "\xef\xf0\xfa\xf1\xf2\xe5\xed\0" "\xf5\xe0\xed\0"
  "\xf1\xeb\xee\xe6\xed\xee\0" "\xf0\xee\xf1\0" "\xf7\xf3\xe5\xec\0" "\xe1\xeb\xe0\xe3\xee\xe4\xe0\xf0\xe8\xec\0"
  "\xe8\xe7\xef\xf0\xe0\xe2\xe8\0" "\xf1\xeb\xee\xe6\xe8\xec\0" "\xed\xee\xf0\xec\xe0\xeb\xe5\xed\0"
  "\xec\xe5\xf7\xf2\xe0\0" "\xf3\xe1\xe8\xf2\xe8\0" "\xe1\xe0\xed\xea\xe0\0" "\xe4\xee\xe9\xe4\xee\xf5\xe0\0"
  "\xe7\xe0\xef\xee\xec\xed\xe8\0" "\xe3\xe0\xe7\0" "\xee\xf2\xed\xee\xf8\xe5\xed\xe8\xe5\0" "\xec\xe0\xe3\xe8\0"
  "\xee\xf2\xea\xf0\xe8\xe5\0" "\xf5\xe0\xf0\xf2\xe8\xff\0" "\xee\xe1\xee\xe6\xe0\xe2\xe0\xec\0"
  "\xe2\xfa\xe7\xec\xee\xe6\xed\xee\xf1\xf2\xe8\0" "\xe2\xff\xf0\xe2\xe0\xf2\0" "\xe0\xe3\xe5\xed\xf2\xe8\0"
  "\xe7\xe0\xef\xe0\xe7\xe8\0" "\xea\xe8\xf2\xe0\xe9\0" "\xef\xf0\xe8\xed\xe0\xe4\xeb\xe5\xe6\xe8\0"
  "\xe0\xe2\xf2\xee\xe1\xf3\xf1\xe0\0" "\xef\xee\xe2\xff\xf0\xe2\xe0\0" "\xf0\xe0\xff\0"
  "\xec\xe5\xf1\xf2\xe0\xf2\xe0\0" "\xed\xe0\xf0\xe5\xf7\xe5\0" "\xf1\xef\xee\xf1\xee\xe1\xe5\xed\0"
  "\xef\xf0\xe5\xe4\xf1\xf2\xe0\xe2\xff\xec\0" "\xef\xf0\xe8\xe3\xee\xf2\xe2\xe8\0" "\xf1\xf2\xe0\xe2\xe0\xf8\0"
  "\xef\xee\xeb\xe8\xf6\xe0\xe8\0" "\xf7\xe5\xf0\xed\xe0\0" "\xef\xf0\xee\xe4\xfa\xeb\xe6\xe0\xe2\xe0\xf8\0"
  "\xf3\xf1\xf2\xe0\0" "\xe1\xf0\xe0\xf2\xee\xe2\xf7\xe5\xe4\0" "\xf1\xef\xe5\xf7\xe5\xeb\xff\0"
  "\xe7\xfa\xe1\xe8\xf2\xe5\0" "\xf1\xfa\xf9\xe5\xf1\xf2\xe2\xe0\0" "\xef\xee\xe8\xf1\xea\xe0\xf8\0"
  "\xef\xe0\xec\xe5\xf2\xf2\xe0\0" "\xef\xee\xea\xe0\xe6\xe5\xf8\0" "\xe4\xe6\xee\xf3\xe8\0"
  "\xef\xf0\xe8\xea\xf0\xe8\xf2\xe8\xe5\0" "\xf0\xe5\xf8\xe8\xeb\0" "\xea\xee\xec\xef\xfe\xf2\xfa\xf0\0"
  "\xf2\xf0\xfa\xe3\xe2\xe0\xe9\xf2\xe5\0" "\xf5\xeb\xe0\xef\xe5\xf2\xee\0" "\xef\xe8\xf1\xec\xee\xf2\xee\0"
  "\xe0\xf4\xf0\xe8\xea\xe0\0" "\xe3\xf0\xe5\xe3\0" "\xed\xe8\xea\xe0\xea\0" "\xf1\xe0\xec\xe8\xff\0"
  "\xe7\xe0\xe2\xe5\xe4\xe5\0" "\xe3\xe5\xf0\xec\xe0\xed\xe8\xff\0" "\xe8\xe7\xe1\xf0\xe0\0" "\xed\xe8\xea\xe8\0"
  "\xf1\xfa\xe4\xe8\xff\xf2\xe0\0" "\xf1\xec\xe8\xf2\0" "\xea\xf3\xf0\xf8\xf3\xec\0" "\xef\xeb\xe0\xf9\xe0\xf2\0"
  "\xef\xf0\xe0\xea\xf2\xe8\xea\xe0\0" "\xec\xe8\xf8\xe5\xeb\0" "\xee\xf2\xef\xe5\xf7\xe0\xf2\xfa\xf6\xe8\0"
  "\xef\xf0\xe8\xec\xe5\xf0\0" "\xe8\xe4\xe2\xe0\xec\xe5\0" "\xe1\xe0\xed\xe4\xe0\0" "\xf1\xe2\xfa\xf0\xe6\xe0\0"
  "\xe7\xe0\xef\xee\xe7\xed\xe0\xff\0" "\xf3\xee\xf3\0" "\xee\xf2\xea\xf0\xe8\xe5\xf8\0" "\xec\xec\0"
  "\xeb\xf3\xe4\xe8\0" "\xec\xee\xec\xe5\xed\xf2\xe8\0" "\xee\xe1\xfa\xf0\xed\xe0\0"
  "\xe8\xe7\xe3\xeb\xe5\xe6\xe4\xe0\xf2\xe5\0" "\xee\xf2\xea\xf0\xe0\xe4\xed\xe0\xeb\0" "\xf3\xec\xf0\xe0\xf2\0"
  "\xf0\xe5\xe1\xe5\xea\xe0\0" "\xef\xe0\xf0\xf7\xe5\xf2\xe0\0" "\xf3\xe1\xe8\xeb\xe0\0"
  "\xe7\xe0\xef\xee\xf7\xe2\xe0\xf2\0" "\xef\xf0\xe5\xf1\xeb\xe5\xe4\xe2\xe0\0" "\xea\xe0\xf0\xe0\xf2\0"
  "\xec\xe8\xf1\xeb\xe8\xeb\0" "\xe0\xec\xe0\xed\xe4\xe0\0" "\xf1\xf2\xe0\xed\xe0\xf2\0" "\xef\xf0\xe8\xe5\xec\xe5\0"
  "\xef\xf0\xe8\xea\xe0\xe7\xea\xe8\0" "\xe2\xe7\xe5\xeb\xe0\0" "\xf2\xe5\xeb\xe5\xf4\xee\xed\xfa\xf2\0"
  "\xea\xfa\xf1\xec\xe5\xf2\xeb\xe8\xff\0" "\xff\xe9\xf6\xe0\0" "\xf1\xe2\xfa\xf0\xf8\xe2\xe0\0"
  "\xee\xe3\xf0\xee\xec\xe5\xed\0" "\xe7\xe0\xe1\xe0\xe2\xe5\xed\0" "\xe7\xe0\xea\0" "\xf1\xeb\xe5\xe4\xe8\xf2\xe5\0"
  "\xf1\xee\xe1\xf1\xf2\xe2\xe5\xed\0" "\xf3\xed\xe8\xe2\xe5\xf0\xf1\xe8\xf2\xe5\xf2\xe0\0" "\xf1\xe8\xeb\xed\xe8\0"
  "\xe5\xeb\xe5\xed\xe0\0" "\xf1\xfa\xe7\xe4\xe0\xe4\xe5\0" "\xed\xe5\xe9\xf2\xfa\xed\0" "\xff\xe4\xe5\xec\0"
  "\xed\xe5\xe7\xed\xe0\xec\0" "\xea\xf3\xef\0" "\xec\xee\xec\xe5\xed\xf2\xfa\xf2\0" "\xf2\xf0\xe5\xe2\xee\xe6\xe0\0"
  "\xe8\xe7\xef\xee\xeb\xe7\xe2\xe0\xeb\0" "\xef\xeb\xe0\xed\xe8\xed\xe0\xf2\xe0\0" "\xec\xe0\xea\0"
  "\xed\xe5\xe2\xe5\xf0\xee\xff\xf2\xe5\xed\0" "\xea\xf0\xe8\xe5\xf8\0" "\xed\xe0\xe5\xec\xe0\0"
  "\xe2\xfa\xf0\xf8\xe8\xf8\0" "\xf0\xee\xeb\xff\0" "\xf8\xe0\xef\xea\xe0\0" "\xec\xe0\xf5\xe0\xe9\xf2\xe5\0"
  "\xe7\xe2\xe5\xe7\xe4\xe8\0" "\xe2\xfa\xf0\xe2\xff\xf2\0" "\xf2\xf0\xe5\xe2\xe0\0" "\xe7\xe0\xef\xe8\xf1\xe0\0"
  "\xe3\xeb\xe0\xe4\0" "\xe2\xee\xe4\xff\0" "\xe7\xe0\xe3\xf3\xe1\xe8\xeb\0" "\xe0\xec\xe8\xed\0"
  "\xe4\xee\xe9\xe4\xee\xf5\xec\xe5\0" "\xef\xe5\xf1\xe5\xed\xf2\xe0\0" "\xe3\xf0\xfa\xe1\0" "\xf1\xee\xea\0"
  "\xec\xe0\xf7\xe0\0" "\xea\xeb\xe8\xe5\xed\xf2\xe8\xf2\xe5\0" "\xe2\xff\xf0\xe2\xe0\xec\xe5\0"
  "\xef\xf0\xe5\xe7\xe8\xe4\xe5\xed\xf2\xfa\xf2\0" "\xe2\xe7\xe5\xeb\xe8\0" "\xef\xf0\xe8\xe2\xe5\xf2\0"
  "\xe4\xee\xe1\xf0\xe0\xf2\xe0\0" "\xe1\xe0\xe1\xee\0" "\xf7\xe5\xf0\xed\xee\0" "\xef\xe5\xf7\xe5\xeb\xe8\0"
  "\xe4\xee\xea\xeb\xe0\xe4\0" "\xe7\xe2\xe5\xe7\xe4\xe8\xf2\xe5\0" "\xef\xee\xe2\xe5\xe4\xe5\xed\xe8\xe5\0"
  "\xed\xe5\xe9\xed\xee\xf2\xee\0" "\xe1\xe8\xf2\xea\xe0\xf2\xe0\0" "\xf3\xec\xed\xee\0" "\xe2\xee\xeb\xff\0"
  "\xe8\xe7\xf7\xe5\xe7\xed\xe5\0" "\xe7\xe2\xf3\xea\0" "\xee\xe1\xe8\xea\xed\xee\xe2\xe5\xed\0"
  "\xef\xf0\xe0\xe2\xe8\xeb\xee\0" "\xe4\xe6\xf3\xeb\xe8\xff\0" "\xe2\xfa\xf0\xf8\xe0\0"
  "\xed\xf3\xe6\xe4\xe0\xe5\xf8\0" "\xf3\xec\xed\xe0\0" "\xee\xf2\xea\xf0\xe8\xeb\0" "\xf3\xe1\xe5\xe4\xe5\xed\0"
  "\xe4\xe6\xe0\xea\xe8\0" "\xe8\xe7\xf2\xee\xea\0" "\xf7\xe5\xf2\xe5\xf8\0" "\xf1\xf2\xe0\xe2\xe0\xec\0"
  "\xe2\xe7\xe8\xec\xe0\0" "\xea\xe0\xec\xe5\xf0\xe8\0" "\xf3\xf1\xef\xe5\xe5\xf8\0" "\xe2\xf0\xe0\xe3\xee\xe2\xe5\0"
  "\xf1\xec\xff\xed\xe0\0" "\xef\xe8\xf8\xe5\xf8\0" "\xef\xf0\xe8\xf2\xe5\xf1\xed\xff\xe2\xe0\xf8\0"
  "\xe4\xe8\xf0\xe5\xea\xf2\xed\xee\0" "\xea\xee\xf2\xea\xe0\0" "\xe2\xe8\xf1\xee\xea\0" "\xf7\xe0\xf1\xfa\xf2\0"
  "\xef\xf0\xe5\xf1\xf2\xfa\xef\xed\xe8\xea\0" "\xef\xf0\xe5\xf1\xe0\xf2\xe0\0" "\xeb\xe5\xf2\xe8\0"
  "\xe3\xeb\xe5\xe4\xe0\xe9\xf2\xe5\0" "\xe3\xe5\xed\xe8\xe9\0" "\xee\xf2\xe8\xe2\xe0\xf2\xe5\0"
  "\xef\xf0\xfa\xf1\xf2\0" "\xf1\xf3\0" "\xe3\xf0\xe5\xf8\xe8\xf8\0" "\xe8\xe7\xe2\xe8\xed\xff\0"
  "\xef\xf0\xe8\xf2\xe5\xe6\xe0\xe2\xe0\0" "\xf3\xf1\xef\xee\xea\xee\xe9\xf2\xe5\0" "\xe1\xf0\xe5\xe3\xe0\0"
  "\xe3\xfa\xf0\xeb\xee\xf2\xee\0" "\xf2\xe5\xf0\xe8\0" "\xe5\xe7\xe5\xf0\xee\xf2\xee\0"
  "\xef\xee\xe3\xf0\xe5\xf8\xed\xee\0" "\xe8\xe7\xed\xe5\xed\xe0\xe4\xe0\xed\0"
  "\xe8\xed\xf1\xef\xe5\xea\xf2\xee\xf0\0" "\xe4\xfa\xed\xee\xf2\xee\0" "\xe3\xeb\xe5\xe4\xe0\xf2\xe5\0"
  "\xe2\xe7\xe8\xec\xe0\xf8\0" "\xf2\xee\xef\xeb\xee\0" "\xf1\xec\xff\xf2\xe0\xf2\0" "\xee\xf2\xe4\xe5\xeb\xe0\0"
  "\xea\xf3\xf0\xf1\0" "\xf2\xfa\xe6\xed\xee\0" "\xe7\xe0\xef\xe8\xf1\0" "\xf1\xe5\xeb\xee\0"
  "\xef\xee\xe3\xf0\xe5\xe1\xe5\xed\xe8\xe5\xf2\xee\0" "\xe2\xf0\xfa\xf9\xe0\xe9\0" "\xe2\xe0\xe6\xed\xee\xf2\xee\0"
  "\xed\xe5\xe9\xed\xe8\xf2\xe5\0" "\xf1\xeb\xfa\xed\xf6\xe5\0" "\xe3\xee\xf0\xe8\0" "\xe1\xf0\xe0\xe9\xfa\xed\0"
  "\xed\xe0\xf0\xe0\xed\xff\0" "\xee\xf1\xf2\xf0\xee\xe2\xe0\0" "\xec\xe0\xe9\xee\xf0\0" "\xea\xf3\xef\xee\xed\0"
  "\xeb\xf3\xea\xe0\xf1\0" "\xe5\xe2\xe0\0" "\xec\xfa\xf0\xf2\xe2\xe8\xf2\xe5\0"
  "\xee\xe1\xf0\xe0\xf2\xed\xee\xf2\xee\0" "\xe3\xeb\xf3\xef\xee\xf1\xf2\0" "\xf2\xe2\xee\xe8\0"
  "\xf1\xef\xf0\xe0\xf2\0" "\xef\xe8\xf6\xe0\0" "\xf1\xe8\xe4\xed\xe8\0" "\xef\xee\xea\xe0\xe7\xe2\xe0\xf2\0"
  "\xe4\xee\xe2\xe5\xf0\xe8\0" "\xee\xea\xee\xf2\xee\0" "\xf2\xfa\xec\xed\xee\0" "\xf7\xe5\xed\xe3\xe5\xf2\xe0\0"
  "\xe4\xe5\xeb\xe0\0" "\xf1\xf2\xf0\xe5\xeb\xff\xe9\0" "\xf0\xe0\xe4\xe8\xee\xf2\xee\0" "\xea\xe0\xec\xe8\xee\xed\0"
  "\xe1\xe8\xff\0" "\xe3\xeb\xe0\xe4\xed\xe0\0" "\xe1\xf0\xe0\xf3\xed\0" "\xee\xf1\xf2\xe0\xed\xe0\xf2\0"
  "\xe5\xe4\xed\xe0\xf2\xe0\0" "\xf0\xe0\xe7\xe3\xee\xe2\xee\xf0\xe0\0" "\xef\xee\xe2\xf2\xee\xf0\xe8\0"
  "\xe1\xe8\xe2\xf8\0" "\xe1\xee\xeb\xe5\xf1\xf2\0" "\xef\xee\xeb\xf3\xf7\xe8\xec\0" "\xf1\xf6\xe5\xed\xe0\0"
  "\xeb\xfe\xe1\xe8\xec\xe0\xf2\xe0\0" "\xef\xf0\xe5\xec\xe5\xf1\xf2\xe8\0" "\xe8\xe7\xeb\xe8\xe7\xe0\xe9\0"
  "\xec\xe0\xf1\xeb\xee\0" "\xee\xe6\xe5\xed\xe8\0" "\xef\xf0\xee\xe4\xfa\xeb\xe6\xe0\xe2\xe0\xec\0"
  "\xef\xeb\xe0\xf8\xe8\0" "\xec\xee\xf0\xe3\xe0\xed\0" "\xef\xee\xec\xe0\xe3\xe0\xf8\0" "\xf3\xe1\xe8\xf5\xe0\0"
  "\xef\xee\xe1\xfa\xf0\xe7\xe0\xe9\xf2\xe5\0" "\xea\xee\xe6\xe0\0" "\xe4\xee\xea\xeb\xe0\xe4\xe0\0"
  "\xe3\xeb\xe0\xe2\xe5\xed\0" "\xea\xe0\xf7\xe2\xe0\xe9\0" "\xe8\xe3\xf0\xe0\xff\xf2\0"
  "\xf1\xee\xe1\xf1\xf2\xe2\xe5\xed\xe8\xf2\xe5\0" "\xf1\xeb\xe5\xe4\xe2\xe0\xf9\xee\xf2\xee\0"
  "\xe0\xed\xe3\xe5\xeb\0" "\xe8\xe7\xe1\xff\xe3\xe0\xeb\0" "\xef\xee\xf7\xf3\xe2\xf1\xf2\xe2\xe0\xf5\0"
  "\xee\xf2\xec\xfa\xf9\xe5\xed\xe8\xe5\0" "\xf0\xe0\xe1\xee\xf2\xe5\xf8\xe5\0"
  "\xe2\xfa\xe7\xec\xee\xe6\xed\xee\xf1\xf2\xf2\xe0\0" "\xf0\xe5\xf1\xf2\xee\xf0\xe0\xed\xf2\xe0\0"
  "\xf3\xf1\xec\xe8\xe2\xea\xe0\0" "\xec\xe8\xeb\xee\xf1\xf2\0" "\xf7\xf3\xe4\xed\xee\0" "\xf3\xe1\xe8\xf2\xe0\0"
  "\xf1\xef\xe0\xeb\xed\xff\xf2\xe0\0" "\xe8\xe7\xe8\xf1\xea\xe2\xe0\0" "\xef\xf0\xe5\xf1\xf2\xe0\xed\xe5\xf2\xe5\0"
  "\xf3\xe6\xe0\xf1\xed\xe8\0" "\xee\xf2\xe3\xee\xe2\xee\xf0\xfa\xf2\0" "\xea\xe0\xf0\xe0\xec\xe5\0"
  "\xf3\xec\xee\xf0\xe5\xed\0" "\xe2\xf0\xfa\xf9\xe0\xf8\0" "\xf0\xe8\xea\xe8\0" "\xe6\xe5\xeb\xe0\xe5\xf2\xe5\0"
  "\xed\xe0\xef\xe8\xf8\xe0\0" "\xe4\xe6\xfa\xf1\xf2\xe8\xed\0" "\xe4\xe6\xe8\0"
  "\xec\xe5\xf1\xf2\xee\xef\xf0\xe5\xf1\xf2\xfa\xef\xeb\xe5\xed\xe8\xe5\xf2\xee\0" "\xf1\xe2\xe0\xeb\xff\0"
  "\xef\xf0\xee\xe4\xfa\xeb\xe6\xe0\xe2\xe0\xe9\xf2\xe5\0" "\xe4\xe8\0" "\xe4\xe6\xf3\xeb\xe8\0"
  "\xe4\xe6\xee\xf3\xed\xf1\0" "\xed\xe0\xef\xe8\xf1\xe0\xeb\0" "\xed\xe0\xec\xe5\xf0\xe5\xed\xe8\xe5\0"
  "\xe3\xf3\xe1\xff\0" "\xf1\xe8\xf0\xe5\xed\xe5\0" "\xef\xe5\xf0\xe8\xee\xe4\0"
  "\xf2\xe5\xeb\xe5\xe2\xe8\xe7\xe8\xff\0" "\xe8\xe7\xec\xe0\xec\xe0\0" "\xf0\xe0\xe7\xeb\xe8\xf7\xed\xe0\0"
  "\xe2\xed\xe5\xe7\xe0\xef\xed\xee\0" "\xe2\xeb\xe0\xea\0" "\xf2\xee\xe0\xeb\xe5\xf2\xed\xe0\0"
  "\xef\xe0\xf0\xea\xfa\xf0\0" "\xe1\xee\xec\xe1\xe0\xf2\xe0\0" "\xef\xe0\xe7\xe5\xf2\xe5\0" "\xe7\xe0\xea\xee\xed\0"
  "\xf1\xe0\xec\xee\xf3\xe1\xe8\xe9\xf1\xf2\xe2\xee\0" "\xeb\xe0\xe3\xe5\xf0\xe0\0"
  "\xea\xe0\xef\xe8\xf2\xe0\xed\xe0\0" "\xe4\xfa\xf9\xe5\xf0\xff\xf2\xe0\0" "\xf4\xf0\xe5\xe4\0"
  "\xf1\xeb\xf3\xf7\xe0\xff\xf2\0" "\xf4\xf0\xe0\xed\xea\xe8\0" "\xee\xec\xfa\xe6\xe8\0" "\xe7\xeb\xee\0"
  "\xef\xe0\xe7\xe8\xf8\0" "\xf1\xef\xe5\xf7\xe5\xeb\xe8\xf8\0" "\xee\xe1\xff\xf1\xed\xff\xe2\xe0\0"
  "\xe1\xe8\xeb\xe5\xf2\0" "\xf3\xe1\xe8\xe2\xe0\xf2\0" "\xf1\xe5\xe4\xff\0" "\xf2\xfa\xef\xee\0"
  "\xe1\xf3\xea\xe2\xe0\xeb\xed\xee\0" "\xf1\xf2\xf0\xe0\xf5\xf3\xe2\xe0\xf8\0" "\xea\xf0\xe0\xf1\xee\xf2\xe0\0"
  "\xef\xf0\xe5\xea\xe0\xf0\xe0\xf5\0" "\xf1\xf2\xe5\xed\xe0\0" "\xe3\xf0\xe0\xe4\xf3\xf1\xe0\0"
  "\xee\xf2\xe2\xee\xf0\xe5\xed\xe0\0" "\xec\xf0\xe0\xe7\xe8\xf8\0" "\xe7\xe0\xe1\xf0\xe0\xe2\xe8\xf8\0"
  "\xe1\xe5\xeb\xe5\xe6\xea\xe0\0" "\xef\xee\xe4\xe0\xe9\0" "\xe1\xf0\xe0\xf2\xff\xf2\xe0\0" "\xea\xf3\xef\xe8\xf8\0"
  "\xef\xee\xe7\xe2\xee\xeb\xe8\xec\0" "\xf7\xf3\xe2\xe0\0" "\xe8\xe7\xec\xfa\xea\xed\xe5\0"
  "\xef\xf0\xe8\xff\xf2\xe5\xeb\xea\xe8\0" "\xe1\xf3\xf0\xff\0" "\xe8\xf1\xea\xe0\xf5\xe0\0"
  "\xe8\xf1\xf2\xe8\xed\xf1\xea\xee\xf2\xee\0" "\xf1\xf2\xf0\xe0\xed\xe8\xf6\xe0\0" "\xeb\xe8\xf1\xe0\0"
  "\xf0\xe5\xf8\xe8\xf5\xec\xe5\0" "\xf0\xee\xe1\xe8\0" "\xeb\xff\xe2\xee\0" "\xe7\xe0\xe3\xf3\xe1\xe8\xf8\0"
  "\xe6\xe8\xe2\xe5\xe5\xf2\xe5\0" "\xf1\xeb\xe0\xe4\xee\xeb\xe5\xe4\0" "\xe3\xee\xeb\0" "\xea\xf0\xfa\xe3\0"
  "\xf3\xeb\xe8\xf6\xe8\xf2\xe5\0" "\xef\xeb\xe0\xed\xee\xe2\xe5\xf2\xe5\0" "\xf1\xec\xff\xf5\0"
  "\xef\xf0\xe8\xed\xf6\xe5\xf1\xe0\0" "\xef\xee\xeb\xf3\xf7\xe0\xe2\xe0\xec\0" "\xf1\xeb\xf3\xf7\xe2\xe0\xeb\xee\0"
  "\xf0\xe5\xe6\xe8\xf1\xfc\xee\xf0\0" "\xf2\xf0\xe8\xf2\xe5\0" "\xea\xe8\xed\xee\0" "\xf5\xe0\xf3\xfa\xf0\xe4\0"
  "\xf0\xe0\xe9\xeb\xe8\0" "\xe7\xe0\xe1\xe5\xeb\xff\xe7\xe0\xf5\0" "\xec\xe0\xf8\xe8\xed\xe0\xf2\xe0\0"
  "\xef\xf0\xee\xea\xf3\xf0\xee\xf0\0" "\xe4\xee\xea\xe0\xe6\xe0\0" "\xf0\xff\xe4\xea\xee\0" "\xe2\xee\0"
  "\xec\xe8\xed\xe5\xec\0" "\xf8\xe5\xf0\xe8\xf4\0" "\xef\xf0\xe8\xe7\xed\xe0\xe2\xe0\xec\0" "\xe4\xf0\xee\xe3\xe0\0"
  "\xee\xed\xff\0" "\xf4\xf0\xe5\xed\xf1\xea\xe8\0" "\xe3\xf3\xe1\xe8\xec\0" "\xea\xee\xf8\xec\xe0\xf0\0"
  "\xe4\xe5\xf0\xe5\xea\0" "\xe7\xe2\xfa\xed\xe8\0" "\xf4\xe5\xed\0" "\xe7\xe0\xef\xe0\xe4\0"
  "\xee\xf2\xea\xe0\xe6\xe5\xf8\0" "\xef\xee\xf1\xf2\xe0\xe2\xe8\0" "\xe4\xe5\xe9\xf1\xf2\xe2\xe0\xec\xe5\0"
  "\xed\xe5\xf3\xe4\xee\xe1\xed\xee\0" "\xea\xe2\xe0\xf0\xf2\xe0\xeb\0" "\xfe\xe3\0" "\xe1\xe5\xf2\xe8\0"
  "\xf1\xf2\xf0\xe0\xed\xed\xe0\0" "\xe2\xe8\xf1\xee\xf7\xe5\xf1\xf2\xe2\xee\0" "\xf1\xe5\xe4\xe8\0"
  "\xee\xf2\xe2\xfa\xe4\0" "\xe4\xe5\xed\xe8\xf1\0" "\xf1\xf2\xe5\xef\xe5\xed\0" "\xf1\xe0\xec\xee\xf2\xee\0"
  "\xea\xeb\xe5\xfa\xf0\0" "\xe4\xf3\xf5\xe0\0" "\xef\xf0\xe8\xea\xeb\xfe\xf7\xe8\xf5\0"
  "\xe7\xe0\xef\xee\xf7\xed\xe0\xeb\0" "\xf1\xef\xee\xec\xed\xff\0" "\xed\xf3\xe6\xed\xe8\0" "\xe1\xee\xf0\xe8\0"
  "\xef\xee\xe4\xea\xf0\xe5\xef\xe0\0" "\xf3\xf1\xef\xe5\xe5\0" "\xef\xee\xeb\xf3\xed\xee\xf9\0"
  "\xf1\xf2\xe0\xed\xe8\0" "\xec\xe8\xed\xe0\xf5\xe0\0" "\xef\xf0\xe0\xe2\xee\xf2\xee\0" "\xf4\xe8\xf0\xec\xe0\0"
  "\xf0\xee\xe9\0" "\xf1\xfa\xee\xe1\xf9\xe5\xed\xe8\xff\0" "\xe7\xe0\xe2\xfa\xf0\xf8\xe8\0" "\xea\xee\xed\xfa\xf0\0"
  "\xf0\xe5\xf8\xe5\xed\xe8\xff\0" "\xef\xe8\xf1\xec\xe0\0" "\xf0\xe8\xea\0" "\xf3\xe1\xe8\xe9\xf6\xe8\0"
  "\xe8\xe7\xf1\xf2\xf0\xe5\xeb\0" "\xf2\xe0\xe9\xed\xee\0" "\xef\xf3\xf1\xed\xe5\xf8\0" "\xe2\xf2\xee\xf0\xe8\xff\0"
  "\xf0\xee\xe4\xe6\xfa\xf0\0" "\xe4\xe5\xe9\xe2\xe8\xf1\0" "\xee\xf2\xed\xe5\xec\xe0\0" "\xeb\xee\xf8\xe8\xf2\xe5\0"
  "\xef\xee\xe3\xeb\xe5\xe4\xed\xe5\xf8\0" "\xeb\xe8\xf7\xe5\xed\0" "\xef\xee\xe7\xed\xe0\xff\0"
  "\xe3\xe5\xed\xe5\xf0\xe0\xeb\xe5\0" "\xf2\xfa\xef\0" "\xef\xf0\xee\xe2\xe5\xf0\xea\xe0\0"
  "\xe7\xe0\xeb\xe0\xf2\xe0\0" "\xef\xf0\xee\xe4\xe0\xe4\xe5\0" "\xec\xe8\xeb\xe8\xf7\xfa\xea\0"
  "\xf2\xf0\xf3\xe4\xe5\xed\0" "\xf1\xee\xe1\xf1\xf2\xe2\xe5\xed\xe0\0" "\xf7\xe8\xf1\xf2\xe8\0"
  "\xef\xf0\xe8\xe1\xe5\xf0\xe5\0" "\xf1\xee\xe1\xf1\xf2\xe2\xe5\xed\xee\xf1\xf2\0"
  "\xef\xee\xe7\xe2\xee\xeb\xe5\xf2\xe5\0" "\xe6\xe5\xeb\xe0\xed\xe8\xe5\xf2\xee\0" "\xe8\xf1\xea\xe0\xf5\xec\xe5\0"
  "\xee\xec\xfa\xe6\xe5\xed\xe0\0" "\xe2\xe8\xf1\xee\xea\xe0\0" "\xea\xe5\xe9\xf2\xe8\0" "\xf4\xe0\xea\xf2\0"
  "\xf1\xe2\xfa\xf0\xf8\xe5\xed\xee\0" "\xef\xf0\xe8\xe1\xe5\xf0\xe5\xf8\0" "\xe1\xe8\xff\xf2\0" "\xea\xf3\xe8\xed\0"
  "\xee\xe1\xe5\xf9\xe0\xe9\0" "\xef\xf0\xe0\xe2\xe5\xf2\xe5\0" "\xe8\xe7\xea\xeb\xfe\xf7\xe8\0"
  "\xe1\xfa\xf0\xe7\xe0\0" "\xf1\xf2\xfa\xeb\xe1\xe8\xf2\xe5\0" "\xe4\xee\xf1\xe8\xe5\xf2\xee\0"
  "\xf1\xf2\xe0\xed\xe0\xf5\0" "\xec\xe8\xed\xe8\0" "\xf0\xee\xe1\0" "\xf1\xfe\xe7\xfa\xed\0" "\xed\xe0\xe5\xec\0"
  "\xed\xe0\xef\xf3\xf1\xed\xe5\xf8\0" "\xf2\xf0\xf3\xef\xe0\0" "\xfa\xfa\0" "\xe7\xe0\xed\xe8\xec\xe0\xe2\xe0\xec\0"
  "\xe3\xee\xf1\xf2\0" "\xf5\xec\xec\0" "\xf1\xfa\xf1\xf2\xe5\xe7\xe0\xed\xe8\xe5\0" "\xff\xe6\0"
  "\xee\xf2\xe2\xfa\xf2\xf0\xe5\0" "\xf0\xe0\xe9\xfa\xed\0" "\xe3\xeb\xf3\xef\xe0\xe2\xe8\0"
  "\xef\xf0\xe8\xe3\xee\xf2\xe2\xe5\xf2\xe5\0" "\xec\xe0\xe7\xe5\xf2\xee\0" "\xf1\xea\xfa\xef\xee\0"
  "\xe7\xe0\xf9\xe8\xf2\xe8\0" "\xee\xf2\xe2\xe5\xe4\xe5\0" "\xf2\xe5\xeb\xe0\xf2\xe0\0" "\xe4\xe8\xeb\xfa\xed\0"
  "\xec\xe0\xf0\xf2\xe0\0" "\xf8\xe0\xec\xef\xe0\xed\xf1\xea\xee\0" "\xe2\xe0\xeb\xe8\0"
  "\xef\xf0\xe8\xe1\xe8\xf0\xe0\xec\0" "\xe7\xeb\xee\xf2\xee\0" "\xec\xe5\xf7\xf2\xe8\xf2\xe5\0"
  "\xef\xee\xe7\xed\xe0\xf2\0" "\xf1\xeb\xee\xe6\xe8\xf8\0" "\xee\xe1\xe0\xe6\xe4\xe0\xec\0" "\xeb\xe5\xeb\xfc\xee\0"
  "\xf1\xf2\xee\xeb\0" "\xf5\xeb\xff\xe1\0" "\xf3\xf8\xe8\xf2\xe5\0" "\xf3\xf7\xe8\xf8\0" "\xea\xee\xed\xff\0"
  "\xe2\xea\xeb\xfe\xf7\xe8\0" "\xee\xe1\xe0\xe4\xe8\xec\0" "\xea\xe2\xe0\xf0\xf2\xe0\xeb\xe0\0"
  "\xf1\xec\xe5\xed\xe8\0" "\xf1\xeb\xe0\xe1\0" "\xef\xee\xeb\xf3\xf7\xe0\xe2\xe0\xf8\0" "\xe4\xe0\xe4\xe0\xf2\0"
  "\xea\xee\xf1\xec\xee\xf1\xe0\0" "\xf1\xe5\xf1\xf2\xf0\xe8\0" "\xe7\xe0\xf1\xeb\xf3\xe6\xe0\xe2\xe0\xf8\0"
  "\xed\xe0\xe1\xeb\xfe\xe4\xe5\xed\xe8\xe5\0" "\xe2\xeb\xfe\xe1\xe5\xed\xe0\0" "\xf1\xeb\xf3\xe6\xe8\xf2\xe5\xeb\0"
  "\xef\xee\xeb\xf3\xf7\xe8\xf5\xec\xe5\0" "\xea\xe0\xe7\xe2\xe0\xeb\xe0\0" "\xed\xe5\xe9\xf2\0"
  "\xe8\xe7\xe1\xff\xe3\xe0\xf8\0" "\xef\xe5\xe5\0" "\xe8\xed\xf2\xe5\xf0\xe2\xfe\0" "\xee\xf2\xe5\xf6\0"
  "\xf1\xeb\xf3\xf7\xe2\xe0\xf2\0" "\xef\xee\xea\xe0\xe6\xe5\xf2\xe5\0" "\xf2\xe5\xf1\xf2\xe0\0"
  "\xe4\xe2\xee\xe9\xed\xee\0" "\xe1\xee\xe3\xee\xe2\xe5\xf2\xe5\0" "\xf1\xfa\xf1\xf2\xee\xff\xed\xe8\xe5\xf2\xee\0"
  "\xe1\xf0\xe0\xf2\xeb\xe5\0" "\xee\xf2\xe3\xee\xe2\xee\xf0\xff\0" "\xea\xee\xf0\xe0\xe1\xe8\0"
  "\xf3\xf7\xe8\xf2\xe5\xeb\xfe\0" "\xe1\xe5\xf2\0" "\xf0\xe0\xe7\xf5\xee\xe4\xea\xe0\0"
  "\xed\xe0\xf0\xee\xf7\xed\xee\0" "\xee\xe1\xfa\xf0\xea\xe0\0" "\xec\xe8\xed\xe0\xeb\xe8\xff\0"
  "\xf1\xf0\xe5\xf9\xed\xe0\xf5\xec\xe5\0" "\xf1\xef\xee\xea\xee\xe9\xf1\xf2\xe2\xe8\xe5\0"
  "\xef\xee\xe7\xe2\xee\xeb\xe8\xf8\0" "\xef\xe8\xe9\xf2\0" "\xee\xea\xe5\xe0\xed\xe0\0" "\xeb\xff\xf2\xee\0"
  "\xf5\xe2\xfa\xf0\xeb\xff\0" "\xe4\xe6\xee\xe1\xe0\0" "\xe4\xee\xea\xf2\xee\xf0\xfa\xf2\0"
  "\xe2\xeb\xe0\xf1\xf2\xf2\xe0\0" "\xe8\xe4\xe2\xe0\xf2\xe5\0" "\xef\xf0\xe8\xeb\xe8\xf7\xe0\xf8\0"
  "\xee\xf1\xf2\xe0\xe2\xff\xf2\0" "\xed\xe5\xe9\xed\xe8\xff\0" "\xe7\xe0\xea\xfa\xf1\xed\xff\xf5\0"
  "\xf1\xee\xe1\xf1\xf2\xe2\xe5\xed\xe8\xff\0" "\xeb\xf3\0" "\xf1\xe8\xe3\xed\xe0\xeb\xe0\0"
  "\xe4\xe6\xe5\xe9\xec\xe8\0" "\xef\xf0\xe5\xe4\xeb\xee\xe6\xe5\xed\xe8\xe5\xf2\xee\0"
  "\xe7\xe0\xef\xee\xe7\xed\xe0\xf5\xec\xe5\0" "\xf5\xe2\xe0\xed\xe5\0" "\xf6\xe5\xeb\xf3\xed\xe0\0"
  "\xef\xf0\xe0\xe2\xe8\xeb\xed\xee\xf2\xee\0" "\xf3\xef\xf0\xe0\xe2\xeb\xe5\xed\xe8\xe5\xf2\xee\0"
  "\xed\xe0\xf7\xe8\xed\xfa\xf2\0" "\xe4\xe8\xf8\xe0\xe9\0" "\xe8\xe4\xe8\xee\xf2\xe8\0"
  "\xed\xe0\xec\xe5\xf0\xe5\xf2\xe5\0" "\xef\xf0\xee\xf1\xf2\xf0\xe0\xed\xf1\xf2\xe2\xee\0"
  "\xf8\xe5\xf0\xe8\xf4\xe5\0" "\xee\xf2\xef\xf3\xf1\xed\xe8\0" "\xef\xf0\xee\xe4\xfa\xeb\xe6\xe8\xf8\0"
  "\xf1\xee\xeb\0" "\xe4\xe6\xf3\xed\0" "\xf8\xee\xf4\xfc\xee\xf0\0" "\xf1\xfa\xe4\xe1\xe0\0"
  "\xee\xf2\xe3\xee\xe2\xee\xf0\xe0\0" "\xec\xee\xf1\xfe\0" "\xf3\xe8\xf1\xea\xe8\0" "\xea\xe5\xe9\xf1\xe8\0"
  "\xe0\xe4\xe2\xee\xea\xe0\xf2\xe0\0" "\xef\xf0\xe8\xea\xeb\xfe\xf7\xe8\xf5\xec\xe5\0"
  "\xf1\xf2\xe8\xe3\xed\xe0\xf5\xec\xe5\0" "\xe2\xe5\xf1\xe5\xeb\xe0\0" "\xe5\xe4\xed\xe0\xea\xe2\xe8\0"
  "\xef\xee\xe2\xfa\xf0\xf5\xed\xee\xf1\xf2\xf2\xe0\0" "\xf0\xf3\xf1\xe8\xff\0" "\xe4\xfa\xf0\xe6\xe8\xf2\xe5\0"
  "\xef\xf0\xfa\xf1\xf2\xe8\xf2\xe5\0" "\xe5\xe4\xf3\xe0\xf0\xe4\0" "\xf1\xe5\xf0\xe8\xee\xe7\xed\xe8\0"
  "\xef\xf0\xe0\xf5\0" "\xe1\xff\xeb\xee\0" "\xef\xe8\xeb\xe5\0" "\xed\xe0\xef\xe0\xe4\xe5\xed\xe8\xe5\0"
  "\xe4\xe5\xe9\xf1\xf2\xe2\xe8\xf2\xe5\xeb\xed\xee\xf1\xf2\0" "\xea\xf3\xef\xfa\xf0\0" "\xe7\xed\xe0\xe5\xeb\xe0\0"
  "\xe4\xe6\xee\xed\xf1\xfa\xed\0" "\xe1\xe8\xe2\xf8\xe0\xf2\xe0\0" "\xef\xf0\xee\xec\xe5\xed\xe8\xf8\0"
  "\xf4\xe8\xf0\xec\xe0\xf2\xe0\0" "\xed\xe0\xf0\xe8\xf7\xe0\xec\0" "\xeb\xff\xf2\xee\xf2\xee\0"
  "\xef\xee\xe6\xe0\xf0\0" "\xea\xe0\xe7\xe2\xe0\xec\xe5\0" "\xf3\xec\0" "\xf0\xe0\xe7\xea\xe0\xe7\xe0\0"
  "\xef\xf0\xe5\xe2\xfa\xf0\xed\xe5\0" "\xe1\xee\xed\xe0\0" "\xe2\xeb\xe8\xe7\xe0\xe9\xf2\xe5\0" "\xe4\xfa\xeb\xe3\0"
  "\xed\xe0\xea\xe0\xf0\xe0\xf8\0" "\xe7\xe0\xf1\xf2\xf0\xe5\xeb\xff\0" "\xea\xe8\xeb\xee\xec\xe5\xf2\xf0\xe0\0"
  "\xe3\xf0\xe0\xe4\xe8\xed\xe0\0" "\xef\xee\xe7\xed\xe0\xf2\xee\0" "\xe7\xe0\xe4\xed\xe0\xf2\xe0\0"
  "\xe5\xe4\xe8\xed\xe8\xff\xf2\0" "\xe1\xe5\xe7\xef\xeb\xe0\xf2\xed\xee\0" "\xe1\xe8\xe5\xec\0"
  "\xf2\xe5\xec\xe0\xf2\xe0\0" "\xef\xf0\xe8\xe5\xec\xe0\xf2\0" "\xeb\xf3\xf1\xe8\0"
  "\xf7\xe0\xf1\xee\xe2\xed\xe8\xea\0" "\xe2\xff\xf0\xe0\xf2\xe0\0" "\xef\xe5\xf1\xed\xe8\0" "\xf2\xee\xf0\xf2\xe0\0"
  "\xe4\xee\xe2\xe5\xe4\xe8\0" "\xe0\xf0\xf2\xfa\xf0\0" "\xe7\xe0\xed\xe8\xec\xe0\xe2\xe0\0" "\xf0\xe0\xe4\xe8\xee\0"
  "\xe2\xee\xe4\xe8\xf8\0" "\xe8\xe7\xea\xe0\xf0\xe0\0" "\xf1\xee\xf4\xe8\0" "\xe1\xe0\xf0\xe8\0"
  "\xe6\xe8\xe2\xee\xf2\xed\xe8\xf2\xe5\0" "\xf1\xef\xe5\xf7\xe5\xeb\xe8\xec\0" "\xf7\xf3\xe2\xe0\xeb\xe8\0"
  "\xe4\xe5\xe9\xf1\xf2\xe2\xe8\xff\0" "\xeb\xee\xe2\0" "\xea\xe0\xea\xe2\xe8\xf2\xee\0" "\xf7\xe5\xf1\xf2\xf2\xe0\0"
  "\xef\xfa\xf2\xff\xf2\0" "\xe7\xe0\xef\xee\xf7\xed\xe5\xf2\xe5\0" "\xee\xf2\xea\xf0\xe8\xf2\xee\0"
  "\xf3\xf1\xef\xff\xeb\0" "\xea\xf0\xe0\xf7\xea\xe0\0" "\xf3\xf0\xe5\xe4\xe8\0" "\xea\xee\xef\xe5\xeb\xe5\xf2\xe0\0"
  "\xef\xee\xe7\xed\xe0\xe2\xe0\xf5\0" "\xee\xef\xe8\xf2\xe0\xeb\0" "\xe1\xff\xe3\xe0\xf8\0"
  "\xe2\xff\xf2\xfa\xf0\xe0\0" "\xf7\xf3\xe2\xf1\xf2\xe2\xe0\xf5\0" "\xf0\xe5\xf8\xe8\xf8\0"
  "\xea\xee\xf0\xe8\xe4\xee\xf0\xe0\0" "\xe6\xe5\xf1\xf2\xee\xea\xee\0" "\xe4\xee\xed\xe0\0" "\xf3\xe1\xe5\xe4\xe8\0"
  "\xf7\xe5\xf0\xed\xe8\0" "\xf7\xe0\xed\xf2\xe0\0" "\xe1\xe8\xeb\xe5\xf2\xe8\0" "\xe3\xeb\xe5\xe4\xe0\xeb\0"
  "\xf1\xe8\xf2\xe8\0" "\xee\xeb\xe8\xe2\xfa\xf0\0" "\xeb\xe5\xea\0" "\xe1\xe5\xeb\xe8\xff\0"
  "\xf1\xfa\xe1\xe5\xf0\xe5\xec\0" "\xea\xe0\xf0\xeb\xee\xf1\0" "\xfa\xf5\0" "\xf7\xe5\xf2\xe5\0"
  "\xe2\xe7\xe5\xf5\xe0\0" "\xe7\xe0\xe3\xf3\xe1\xe0\xf2\xe0\0" "\xe7\xe4\xf0\xe0\xe2\0" "\xed\xe5\xf0\xe2\xe5\xed\0"
  "\xea\xee\xed\xf2\xf0\xee\xeb\xe8\xf0\xe0\0" "\xf2\xee\xef\xea\xe8\xf2\xe5\0"
  "\xf7\xe5\xf2\xe2\xfa\xf0\xf2\xfa\xea\0" "\xea\xe5\xe9\0" "\xef\xf0\xe8\xe5\xec\xe5\xf8\0"
  "\xf1\xf2\xe0\xed\xe0\xeb\xe0\0" "\xf5\xe0\xef\xf7\xe5\xf2\xe0\0" "\xf1\xe0\xeb\xe8\0" "\xef\xeb\xe0\xf7\xe5\0"
  "\xf1\xf2\xf0\xe0\xe4\xe0\0" "\xef\xee\xea\xe0\xe6\xe5\xec\0" "\xef\xf3\xf1\xed\xe0\xf2\0"
  "\xef\xf0\xfa\xf1\xf2\xe0\0" "\xf1\xf0\xe5\xe4\xf1\xf2\xe2\xe0\0" "\xef\xf0\xe5\xf7\xe8\0"
  "\xe6\xe5\xed\xe5\xed\xe8\0" "\xe8\xe7\xea\xf3\xf1\xf2\xe2\xee\xf2\xee\0" "\xe2\xee\xe4\xff\xf2\0"
  "\xef\xf0\xe0\xf2\xff\0" "\xe8\xe7\xef\xf0\xe0\xf2\xe8\xf5\0" "\xf2\xe5\xe6\xfa\xea\0"
  "\xf1\xef\xee\xea\xee\xe5\xed\0" "\xed\xe5\xee\xe1\xe8\xf7\xe0\xe9\xed\xee\0" "\xea\xe0\xf0\xe8\xe5\xf0\xe0\0"
  "\xf1\xfa\xe2\xe5\xf2\xed\xe8\xea\0" "\xe4\xee\xe3\xee\xe2\xee\xf0\xe0\0" "\xe7\xe0\xef\xee\xf7\xed\xe0\xf5\xe0\0"
  "\xf2\xe0\xe9\xed\xe8\xf2\xe5\0" "\xe2\xfa\xf0\xf2\xe8\0" "\xf2\xe0\xe9\xeb\xfa\xf0\0" "\xf2\xe5\xe6\xea\xe0\0"
  "\xec\xe0\xf0\xe8\0" "\xe9\xee\xed\xe3\0" "\xf5\xf0\xe0\xed\xe8\0" "\xf5\xee\0" "\xf0\xe5\xf7\0"
  "\xee\xe1\xe2\xe8\xed\xe5\xed\xe8\xff\0" "\xef\xf0\xee\xf7\xe5\xf2\xee\xf5\0" "\xf0\xe0\xe7\xe4\xe5\xeb\xe8\xec\0"
  "\xf2\xf0\xe5\xe2\xee\xe6\xe8\xf8\0" "\xe4\xe0\xe4\xee\xf5\xe0\0" "\xf7\xe5\xf1\xf2\xed\xe0\0"
  "\xef\xf3\xf1\xed\xe5\xec\0" "\xf1\xef\xe5\xf6\xe8\xe0\xeb\xed\xe8\0" "\xeb\xe8\xed\xe4\xe0\0"
  "\xf1\xeb\xee\xe6\xe8\xf5\0" "\xf2\xf0\xf3\xef\0" "\xef\xf0\xe8\xf1\xfa\xe4\xe0\0" "\xe8\xe3\xf0\xe0\xf7\0"
  "\xe3\xee\xeb\xe5\xec\xe8\xff\xf2\0" "\xf2\xf0\xe5\xf2\xe0\0" "\xf5\xe5\xeb\xfa\xed\0" "\xee\xf2\xf0\xff\xe4\0"
  "\xed\xf3\xe6\xe4\xe0\xff\xf2\0" "\xee\xf1\xf2\xe0\xe2\xff\xe9\0" "\xf1\xfa\xe7\xed\xe0\xed\xe8\xe5\0"
  "\xef\xf0\xe5\xf1\xf2\xfa\xef\xeb\xe5\xed\xe8\xff\0" "\xe4\xe2\xee\xf0\xe0\0" "\xef\xee\xe4\xf5\xee\xe4\xff\xf9\0"
  "\xec\xee\xe6\xe5\xf5\xec\xe5\0" "\xf0\xe0\xe9\xee\xed\0" "\xef\xee\xeb\xe5\xf2\xe0\0" "\xec\xe0\xf0\xf2\xe8\0"
  "\xe4\xff\xf1\xed\xee\0" "\xe1\xfa\xf0\xe7\0" "\xed\xe0\xeb\xff\xe2\xee\0" "\xec\xe0\xe9\xea\xe8\0"
  "\xe4\xfa\xeb\xe6\xe8\xf8\0" "\xee\xf2\xed\xee\xf8\xe5\xed\xe8\xff\0" "\xe4\xe0\xe4\xe5\xed\xee\0"
  "\xf5\xe8\xf2\xeb\xe5\xf0\0" "\xef\xee\xf2\xe2\xfa\xf0\xe4\xe8\0" "\xef\xf0\xee\xec\xe5\xed\xe8\xeb\0"
  "\xeb\xe5\xea\xe0\xf0\xf1\xf2\xe2\xee\0" "\xf0\xee\xea\xeb\xff\xf2\xe0\0" "\xe0\xed\xe4\xf0\xfe\0"
  "\xe1\xeb\xe0\xe3\xee\xe4\xe0\xf0\xe5\xed\0" "\xeb\xe5\xf7\xe5\xed\xe8\xe5\0" "\xe8\xe7\xf7\xe0\xea\xe0\xec\xe5\0"
  "\xe1\xe5\xe9\xe1\xe8\0" "\xed\xe5\xe9\xed\xe0\0" "\xf1\xe5\xe4\xed\xe0\0" "\xe3\xeb\xe0\xe2\xed\xe8\xff\0"
  "\xed\xe8\xed\xe0\0" "\xe8\xe7\xea\xf3\xf1\xf2\xe2\xee\0" "\xec\xe0\xeb\xea\xe8\xff\xf2\0" "\xe8\xe4\xe2\xe0\xe9\0"
  "\xe2\xf2\xee\xf0\xed\xe8\xea\0" "\xec\xe5\xed\xe5\0" "\xe8\xe7\xe2\xe5\xf1\xf2\xed\xe0\0"
  "\xea\xeb\xfe\xf7\xfa\xf2\0" "\xf3\xec\xf0\xff\xeb\xe0\0" "\xec\xe5\xe6\xe4\xf3\xe2\xf0\xe5\xec\xe5\xed\xed\xee\0"
  "\xee\xe6\xe5\xed\xe8\xec\0" "\xee\xef\xe0\xf1\xff\xe2\xe0\xec\0" "\xef\xee\xe4\xe0\xf0\xfa\xf6\xe8\0"
  "\xf0\xfa\xf1\xe5\xeb\0" "\xe3\xe0\xf0\xe0\xe6\xe0\0" "\xf3\xe8\xeb\xf1\xfa\xed\0" "\xf1\xe0\xec\xee\xf2\xe5\xed\0"
  "\xee\xeb\xe8\xe2\xe8\xff\0" "\xeb\xe8\xed\xe8\xff\xf2\xe0\0" "\xee\xf1\xf2\xe0\xe2\xe8\xf2\xe5\0"
  "\xe7\xe0\xf5\xe0\xf0\0" "\xe2\xf0\xe0\xf2\xe8\xf2\xe5\0" "\xf4\xf0\xe5\xe4\xe8\0" "\xf1\xe5\xf2\xe8\xf5\0"
  "\xf3\xef\xf0\xe0\xe2\xeb\xe5\xed\xe8\xe5\0" "\xe7\xe0\xed\xe8\xec\xe0\xe2\xe0\xf8\0" "\xed\xe0\xf0\xee\xe4\0"
  "\xea\xe0\xf8\xe0\0" "\xed\xf3\xeb\xe0\0" "\xea\xf0\xe0\xf2\xea\xee\0" "\xf2\xe0\xed\xf6\xe8\0"
  "\xed\xe5\xf9\xe0\xf1\xf2\xe5\xed\0" "\xec\xe5\xf7\0" "\xed\xee\xe6\xe0\0" "\xe8\xe7\xec\xfa\xea\xed\xe5\xf8\0"
  "\xf1\xfa\xe7\xe4\xe0\xe2\xe0\0" "\xef\xeb\xe0\xf7\xe5\xf8\0" "\xef\xf0\xee\xe1\xe0\0" "\xe8\xf2\xfa\xed\0"
  "\xf0\xe0\xe7\xe1\xe5\xf0\xe8\0" "\xf1\xf2\xe8\xe3\xed\xe5\xf8\0" "\xe1\xeb\xe0\xe3\xee\xf1\xeb\xee\xe2\xe8\0"
  "\xea\xe0\xf0\xe0\xf2\xe5\0" "\xef\xf0\xe5\xea\xf0\xe0\xf1\xed\xe8\0" "\xf1\xf0\xe5\xe4\xe0\0"
  "\xef\xe0\xe7\xe0\xf0\0" "\xef\xf0\xe8\xf2\xe5\xf1\xed\xff\xe2\xe0\xe9\xf2\xe5\0" "\xed\xe0\xf0\xee\xe4\xe0\0"
  "\xec\xf0\xe5\xe6\xe0\0" "\xef\xf0\xe8\xe5\xec\xe8\0" "\xe4\xee\xe9\xe4\xe5\xec\0" "\xed\xe0\xf7\xe8\xed\xe8\0"
  "\xf2\xee\xe1\xe8\0" "\xed\xe5\xe2\xe8\xed\xed\xe8\0" "\xe2\xeb\xe8\xe7\xe0\xec\0"
  "\xe2\xe5\xf1\xf2\xed\xe8\xea\xe0\0" "\xee\xf1\xea\xe0\xf0\0" "\xe3\xee\xe2\xee\xf0\xe5\xf5\0"
  "\xf3\xec\xe5\xed\xe8\xff\0" "\xef\xf0\xee\xe1\xe2\xe0\xe9\0" "\xea\xf3\xef\xe8\xeb\0"
  "\xe8\xe7\xec\xe8\xf1\xeb\xe8\0" "\xea\xee\xeb\xe5\xed\xe5\0" "\xe0\xe4\xf1\xea\xe8\0"
  "\xe3\xee\xe2\xee\xf0\xe5\xf2\xe5\0" "\xf0\xe0\xed\xe0\0" "\xf1\xe2\xe8\xf0\xe8\0" "\xe8\xe7\xec\xe8\xf1\xeb\xff\0"
  "\xe4\xee\xec\xfa\xf2\0" "\xe4\xee\xe2\xe5\xe4\xe0\0" "\xe1\xe0\xed\xe4\xe0\xf2\xe0\0"
  "\xef\xee\xea\xe0\xe7\xe0\xed\xe8\xff\0" "\xe1\xff\xe3\xe0\0" "\xef\xee\xe7\xe2\xee\xeb\xff\xe2\xe0\0"
  "\xe4\xe0\xed\xed\xe8\xf2\xe5\0" "\xef\xf0\xee\xe2\xe5\xf0\xe5\xf2\xe5\0" "\xee\xe3\xf0\xee\xec\xed\xee\0"
  "\xe3\xf0\xe0\xe4\xfa\xf2\0" "\xe1\xf0\xf3\xf1\0" "\xe8\xec\xe0\xf5\xe0\0" "\xef\xf0\xe5\xe2\xf0\xfa\xf9\xe0\0"
  "\xe7\xed\xe0\xe5\xf5\xec\xe5\0" "\xe1\xe0\xeb\xe0\0" "\xec\xee\xf0\xe5\0" "\xf2\xe5\xec\xe0\0" "\xe2\xe8\xed\xf1\0"
  "\xe4\xff\xe2\xee\xeb\xe0\0" "\xec\xe0\xf2\xfe\0" "\xef\xf0\xe0\xe2\xe8\xf2\xe5\xeb\xf1\xf2\xe2\xee\0"
  "\xf3\xf1\xf2\xf0\xee\xe9\xf1\xf2\xe2\xee\0" "\xe3\xee\xeb\xf4\0" "\xef\xf0\xfa\xf1\xf2\xe5\xed\xe0\0"
  "\xef\xf0\xee\xf6\xe5\xf1\xe0\0" "\xe5\xeb\xe8\xfa\xf2\0" "\xe7\xe4\xf0\xe0\xe2\xe5\0" "\xf1\xf0\xe5\xf9\xe0\xeb\0"
  "\xec\xee\xf1\xf2\xe0\0" "\xe3\xe8\xe1\xf1\0" "\xef\xe8\xef\xe0\xe9\0" "\xe0\xed\xe4\xe6\xe5\xeb\xe0\0"
  "\xec\xe5\xf1\xf2\xed\xe8\xf2\xe5\0" "\xed\xe0\xea\xe0\xe7\xe0\xed\xe8\xe5\0" "\xe7\xe0\xf9\xe8\xf2\xe0\xf2\xe0\0"
  "\xe4\xfa\xf0\xe2\xee\xf2\xee\0" "\xe1\xf0\xe0\xf2\xee\0" "\xf1\xf2\xf0\xe5\xeb\xe1\xe0\0"
  "\xf3\xef\xeb\xe0\xf8\xe5\xed\0" "\xe1\xff\xeb\xe0\0" "\xea\xee\xf0\xe0\xe1\xfa\xf2\0" "\xe2\xff\xf0\xe2\xe0\xe9\0"
  "\xea\xee\xf4\xf2\xe8\0" "\xf3\xf1\xeb\xee\xe2\xe8\xff\0" "\xee\xef\xe8\xf2\xe0\xe9\xf2\xe5\0"
  "\xec\xe8\xed\xe8\xf1\xf2\xfa\xf0\0" "\xf7\xe5\xf0\xed\xe8\xff\0" "\xe8\xf1\xf2\xe8\xed\xf1\xea\xe8\xff\xf2\0"
  "\xea\xee\xed\xe5\xf2\xe5\0" "\xe3\xeb\xe0\xe2\xe8\xf2\xe5\0" "\xf3\xe8\xea\xe5\xed\xe4\xe0\0"
  "\xf3\xec\xee\xeb\xff\xe2\xe0\xec\0" "\xf1\xfa\xe7\xed\xe0\xed\xe8\xe5\xf2\xee\0"
  "\xef\xee\xeb\xe8\xf6\xe0\xe8\xf2\xe5\0" "\xea\xf0\xe5\xf2\xe5\xed\0" "\xf7\xf3\xe2\xf1\xf2\xe2\xe0\xf2\xe5\0"
  "\xe2\xee\xe5\xed\xe5\xed\0" "\xe5\xe4\xed\xee\xe2\xf0\xe5\xec\xe5\xed\xed\xee\0" "\xe7\xe0\xec\xe5\xf1\xe5\xed\0"
  "\xe4\xfa\xe3\0" "\xf1\xec\xe5\xf2\xea\xe8\xf2\xe5\0" "\xec\xe0\xf5\xed\xe5\xf8\0" "\xf1\xeb\xee\xe6\xe5\xf2\xe5\0"
  "\xee\xf2\xea\xf0\xe8\xff\xf2\0" "\xf2\xe0\xed\xf6\0" "\xee\xe3\xf0\xee\xec\xed\xe8\0"
  "\xe4\xe6\xe5\xf1\xe8\xea\xe0\0" "\xeb\xe5\xe6\xe8\0" "\xe3\xf0\xf3\xe1\xee\0" "\xf3\xe1\xe8\xe2\xe0\xf8\0"
  "\xef\xee\xec\xe8\xf1\xeb\xe8\xf8\0" "\xeb\xe8\xed\xe5\xe9\xea\xe0\0" "\xef\xf0\xee\xf6\xe5\xed\xf2\xe0\0"
  "\xf0\xe0\xed\xe8\0" "\xe2\xea\xeb\xfe\xf7\xe2\xe0\0" "\xed\xe0\xe3\xf0\xe0\xe4\xe0\xf2\xe0\0"
  "\xeb\xe8\xef\xf1\xe2\xe0\xf2\0" "\xf1\xf2\xf0\xe0\xf5\xeb\xe8\xe2\xe5\xf6\0" "\xef\xf2\xe8\xf6\xe0\0"
  "\xec\xfa\xe6\xea\xe8\0" "\xf0\xe0\xe7\xe1\xe8\xf0\xe0\xec\xe5\0" "\xf4\xf3\xf2\xe1\xee\xeb\0" "\xe1\xf3\xec\0"
  "\xe0\xed\xe4\xe6\xe5\xeb\xe8\xf1\0" "\xe8\xe7\xf7\xe5\xe7\xed\xe0\xeb\xe8\0" "\xea\xe0\xec\xfa\xed\xe8\0"
  "\xf1\xe5\xe4\xec\xe8\xf6\xe0\xf2\xe0\0" "\xef\xee\xf7\xf3\xe2\xf1\xf2\xe2\xe0\xf8\0" "\xe4\xe0\xf2\xe0\0"
  "\xe2\xfa\xeb\xed\xf3\xe2\xe0\xf9\xee\0" "\xeb\xfe\xe1\xe8\xec\xe0\0"
  "\xf1\xfa\xf9\xe5\xf1\xf2\xe2\xf3\xe2\xe0\xf2\0" "\xed\xee\xf1\xe5\xf8\xe5\0"
  "\xe8\xe7\xe2\xfa\xed\xe7\xe5\xec\xed\xe8\0" "\xec\xe8\xf1\xeb\xe5\xf5\xec\xe5\0" "\xe8\xe7\xe3\xf3\xe1\xe8\xeb\0"
  "\xf2\xf0\xe5\xe2\xee\xe3\xe0\0" "\xee\xe1\xf9\xe5\xf1\xf2\xe2\xee\0" "\xf1\xe5\xf1\xf2\xf0\xee\0"
  "\xf3\xef\xf0\xe0\xe2\xeb\xff\xe2\xe0\0" "\xf3\xf1\xeb\xf3\xe3\xe8\0" "\xe1\xe5\xeb\xe8\xf2\xe5\0"
  "\xf0\xee\xec\xe0\xed\0" "\xf5\xe2\xe0\xed\xe5\xf8\0" "\xf2\xfa\xf0\xf1\xe5\xed\xe5\0" "\xec\xe8\xeb\xfa\xf0\0"
  "\xe7\xe0\xf1\xff\xe3\xe0\0" "\xef\xf0\xe8\xed\xf6\xe8\xef\0" "\xe3\xf0\xe8\xe6\xe8\xf8\0" "\xef\xe0\xe9\0"
  "\xe1\xe0\xf1\xe5\xe9\xed\xe0\0" "\xea\xe0\xed\xe0\xeb\0" "\xe2\xfa\xef\xf0\xee\xf1\xe8\xf2\xe5\0"
  "\xea\xed\xe8\xe3\xe8\xf2\xe5\0" "\xed\xe5\xe7\xe0\xea\xee\xed\xed\xee\0" "\xf1\xf0\xe5\xf9\xed\xe5\xf8\0"
  "\xef\xee\xf2\xfa\xf0\xf1\xff\0" "\xf3\xec\xee\xf0\xe5\xed\xe0\0" "\xf1\xec\xe5\xf2\xea\xe8\0"
  "\xec\xe0\xff\xec\xe8\0" "\xe7\xe0\xf2\xe2\xee\xf0\xed\xe8\xea\0" "\xec\xe5\xe4\xe8\xf6\xe8\xed\xf1\xea\xe8\0"
  "\xf5\xee\xeb\xe8\0" "\xec\xee\xeb\xe1\xe0\0" "\xfe\xe6\xed\xe0\0" "\xe1\xfa\xf0\xea\xee\xf2\xe8\xff\0"
  "\xf2\xe5\xf7\xe5\xed\xe8\xe5\0" "\xe1\xee\0" "\xf1\xfa\xe1\xf3\xe4\xe8\xf5\0" "\xeb\xe8\xf7\xed\xe8\0"
  "\xe8\xe7\xf2\xee\xf7\xed\xe8\xea\0" "\xef\xee\xe1\xe5\xe4\xe0\xf2\xe0\0" "\xf1\xea\xf3\xf7\xed\xee\0"
  "\xe3\xee\xf0\xe4\0" "\xeb\xe8\xf6\xe0\0" "\xf1\xe5\xec\xe5\xe9\xf1\xf2\xe2\xe0\0"
  "\xe8\xe7\xec\xe8\xf1\xeb\xe8\xec\0" "\xee\xf2\xe2\xe0\xf0\xff\0" "\xf1\xf2\xee\xe8\xec\0"
  "\xe8\xe7\xeb\xe8\xe7\xe0\xec\xe5\0" "\xf7\xee\xe2\xe5\xf7\xe5\xf1\xf2\xe2\xee\xf2\xee\0"
  "\xef\xee\xeb\xe8\xf2\xe8\xea\xe0\0" "\xf3\xe4\xe0\xf0\xe0\0" "\xec\xec\xec\0" "\xee\xf2\xea\xe0\xe6\xe5\0"
  "\xe7\xe0\xf2\xe2\xee\xf0\xe5\xed\xe0\0" "\xef\xee\xe4\xf0\xee\xe1\xed\xee\xf1\xf2\xe8\0"
  "\xef\xe0\xe7\xe0\xf0\xe0\0" "\xf8\xe0\xef\xea\xe0\xf2\xe0\0" "\xe2\xe5\xf9\xe8\xf6\xe0\0"
  "\xe7\xe0\xf2\xe2\xee\xf0\xe5\xed\0" "\xe4\xf0\xfa\xef\xed\xe8\0" "\xe8\xe7\xf1\xeb\xe5\xe4\xe2\xe0\xed\xe8\xff\0"
  "\xf4\xf0\xe0\xed\xf1\xe8\xf1\0" "\xe7\xe0\xef\xee\xf7\xe2\xe0\xf8\0" "\xf1\xf3\xec\xe0\0" "\xe4\xee\xf1\xe8\xe5\0"
  "\xe2\xf0\xe0\xe3\xe0\0" "\xf2\xe0\xeb\xe0\xed\xf2\0" "\xee\xee\xee\0" "\xf7\xf3\xea\xe0\0"
  "\xe2\xee\xe9\xed\xe8\xf6\xe8\xf2\xe5\0" "\xf1\xfa\xea\xf0\xee\xe2\xe8\xf9\xe5\0"
  "\xe8\xf1\xf2\xe8\xed\xf1\xea\xe8\xff\0" "\xea\xee\xeb\xe8\xf2\xe5\0"
  "\xf1\xfa\xf1\xf2\xe5\xe7\xe0\xed\xe8\xe5\xf2\xee\0" "\xe8\xed\xf6\xe8\xe4\xe5\xed\xf2\xe0\0"
  "\xef\xee\xf9\xe0\xf2\xe0\0" "\xef\xf0\xe5\xe4\xf1\xf2\xe0\xe2\xe8\xf8\0" "\xf2\xe5\xeb\xe0\0"
  "\xf3\xe2\xe5\xf0\xff\xe2\xe0\xec\0" "\xea\xe0\xe7\xe2\xe0\xf5\0" "\xef\xee\xf1\xf2\xe0\xe2\xff\0"
  "\xf1\xf2\xee\xef\0" "\xeb\xe8\xe7\0" "\xe7\xe0\xf2\xe2\xe0\xf0\xff\xec\0" "\xef\xee\xe7\xe2\xee\xeb\xe5\xed\xee\0"
  "\xe2\xed\xe8\xec\xe0\xf2\xe5\xeb\xe5\xed\0" "\xf3\xe1\xe8\xe2\xe0\xec\0" "\xe8\xf2\xe0\xeb\xe8\xff\0"
  "\xef\xe5\xe9\xe4\xe6\0" "\xef\xf0\xe0\xe2\xe0\xf2\xe0\0" "\xed\xe5\xeb\xe5\xef\xee\0"
  "\xe8\xe7\xef\xf0\xe0\xf9\xe0\0" "\xec\xee\xe3\xeb\xee\0" "\xe7\xe0\xe2\xe5\xe4\xe8\0" "\xf1\xf0\xe5\xf9\xed\xe5\0"
  "\xec\xee\xed\xe8\xea\xe0\0" "\xe2\xe8\xea\0" "\xe2\xe8\xe4\xe0\0" "\xe4\xe0\xeb\xe0\0" "\xf5\xe0\xf0\xe2\xe8\0"
  "\xf0\xe0\xe7\xe1\xe8\xf0\xe0\xf2\0" "\xe4\xf3\xf8\0" "\xf6\xe8\xe3\xe0\xf0\xe0\0" "\xf2\xf0\xe5\xed\xfc\xee\xf0\0"
  "\xe3\xe0\xe4\xee\xf1\xf2\0" "\xe6\xe8\xe2\xff\xeb\0" "\xe7\xe0\xe1\xe0\xe2\xe8\0"
  "\xed\xe0\xef\xf3\xf1\xed\xe5\xf2\xe5\0" "\xe3\xf0\xee\xe1\xe0\0" "\xe5\xea\xf1\xef\xe5\xf0\xf2\0"
  "\xeb\xee\xf0\xe0\0" "\xef\xee\xf1\xeb\xe5\xe4\xed\xe0\0" "\xe7\xe0\xf9\xe8\xf2\xff\0" "\xeb\xe8\xe4\xe5\xf0\0"
  "\xf0\xee\xea\0" "\xef\xf0\xe8\xe1\xe5\xf0\xe5\xec\0" "\xef\xee\xe8\xf1\xea\xe0\xec\0"
  "\xe3\xeb\xf3\xef\xe0\xf6\xe8\0" "\xe4\xe8\xf8\xe0\0" "\xe7\xe0\xef\xee\xf7\xed\xe0\xf2\0"
  "\xf2\xe5\xea\xf1\xe0\xf1\0" "\xe2\xe5\xf0\xf1\xe8\xff\0" "\xe7\xe0\xef\xee\xf7\xed\xe0\xf5\xec\xe5\0"
  "\xf1\xfa\xf1\xe5\xe4\xe8\xf2\xe5\0" "\xe0\xe2\xf2\xee\xe1\xf3\xf1\0" "\xe4\xe0\xec\xe0\xf2\xe0\0"
  "\xf0\xe0\xed\xe0\xf2\xe0\0" "\xef\xf0\xe8\xea\xeb\xfe\xf7\xe8\xec\0" "\xef\xf0\xe5\xea\xe0\xf0\xe0\xec\0"
  "\xe3\xee\xf2\xe8\xed\xe0\0" "\xe2\xe8\xea\xe0\xf2\0" "\xe4\xe6\xe5\xf1\0" "\xf0\xee\xe4\xed\xe8\xed\xe8\0"
  "\xf0\xe0\xe7\xe1\xf0\xe0\xeb\xe8\0" "\xee\xe1\xfa\xf0\xea\xe0\xed\0" "\xf1\xe2\xfa\xf0\xe7\xe0\xed\0"
  "\xef\xf0\xee\xe1\xe2\xe0\xec\0" "\xf2\xee\xef\xea\xe8\0" "\xe4\xee\xe2\xfa\xf0\xf8\xe0\0"
  "\xe7\xe0\xe3\xf3\xe1\xe8\xf5\xec\xe5\0" "\xf1\xe5\xe4\xe8\xf8\0" "\xef\xf0\xe8\xe3\xee\xf2\xe2\xff\0"
  "\xe4\xe6\xee\xf0\xe4\xe0\xed\0" "\xf1\xfa\xe1\xe8\xf2\xe8\xe5\0" "\xec\xe0\xe3\xe8\xff\xf2\xe0\0"
  "\xef\xf0\xe5\xf1\xf2\xfa\xef\xed\xe8\xf6\xe8\0" "\xef\xf0\xe8\xe1\xf0\xe0\0" "\xf2\xee\xed\0"
  "\xf1\xef\xee\xec\xe5\xed\xe8\xf2\xe5\0" "\xef\xf0\xee\xf4\xe5\xf1\xee\xf0\xe5\0" "\xec\xe8\xea\xe8\0"
  "\xe4\xfa\xf5\0" "\xf0\xe5\xf8\xe0\0" "\xea\xe0\xf0\xfa\xed\0" "\xef\xf3\xf1\xf2\xe8\xed\xff\xf2\xe0\0"
  "\xf1\xe5\xf1\xf2\xf0\xe0\xf2\xe0\0" "\xf1\xf2\xe5\xed\xe8\xf2\xe5\0" "\xe7\xe0\xe4\xe0\xec\0"
  "\xed\xe0\xf2\xe0\xeb\xe8\0" "\xe4\xeb\xfa\xe6\xe5\xed\0" "\xe4\xe2\xee\xf0\xe5\xf6\xe0\0"
  "\xee\xf2\xe8\xf8\xeb\xe0\0" "\xe8\xe7\xe2\xe8\xed\xe8\xf2\xe5\0" "\xf1\xef\xee\xe4\xe5\xeb\xff\0"
  "\xf7\xe5\xf2\xe8\xf0\xe8\xec\xe0\0" "\xec\xe5\xf7\xe0\0" "\xf2\xfa\xf0\xf1\xe8\xf5\0"
  "\xee\xf2\xea\xe0\xe7\xe2\xe0\xec\0" "\xf2\xe0\xed\xf6\xf3\xe2\xe0\xec\0" "\xe4\xfa\xe6\xe4\0"
  "\xed\xe5\xe9\xed\xe8\xff\xf2\0" "\xe3\xee\xf1\xef\xee\xe6\xe0\0" "\xef\xf0\xe5\xea\xe0\xf0\xe0\0"
  "\xf0\xe0\xe7\xe3\xee\xe2\xee\xf0\xe8\0" "\xf3\xe4\xee\xe2\xee\xeb\xf1\xf2\xe2\xe8\xe5\xf2\xee\0"
  "\xf1\xf2\xee\xec\xe0\xf5\xe0\0" "\xed\xe0\xef\xf0\xe0\xe2\xe5\xed\xee\0" "\xe3\xee\xe2\xee\xf0\xe8\xeb\xe8\0"
  "\xee\xef\xe0\xf1\xed\xe8\0" "\xe8\xe7\xeb\xe8\xe7\xe0\xf2\0" "\xe4\xf3\xf5\xee\xe2\xe5\0" "\xf1\xec\xe5\xeb\0"
  "\xee\xf1\xf2\xe0\xe2\xe0\xec\0" "\xf2\xf0\xe0\xe2\xe8\xf1\0" "\xef\xe0\xec\xe5\xf2\0"
  "\xf3\xf7\xe0\xf1\xf2\xe2\xe0\xec\0" "\xef\xfa\xf2\xf3\xe2\xe0\0" "\xf5\xe8\xeb\xff\xe4\xe0\0"
  "\xf1\xeb\xee\xe6\xe8\xeb\0" "\xf7\xe0\xf1\xee\xe2\xed\xe8\xea\xe0\0" "\xf1\xf2\xe0\xed\0"
  "\xef\xf0\xe0\xe7\xed\xf3\xe2\xe0\xec\xe5\0" "\xef\xf0\xe8\xe7\xf0\xe0\xea\0" "\xef\xf0\xe5\xe4\xe0\xe9\0"
  "\xee\xf7\xe0\xea\xe2\xe0\xf2\0" "\xe0\xec\xe5\xf0\xe8\xea\xe0\xed\xf6\xe8\xf2\xe5\0" "\xe0\xf8\xeb\xe8\0"
  "\xe3\xf0\xe0\xed\xf2\0" "\xef\xe8\xeb\xee\xf2\0" "\xea\xeb\xe8\xe5\xed\xf2\xe0\0" "\xf1\xef\xe0\0"
  "\xf1\xef\xe5\xed\xf1\xfa\xf0\0" "\xef\xee\xe2\xee\xe4\0" "\xe6\xe5\xeb\xe0\xe5\0"
  "\xe4\xee\xed\xe5\xf1\xe5\xf2\xe5\0" "\xf5\xee\xe4\xff\xf2\0" "\xfa\xe3\xfa\xeb\0" "\xef\xe5\xed\xe8\0"
  "\xe1\xf0\xe0\xe4\0" "\xef\xf0\xe5\xe4\xf3\xef\xf0\xe5\xe6\xe4\xe5\xed\xe8\xe5\0"
  "\xf4\xe0\xed\xf2\xe0\xf1\xf2\xe8\xf7\xed\xee\0" "\xf1\xef\xee\xec\xed\xe8\0" "\xe2\xf0\xe5\xec\xe5\xed\xed\xee\0"
  "\xf5\xe0\xf0\xe5\xf1\xe2\xe0\xf8\xe5\0" "\xf0\xf3\xf1\xed\xe0\xf6\xe8\xf2\xe5\0" "\xf1\xf3\xef\xe0\0"
  "\xe8\xe7\xf7\xe5\xe7\xed\xe0\xeb\xe0\0" "\xf1\xe2\xfa\xf0\xf8\xe8\xf8\0" "\xf2\xee\xe4\0"
  "\xee\xe1\xeb\xe5\xf7\xe5\xed\0" "\xef\xf0\xe5\xe4\xe0\xf2\xe5\xeb\0" "\xea\xe5\xed\xe8\0"
  "\xf1\xe0\xed\xe4\xe2\xe8\xf7\0" "\xef\xf0\xe8\xff\xf2\xe5\xeb\xf7\xe5\0" "\xea\xee\xed\xe5\0"
  "\xf1\xe2\xe5\xf9\xe5\xed\xe8\xea\0" "\xec\xe0\xf0\xf1\0" "\xe1\xe8\xe1\xeb\xe8\xee\xf2\xe5\xea\xe0\xf2\xe0\0"
  "\xe4\xee\xea\xfa\xe4\xe5\0" "\xf1\xe8\xe3\xf3\xf0\xed\xee\xf1\xf2\xf2\xe0\0" "\xe3\xee\xe4\xe8\xed\xe8\xf2\xe5\0"
  "\xeb\xe8\xf7\xed\xe0\0" "\xec\xe5\xf7\xf2\xe0\xf2\xe0\0" "\xea\xe0\xf7\xe0\0" "\xf1\xe5\xea\xf1\xe0\0"
  "\xea\xe0\xed\xe3\0" "\xf1\xf2\xee\xf0\xe8\xeb\0" "\xe4\xe8\xe2\xe0\xed\xe0\0" "\xf7\xeb\xe5\xed\xee\xe2\xe5\0"
  "\xf0\xe5\xea\xe0\0" "\xea\xf0\xe8\xf1\xf2\xe8\xed\xe0\0" "\xff\xef\xee\xed\xe8\xff\0"
  "\xe8\xe7\xef\xee\xeb\xe7\xe2\xe0\xf2\xe5\0" "\xe8\xe7\xef\xf3\xf1\xed\xe0\0" "\xf1\xeb\xf3\xf5\xee\xe2\xe5\0"
  "\xe7\xe0\xe1\xf0\xe0\xe2\xe8\xeb\xe0\0" "\xee\xf3\xe5\xed\0" "\xf8\xe0\xed\xf1\xe0\0"
  "\xee\xf2\xe2\xee\xf0\xe8\xf8\0" "\xef\xee\xe4\xea\xf0\xe5\xef\xeb\xe5\xed\xe8\xe5\0" "\xee\xe6\xe5\xed\xff\0"
  "\xed\xe0\xe4\xff\xf1\xed\xee\0" "\xf1\xfe\0" "\xe3\xeb\xe0\xe2\xe8\0" "\xf8\xee\xea\xee\xeb\xe0\xe4\0"
  "\xed\xe0\xf1\xf2\xfa\xef\xe8\0" "\xff\xe4\xe0\xf2\0" "\xea\xe8\xed\xe3\0" "\xe2\xee\xe5\xed\xed\xe8\0"
  "\xe5\xf4\xe5\xea\xf2\0" "\xea\xe0\xec\xe5\xf0\xe8\xf2\xe5\0" "\xe4\xff\xf1\xed\xe0\xf2\xe0\0"
  "\xee\xf1\xfa\xe7\xed\xe0\xe2\xe0\xf8\0" "\xf7\xe5\xf0\xe2\xe5\xed\xe0\0" "\xee\xf1\xf2\xe0\xe2\xe0\xf8\0"
  "\xe8\xe7\xff\xe4\xe5\0" "\xef\xee\xec\xe5\xe6\xe4\xf3\0" "\xf0\xe8\xe9\xe4\0" "\xf3\xe1\xe5\xe4\xff\0"
  "\xef\xf3\xf1\xed\xe5\0" "\xe4\xf0\xee\xe1\0" "\xed\xe0\xef\xf3\xf1\xea\xe0\0" "\xed\xe5\xef\xee\xe7\xed\xe0\xf2\0"
  "\xf1\xef\xe0\xeb\0" "\xf1\xfa\xfe\xe7\0" "\xe3\xee\xf0\xe4\xfa\xed\0" "\xf2\xe5\xf5\xed\xe8\xf7\xe5\xf1\xea\xe8\0"
  "\xef\xe8\xe9\xed\xe5\xec\0" "\xe4\xe5\xec\xee\xed\0" "\xf8\xe0\xf0\xeb\xee\xf2\0" "\xf1\xe8\xf1\xf2\xe5\xec\xe8\0"
  "\xf1\xfa\xed\xff\0" "\xe4\xee\xe2\xe5\xf0\xe8\xe5\xf2\xee\0" "\xe4\xe8\xf0\xe5\xea\xf2\xee\xf0\xe0\0"
  "\xed\xe0\xef\xf0\xe5\xe6\xe5\xed\xe8\xe5\0" "\xef\xf0\xe8\xe1\xf0\xe0\xf5\0" "\xe4\xed\xe8\xf2\xe5\0"
  "\xe7\xee\xf3\xe8\0" "\xef\xee\xe3\xeb\xe5\xe4\xed\xe5\xec\0" "\xe7\xe0\xea\xeb\xe5\xe2\xe0\xec\0"
  "\xf2\xfa\xef\xe0\0" "\xec\xe0\xf0\xf8\xe0\xeb\0" "\xf3\xe8\xeb\xe8\0" "\xf7\xe5\xf0\xed\xe0\xf2\xe0\0"
  "\xf1\xf2\xee\xf0\xff\0" "\xee\xec\xfa\xe6\xe0\0" "\xee\xea\xe0\xe7\xe2\xe0\0" "\xe8\xe7\xef\xfa\xeb\xed\xe8\0"
  "\xf5\xee\xe4\xe8\xeb\0" "\xef\xf0\xee\xf7\xe5\xf2\xe0\0" "\xe7\xe0\xef\xee\xf7\xe2\xe0\xe9\0"
  "\xe8\xe7\xef\xf0\xe0\xf2\xe8\xeb\0" "\xf3\xe6\xe0\xf1\0" "\xf2\xf0\xe5\xe2\xee\xe6\xe5\xf2\xe5\0"
  "\xec\xe5\xf7\xf2\xe8\0" "\xec\xe5\xf0\xea\xe8\0" "\xed\xe0\xf3\xea\xe0\xf2\xe0\0" "\xee\xf2\xe8\xe4\xe0\xf2\0"
  "\xe3\xeb\xf3\xef\xe0\xea\xee\0" "\xf1\xe8\xe4\0" "\xea\xee\xf1\xf2\xe8\0" "\xe3\xf0\xe5\xe9\0" "\xe4\xf0\0"
  "\xe7\xe0\xe5\xf2\xe8\0" "\xf2\xe5\xe4\xe8\0" "\xed\xe0\xf0\xe8\xf7\xe0\xe9\0" "\xee\xec\xfa\xe6\xe8\xf8\0"
  "\xe2\xe8\xea\xf2\xee\xf0\xe8\xff\0" "\xe3\xee\xf1\xf2\xe8\xf2\xe5\0" "\xf1\xe2\xee\xe8\0"
  "\xe3\xf0\xe0\xe4\xe8\xed\xe0\xf2\xe0\0" "\xeb\xe8\xf7\xed\xee\xf1\xf2\0" "\xed\xe0\xef\xe8\xf1\xe0\xf5\0"
  "\xee\xe1\xf1\xf2\xee\xff\xf2\xe5\xeb\xf1\xf2\xe2\xe0\0" "\xf9\xe0\xf2\xe0\0" "\xf1\xfa\xe1\xe8\xf2\xe8\xff\0"
  "\xe4\xfa\xf0\xe6\xe5\xf8\xe5\0" "\xe4\xe6\xee\xed\xe0\xf2\xe0\xed\0" "\xee\xf2\xf0\xee\xe2\xe0\0" "\xef\xe8\xe9\0"
  "\xec\xe8\xf0\xed\xee\0" "\xed\xe5\xef\xee\xe7\xed\xe0\xf2\xe8\0" "\xe4\xe5\xe9\xf1\xf2\xe2\xe8\xff\xf2\xe0\0"
  "\xef\xe0\xf0\xf2\xed\xfc\xee\xf0\xe8\0" "\xef\xe0\xf6\xe8\xe5\xed\xf2\xe8\0" "\xf0\xe0\xe7\xec\xe5\xf0\0"
  "\xed\xe0\xf3\xf7\xe8\xeb\0" "\xeb\xe5\xea\xe0\xf0\xf1\xf2\xe2\xe0\xf2\xe0\0" "\xe5\xeb\xe8\0" "\xe8\xe4\xe5\xf8\0"
  "\xe4\xee\xea\xee\xf1\xe2\xe0\xe9\0" "\xf1\xfa\xf9\xe8\0" "\xef\xee\xe4\xf5\xee\xe4\xff\xf9\xee\0"
  "\xef\xee\xf1\xf2\0" "\xe7\xe0\xe1\xe0\xe2\xed\xe0\0" "\xe8\xe7\xeb\xfa\xe3\xe0\xf5\0"
  "\xf1\xf2\xe0\xed\xe5\xf2\xe5\0" "\xed\xe0\xf0\xe8\xf7\xe0\xec\xe5\0" "\xe7\xe0\xef\xee\xe2\xe5\xe4\xe8\xf2\xe5\0"
  "\xe2\xe8\xea\xe0\xec\0" "\xf3\xf1\xe8\xeb\xe8\xff\0" "\xe1\xee\xea\xeb\xf3\xf6\xe8\0" "\xe4\xfa\xeb\xe3\xe8\0"
  "\xe2\xf0\xe0\xf2\xe8\0" "\xe8\xe7\xe2\xe8\xea\xe0\xec\0" "\xe2\xeb\xe8\xe7\xe0\xec\xe5\0"
  "\xf1\xea\xeb\xe0\xe4\xe0\0" "\xf2\xe5\xf5\xed\xe8\xff\0" "\xef\xf0\xe5\xec\xe8\xed\xe0\0"
  "\xf1\xec\xff\xf2\xe0\xec\xe5\0" "\xe2\xf0\xfa\xf9\xe0\xed\xe5\0" "\xef\xf0\xee\xe5\xea\xf2\xe0\0"
  "\xef\xe8\xf2\xe0\xf2\xe5\0" "\xe2\xe0\xf0\xe8\xe0\xed\xf2\0" "\xee\xea\xe0\xe6\xe5\0" "\xee\xe4\xf0\xe8\0"
  "\xf8\xee\xea\0" "\xe3\xeb\xe0\xe2\xed\xe0\xf2\xe0\0" "\xf1\xf2\xf0\xe5\xeb\xff\xe9\xf2\xe5\0" "\xf3\xe5\xe9\xed\0"
  "\xe8\xe7\xf5\xe2\xfa\xf0\xeb\xe8\0" "\xf0\xe5\xe4\xe0\xea\xf6\xe8\xff\0" "\xe1\xff\xe3\xe0\xe9\xf2\xe5\0"
  "\xf1\xec\xe5\xe5\0" "\xea\xf3\xf7\xe5\xf2\xe0\xf2\xe0\0" "\xec\xe8\xf1\xfa\xeb\0"
  "\xf1\xf0\xe0\xe2\xed\xe5\xed\xe8\xe5\0" "\xe6\xe5\xed\xf1\xea\xe8\0"
  "\xef\xf0\xee\xf1\xf2\xe8\xf2\xf3\xf2\xea\xe0\0" "\xef\xf0\xe0\xe7\xed\xe8\0" "\xed\xee\xf9\xe8\0"
  "\xed\xe0\xe2\xff\xf0\xed\xee\0" "\xef\xee\xe2\xff\xf0\xe2\xe0\xe9\xf2\xe5\0" "\xf7\xe8\xff\0"
  "\xea\xee\xec\xe0\xed\xe4\xe8\xf0\xe5\0" "\xf0\xe0\xe7\xf1\xf2\xf0\xee\xe5\xed\xe0\0"
  "\xf9\xe0\xf1\xf2\xeb\xe8\xe2\xee\0" "\xed\xe0\xef\xf3\xf1\xea\xe0\xec\0" "\xe1\xee\xea\xeb\xf3\xea\xe0\0"
  "\xf0\xe0\xed\xe4\xe8\0" "\xef\xf0\xe8\xeb\xe8\xf7\xe0\xec\0" "\xea\xe0\xf0\xf2\xe8\xed\xe0\xf2\xe0\0"
  "\xf3\xf7\xe5\xed\0" "\xed\xe0\xec\xe8\xf0\xe0\xf2\0" "\xf0\xe5\xe4\xe0\0" "\xec\xe5\xe9\0"
  "\xf6\xe8\xe3\xe0\xf0\xe8\0" "\xf1\xf2\xe0\xf0\xe8\xff\xf2\0" "\xe0\xe4\0" "\xee\xf7\xe8\xeb\xe0\0"
  "\xe8\xf1\xef\xe0\xed\xe8\xff\0" "\xed\xe5\xe9\xed\xee\0" "\xed\xe0\xf8\xe5\0" "\xe4\xee\xf2\xee\xe3\xe0\xe2\xe0\0"
  "\xe5\xe4\xe8\xed\xf1\xf2\xe2\xe5\xed\xe8\xf2\xe5\0" "\xf7\xf3\xe5\xf2\xe5\0" "\xf2\xe0\xed\xf6\xf3\xe2\xe0\0"
  "\xe3\xee\xf2\xee\xe2\xed\xee\xf1\xf2\0" "\xf0\xe8\xf2\xe0\0" "\xf1\xf0\xe5\xf9\xe0\xeb\xe8\0"
  "\xef\xf0\xe8\xf1\xf2\xe8\xe3\xed\xe0\xf5\xec\xe5\0" "\xf2\xe5\xf0\xe8\xf2\xee\xf0\xe8\xff\0"
  "\xe4\xee\xe2\xe5\xe4\xe5\xf2\xe5\0" "\xf1\xe2\xfa\xf0\xf8\xe8\xeb\0" "\xf1\xec\xe5\xed\xff\0"
  "\xf5\xe5\xe9\xeb\xe8\0" "\xee\xe1\xe8\xf0\0" "\xef\xe0\xe4\xed\xe0\xeb\0" "\xed\xe0\xe1\xeb\xfe\xe4\xe0\xe2\xe0\0"
  "\xe7\xe0\xec\xe5\xf1\xf2\xed\xe8\xea\0" "\xf2\xfa\xf0\xf1\xe5\xf5\0"
  "\xef\xf0\xe5\xe4\xf1\xf2\xe0\xe2\xeb\xff\xe2\xe0\0" "\xe7\xe0\xe4\xed\xe8\xf6\xe8\0"
  "\xe7\xe0\xe4\xe0\xf7\xe0\xf2\xe0\0" "\xf1\xf2\xe0\xf0\xee\0" "\xe7\xe0\xe1\xf0\xe0\xe2\xe8\xec\0"
  "\xe7\xeb\xe0\xf2\xee\xf2\xee\0" "\xf2\xe5\xf7\xe5\0" "\xe1\xf0\xee\xff\0" "\xe8\xe7\xeb\xff\xe7\xfa\xeb\0"
  "\xf1\xe2\xe0\xeb\xe5\xf2\xe5\0" "\xef\xee\xe7\xe8\xf6\xe8\xff\xf2\xe0\0" "\xef\xf0\xe8\xe5\xf2\xee\0"
  "\xec\xee\xf1\xea\xe2\xe0\0" "\xf1\xeb\xf3\xe6\xe8\xf2\xe5\xeb\xe8\0" "\xe4\xe8\xea\0" "\xf4\xeb\xee\xf2\xe0\0"
  "\xea\xe5\xf0\xe8\0" "\xea\xe0\xef\xe8\xf2\xe0\xed\xfa\xf2\0" "\xe1\xe8\xe1\xeb\xe8\xff\xf2\xe0\0"
  "\xef\xee\xf2\xfa\xf0\xf1\xe8\0" "\xe1\xf3\xe4\xe5\xed\0" "\xf1\xef\xe5\xf7\xe5\xeb\xe8\xf5\0"
  "\xe7\xe0\xe4\xf0\xfa\xe6\xf2\xe5\0" "\xee\xe1\xe8\xf7\xe0\xeb\0" "\xec\xe8\xf7\0" "\xe7\xe2\xf3\xf7\xe8\xf8\0"
  "\xe2\xe5\xf1\xf2\xed\xe8\xea\0" "\xe7\xe0\xe4\xfa\xeb\xe6\xe8\xf2\xe5\xeb\xed\xee\0"
  "\xef\xee\xe7\xed\xe0\xe2\xe0\xf2\0" "\xe3\xeb\xe0\xf1\xfa\xf2\0" "\xea\xf0\xe8\xe7\xe0\0" "\xe1\xe5\xeb\0"
  "\xef\xee\xe5\xec\xe5\0" "\xf1\xe5\xe2\xe5\xf0\xed\xe0\0" "\xef\xe5\xff\0"
  "\xef\xee\xea\xe0\xe7\xe0\xed\xe8\xff\xf2\xe0\0" "\xf3\xef\xeb\xe0\xf8\xe5\xed\xe0\0"
  "\xf1\xfa\xe3\xeb\xe0\xf1\xed\xe8\0" "\xef\xf0\xe8\xe1\xe5\xf0\xe8\0" "\xe8\xe7\xe3\xf3\xe1\xe8\xf5\xec\xe5\0"
  "\xe7\xe0\xef\xee\xe2\xe5\xe4\xf2\xe0\0" "\xe1\xff\xe3\xe0\xec\0" "\xee\xf2\xf2\xee\xe3\xe0\xe2\xe0\0"
  "\xed\xe0\xec\xe8\xf0\xe0\xec\xe5\0" "\xed\xe0\xea\xe0\xf0\xe0\xe9\0" "\xf0\xe0\xe7\xf7\xe8\xf2\xe0\xec\0"
  "\xf2\xe0\xed\xf6\xf3\xe2\xe0\xec\xe5\0" "\xe7\xe0\xef\xee\xf7\xed\xe8\0" "\xef\xee\xff\xe2\xff\xe2\xe0\0"
  "\xf4\xe8\xe7\xe8\xf7\xe5\xf1\xea\xe8\0" "\xe2\xe7\xe5\xf5\xec\xe5\0" "\xef\xf2\xe8\xf6\xe8\0" "\xf1\xee\0"
  "\xee\xe1\xe0\xe6\xe4\xe0\xed\xe5\xf2\xee\0" "\xf2\xff\xf5\xed\xee\xf2\xee\0" "\xf0\xe5\xe0\xea\xf6\xe8\xff\0"
  "\xee\xf6\xe5\xeb\xe5\xe5\0" "\xe2\xe7\xe5\xec\xe0\xec\0" "\xf0\xe0\xf1\xf2\xe5\0"
  "\xef\xee\xf1\xf2\xf0\xe0\xe4\xe0\0" "\xec\xe0\xff\0" "\xf2\xe5\xf0\xe0\xef\xe8\xff\0" "\xef\xf0\xe0\xe2\xe5\xf5\0"
  "\xe2\xf1\xe8\xf7\xea\xe0\xf2\xe0\0" "\xf1\xfa\xeb\xe7\xe8\0" "\xe7\xe0\xef\xe0\xeb\xe8\0"
  "\xf3\xe1\xe8\xe9\xf1\xf2\xe2\xe0\xf2\xe0\0" "\xf1\xf2\xfa\xef\xea\xe8\0" "\xec\xe8\xeb\xee\xf0\xe4\0"
  "\xe4\xe6\xe5\xed\xe8\xf4\xfa\xf0\0" "\xe8\xe3\xf0\xe0\xe5\xf2\xe5\0" "\xed\xe0\xf0\xe5\xe4\xe8\0"
  "\xeb\xee\xe3\xe8\xea\xe0\0" "\xe3\xee\xf1\xef\xee\xe4\xe0\xf0\xff\0" "\xf2\xf0\xe5\xe9\xf1\xe8\0" "\xea\xe0\xeb\0"
  "\xf0\xe0\xe7\xf1\xf2\xf0\xee\xe5\xed\0" "\xf4\xe0\xeb\xf8\xe8\xe2\xe8\0" "\xef\xee\xec\xee\xf9\xed\xe8\xea\0"
  "\xf0\xe5\xe7\xf3\xeb\xf2\xe0\xf2\xe8\0" "\xf1\xee\xf4\xe8\xff\0" "\xf1\xef\xee\xec\xe5\xed\0"
  "\xe8\xf1\xf2\xe8\xed\xf1\xea\xe8\xf2\xe5\0" "\xe3\xeb\xe5\xe4\xed\xe0\0" "\xf7\xf3\xeb\xe8\0"
  "\xef\xf0\xee\xe4\xfa\xeb\xe6\xe0\xe2\xe0\xf2\0" "\xf3\xf0\xe5\xe4\xff\0" "\xf7\xf3\xf5\xec\xe5\0"
  "\xee\xe3\xeb\xe5\xe4\xe0\xeb\xee\xf2\xee\0" "\xef\xf0\xe8\xf1\xfa\xf1\xf2\xe2\xe8\xe5\xf2\xee\0"
  "\xed\xe8\xea\xee\xff\0" "\xef\xf0\xe8\xe5\xec\xe5\xec\0" "\xf1\xe5\xe4\xed\xe5\xf8\0" "\xf1\xf2\xee\xeb\xe0\0"
  "\xe7\xe0\xef\xe8\xf1\xe8\xf2\xe5\0" "\xf0\xee\xed\0" "\xef\xee\xec\xe8\xf1\xeb\xe8\xeb\0"
  "\xe8\xe7\xef\xf0\xe0\xf2\xe8\xec\0" "\xe0\xf0\xe5\xf1\xf2\xe0\0" "\xef\xee\xeb\xe8\xf2\xe8\xea\xe0\xf2\xe0\0"
  "\xe7\xe0\xf2\xe2\xee\xf0\xe5\xed\xe8\0" "\xe8\xe7\xe1\xff\xe3\xe0\xec\0" "\xe3\xe0\xf0\xe0\xed\xf6\xe8\xff\0"
  "\xe8\xed\xf2\xe5\xf0\xe5\xf1\xe5\xed\0" "\xf1\xe8\xed\xfc\xee\0"
  "\xe2\xef\xe5\xf7\xe0\xf2\xeb\xff\xe2\xe0\xf9\xee\0" "\xef\xf0\xee\xf2\xe8\xe2\xe5\xed\0" "\xea\xee\xf3\xeb\0"
  "\xe8\xe7\xf1\xeb\xf3\xf8\xe0\xe9\0" "\xe7\xe0\xf1\xeb\xf3\xe6\xe0\xe2\xe0\xec\0" "\xf2\xe5\xf1\xf2\xee\xe2\xe5\0"
  "\xf1\xe5\xf2\0" "\xe8\xe7\xeb\xe5\xe7\xf2\xe5\0" "\xef\xf0\xe5\xe4\xeb\xe0\xe3\xe0\xf8\0"
  "\xea\xeb\xe5\xf2\xea\xe0\0" "\xf1\xef\xe8\xf1\xe0\xed\xe8\xe5\0" "\xee\xf1\xf2\xe0\xed\xe0\xeb\0"
  "\xe7\xe0\xe1\xf0\xe0\xed\xe5\xed\xee\0" "\xf8\xef\xe8\xee\xed\xe8\xed\0" "\xf6\xe2\xe5\xf2\xff\xf2\xe0\0"
  "\xe2\xf2\xee\xf0\xe8\xff\xf2\0" "\xf7\xf3\xeb\xe0\0" "\xef\xf0\xee\xe4\xe0\xec\0" "\xf1\xe0\xec\xee\xf2\xed\xe0\0"
  "\xe7\xe0\xef\xe0\xe7\xff\0" "\xe8\xed\xf2\xe5\xf0\xe5\xf1\xed\xe0\0" "\xf1\xf2\xe0\xe8\0"
  "\xef\xf0\xee\xe4\xe0\xe2\xe0\xf2\0" "\xef\xee\xeb\xe5\xf2\xee\0" "\xef\xf0\xee\xf3\xf7\xe2\xe0\xed\xe5\0"
  "\xe7\xe0\xef\xe8\xf1\xe8\0" "\xef\xee\xef\xf0\xe0\xe2\xff\0" "\xec\xfa\xf0\xe4\xe0\xe9\xf2\xe5\0"
  "\xf3\xf7\xe5\xed\xe8\xea\0" "\xf1\xe5\xed\xe0\xf2\xee\xf0\0" "\xe2\xee\xeb\xff\xf2\xe0\0" "\xe2\xe8\xea\xe0\xf8\0"
  "\xf1\xf0\xff\xe4\xe0\0" "\xec\xe0\xe9\xeb\xf1\0" "\xea\xee\xeb\xe5\xe3\xe0\0" "\xea\xf3\xef\xe8\xec\0"
  "\xe2\xea\xe0\xf0\xe0\0" "\xf1\xf2\xe0\xf2\xe8\xff\0" "\xf0\xe0\xe6\xe4\xe0\xed\xe5\xf2\xee\0"
  "\xed\xe0\xec\xe5\xf0\xe8\xf5\xf2\xe5\0" "\xe8\xe7\xf7\xe0\xea\xe0\xec\0" "\xf1\xe5\xf1\xf2\xf0\xe8\xf2\xe5\0"
  "\xea\xee\xf2\xea\xe0\xf2\xe0\0" "\xe8\xe7\xe2\xe5\xf1\xf2\xed\xe8\0" "\xec\xf0\xe5\xe6\xe0\xf2\xe0\0"
  "\xe4\xee\xe2\xfa\xf0\xf8\xe8\0" "\xed\xff\xec\xe0\xeb\xee\0" "\xee\xe1\xff\xf1\xed\xe8\xf8\0"
  "\xe1\xee\xf1\xf2\xfa\xed\0" "\xe2\xfa\xeb\xed\xe0\0" "\xf3\xf7\xe0\xf1\xf2\xfa\xea\xe0\0"
  "\xeb\xe0\xe1\xee\xf0\xe0\xf2\xee\xf0\xe8\xff\0" "\xe2\xee\xe5\xed\xed\xe8\xf2\xe5\0"
  "\xee\xf0\xe3\xe0\xed\xe8\xe7\xe0\xf6\xe8\xff\0" "\xf2\xfa\xf0\xf1\xe5\xed\xe5\xf2\xee\0" "\xfa\xf0\xeb\0"
  "\xf8\xe5\xe9\xed\0" "\xec\xe0\0" "\xf2\xfa\xe6\xed\xe0\0" "\xe1\xe0\xf0\xe1\xe0\xf0\xe0\0"
  "\xee\xf1\xf2\xe0\xe2\xe8\xeb\xe0\0" "\xf7\xe5\xf0\xe2\xe5\xed\0" "\xf1\xf2\xf0\xe0\xf5\xf3\xe2\xe0\0"
  "\xef\xee\xe5\xec\xe8\0" "\xf1\xe2\0" "\xf1\xef\xf0\xff\xf5\0" "\xe1\xee\xf0\xff\0" "\xe1\xee\xe3\xe0\xf2\xe8\0"
  "\xeb\xe8\xf0\xe8\0" "\xea\xee\xeb\xe5\xeb\xee\0" "\xed\xee\xec\xe5\xf0\xfa\xf2\0" "\xe3\xee\xeb\xe0\0"
  "\xea\xf0\xe0\xe6\xe1\xe0\0" "\xe8\xe7\xef\xeb\xe0\xf8\xe8\0" "\xef\xee\xeb\xf3\xf7\xe0\xf2\0"
  "\xf4\xeb\xee\xf0\xe8\xe4\xe0\0" "\xef\xf0\xe8\xf1\xfa\xe5\xe4\xe8\xed\xe8\0" "\xf1\xed\xff\xe3\0"
  "\xe3\xf0\xe5\xf8\xe0\0" "\xe4\xee\xea\xe0\xf0\xe0\0" "\xe2\xf1\xe8\xf7\xea\xee\xf2\xee\0"
  "\xf1\xe2\xfa\xf0\xf8\xe8\xec\0" "\xe2\xee\xe4\xe0\xf7\0" "\xe4\xee\xed\xe5\xf1\xe5\xf8\0"
  "\xf5\xe0\xf0\xef\xfa\xf0\0" "\xee\xe1\xe0\xe6\xe4\xe0\xed\xe8\xff\0" "\xee\xef\xe0\xf1\xed\xe0\0"
  "\xe7\xe0\xea\xfa\xf1\xed\xff\xe2\xe0\xec\0" "\xe1\xe5\xeb\xfc\xee\0" "\xf1\xeb\xf3\xf5\0"
  "\xee\xef\xe8\xf2\xe2\xe0\xf8\xe5\0" "\xef\xf0\xe8\xe5\xec\xe5\xf2\xe5\0" "\xef\xf0\xe5\xe4\xe0\xe4\xe5\xf8\0"
  "\xe1\xe5\xe7\xef\xee\xea\xee\xe9\0" "\xf1\xf2\xe0\xed\xe5\xec\0" "\xe1\xe5\xe1\xe5\xf2\xe0\0" "\xe8\xed\0"
  "\xf1\xf2\xf3\xe4\xe5\xed\xe0\0" "\xe3\xed\xff\xe2\0" "\xee\xf2\xe2\xee\xf0\xe5\xed\xe8\0"
  "\xe5\xe4\xe8\xed\xe8\xff\0" "\xee\xf2\xe4\xf0\xfa\xef\xed\xe5\xf2\xe5\0" "\xf0\xe5\xf8\xe8\xec\0"
  "\xf2\xe8\xed\xe0\0" "\xec\xee\xe7\xfa\xea\xfa\xf2\0" "\xf0\xe5\xe0\xeb\xed\xee\0" "\xf3\xe2\xe5\xf0\xe8\0"
  "\xf2\xe5\xee\xf0\xe8\xff\xf2\xe0\0" "\xef\xee\xe7\xe2\xee\xeb\xff\xe2\xe0\xe9\0" "\xf2\xf0\xfa\xe3\xed\xe0\xf5\0"
  "\xf2\xe5\xe6\xea\xe8\0" "\xee\xf2\xe3\xee\xe2\xe0\xf0\xff\xf8\0" "\xe2\xe0\xec\xef\xe8\xf0\0"
  "\xef\xee\xe3\xf0\xe8\xe6\xe8\xec\0" "\xf2\xe0\xed\xf6\xf3\xe2\xe0\xf8\0"
  "\xef\xe0\xed\xf2\xe0\xeb\xee\xed\xe8\xf2\xe5\0" "\xed\xe5\xe4\xe5\xe9\xf2\xe5\0"
  "\xef\xe0\xf0\xf2\xed\xfc\xee\xf0\xe0\0" "\xee\xf2\xe3\xee\xe2\xee\xf0\xe8\xf2\xe5\0"
  "\xf1\xeb\xf3\xe6\xe1\xe0\xf2\xe0\0" "\xe1\xeb\xe8\xe7\xfa\xea\0" "\xf1\xec\xff\xf2\xe0\xf5\0"
  "\xf0\xe0\xe7\xe1\xf0\xe0\xeb\xe0\0" "\xf7\xf3\xff\xf2\0" "\xee\xe1\xe2\xe8\xed\xe5\xed\xe8\xe5\0"
  "\xee\xf2\xe3\xee\xe2\xe0\xf0\xff\xec\0" "\xf2\xf0\xfa\xe3\xed\xe5\xf2\xe5\0" "\xf1\xf2\xe0\xf0\xf8\xe8\0"
  "\xf1\xf6\xe5\xed\xe0\xf0\xe8\xe9\0" "\xe2\xe4\xe8\xe3\xe0\0" "\xeb\xe5\xea\xe0\xf0\xf1\xf2\xe2\xee\xf2\xee\0"
  "\xf7\xee\xe2\xe5\xf8\xea\xee\0" "\xef\xf0\xe5\xf6\xe0\xea\xe0\0" "\xe7\xe0\xf9\xe8\xf2\xe0\xe2\xe0\0"
  "\xf8\xe0\xec\xef\xe8\xee\xed\0" "\xef\xf3\xe1\xeb\xe8\xf7\xed\xee\0" "\xe7\xe0\xec\xe8\xed\xe0\xe2\xe0\xec\0"
  "\xef\xf0\xee\xe7\xee\xf0\xe5\xf6\0" "\xee\xf2\xea\xe0\xe7\xe2\xe0\0" "\xe7\xe0\xf1\xf2\xf0\xe5\xeb\xff\xec\0"
  "\xe5\xea\xe8\xef\xe0\xe6\xe0\0" "\xec\xee\xf0\xf1\xea\xe8\0" "\xe0\xe1\xf1\xf3\xf0\xe4\xed\xee\0"
  "\xed\xe0\xef\xee\xeb\xee\xe2\xe8\xed\xe0\0" "\xea\xf0\xe8\xff\0" "\xf0\xe0\xe7\xea\xe0\xe6\xe5\xf8\0"
  "\xf2\xe5\xf5\xed\xee\xeb\xee\xe3\xe8\xff\0" "\xef\xee\xf0\xed\xee\0" "\xf1\xf2\xf0\xf3\xe2\xe0\xf2\0"
  "\xee\xef\xe0\xf8\xea\xe0\xf2\xe0\0" "\xf3\xe1\xe8\xe5\xf2\xe5\0" "\xef\xe0\xf6\xe8\xe5\xed\xf2\xe8\xf2\xe5\0"
  "\xef\xf0\xe0\xe7\xed\xe0\0" "\xf1\xe5\xec\xe5\xe9\xf1\xf2\xe2\xe0\xf2\xe0\0" "\xe4\xe2\xee\xf0\0"
  "\xe2\xe0\xed\xe0\0" "\xf3\xf1\xf2\xed\xe8\xf2\xe5\0"
  "\xe4\xee\xea\xe0\xe7\xe0\xf2\xe5\xeb\xf1\xf2\xe2\xe0\xf2\xe0\0" "\xe8\xe7\xff\xf1\xed\xe8\xec\0"
  "\xe7\xec\xe8\xff\0" "\xef\xf0\xe8\xe1\xe8\xf0\xe0\xec\xe5\0" "\xe2\xe5\xf7\xe5\xf0\xff\xec\xe5\0"
  "\xe7\xe0\xec\xfa\xea\xe0\0" "\xef\xf3\xf8\xea\xe0\0" "\xe0\xf0\xe5\xf1\xf2\0" "\xf1\xee\xf1\0"
  "\xed\xe0\xef\xf0\xe0\xe7\xed\xee\0" "\xe5\xeb\xfa\xed\0" "\xe4\xff\xeb\0" "\xe4\xfa\xf0\xe2\xe5\xf2\xe0\xf2\xe0\0"
  "\xea\xeb\xe5\xf2\xea\xe8\0" "\xea\xe0\xf2\xe8\0" "\xf5\xe0\xef\xed\xe5\xec\0" "\xe0\xed\xf2\xfa\xed\xe8\0"
  "\xf1\xf2\xe8\xe3\xed\xe0\xf2\0" "\xe0\xea\xf2\xfc\xee\xf0\0" "\xe3\xf0\xe5\xf8\xea\xe0\xf2\xe0\0"
  "\xe1\xee\xed\xe1\xee\xed\xe8\0" "\xee\xe1\xeb\xe0\xf1\xf2\0" "\xf2\xfa\xe6\xe5\xed\0"
  "\xf1\xf5\xe2\xe0\xed\xe0\xf5\0" "\xec\xe0\xf2\xe5\xf0\xe8\xe0\xeb\0" "\xf1\xf2\xe0\xf0\xf7\xe5\0"
  "\xe8\xe7\xe0\xe1\xe5\xeb\0" "\xf1\xe2\xfa\xf0\xe6\xe5\xf2\xe5\0" "\xf1\xfa\xe2\xef\xe0\xe4\xe0\0"
  "\xef\xf0\xe5\xec\xe5\xf1\xf2\xe8\xec\0" "\xe2\xe5\xeb\xe8\xea\xe8\0" "\xe2\xff\xf0\xe2\xe0\xf5\0"
  "\xec\xe0\xe9\xee\xf0\xe5\0" "\xf3\xf7\xe0\xf1\xf2\xe2\xe0\0" "\xe7\xe0\xe1\xe0\xe2\xeb\xe5\xed\xe8\xe5\0"
  "\xf1\xea\xee\xf0\xee\xf1\xf2\xf2\xe0\0" "\xec\xee\xf0\xe8\xf1\0" "\xed\xe0\xec\xe5\xf0\xe8\xeb\xe0\0"
  "\xed\xe0\xe1\xeb\xfe\xe4\xe0\xe2\xe0\xec\0" "\xec\xe0\xf0\xe3\xe0\xf0\xe5\xf2\0" "\xe2\xf2\xee\xf0\xee\xf2\xee\0"
  "\xed\xe0\xed\xf1\xe8\0" "\xe4\xe6\xe5\xed\0" "\xec\xe0\xe9\xf2\xe0\xef\0" "\xe1\xe0\xf1\0"
  "\xf0\xe0\xec\xee\xf2\xee\0" "\xe7\xe0\xe1\xf0\xe0\xe2\xff\xe9\xf2\xe5\0" "\xef\xf3\xe1\xeb\xe8\xea\xe0\xf2\xe0\0"
  "\xed\xe0\xec\xe8\xf0\xe0\xf8\0" "\xec\xe5\xed\xe8\xe4\xe6\xfa\xf0\0" "\xe3\xeb\xe5\xe4\xe0\xf8\xe5\0"
  "\xef\xee\xec\xe0\xe3\xe0\xf2\0" "\xef\xee\xeb\xe5\xe7\xed\xee\0" "\xf1\xf2\xe0\xf0\xe5\xf6\0"
  "\xed\xe5\xf9\xee\xf2\xee\0" "\xe2\xeb\xff\xe7\xee\xf5\0" "\xed\xee\xf9\xe5\xec\0" "\xe6\xe8\xe2\xee\xf2\xe8\0"
  "\xe3\xe0\xf9\xe8\xf2\xe5\0" "\xf2\xee\xf1\xf2\0" "\xe2\xe4\xe8\xe3\xed\xe5\xf2\xe5\0" "\xff\xf1\xe5\xed\0"
  "\xed\xe5\xf0\xe2\xed\xe0\0" "\xef\xf0\xe5\xea\xfa\xf1\xe2\xe0\xec\0" "\xe3\xee\xeb\xe8\0"
  "\xef\xee\xf1\xf0\xe5\xe4\0" "\xe5\xe4\xed\xee\xf2\xee\0" "\xf9\xe0\xf1\xf2\xe8\xe5\xf2\xee\0"
  "\xef\xf0\xe5\xf1\xeb\xe5\xe4\xe2\xe0\xf2\0" "\xef\xe0\xf0\xea\xe8\xed\xe3\xe0\0" "\xea\xe0\xf2\0"
  "\xea\xed\xe8\xe6\xea\xe0\0" "\xf3\xeb\xe8\xea\xe8\0" "\xe4\xf0\xf3\xe3\xe0\xf0\xfe\0" "\xe2\xf0\xfa\xf9\xe0\xf2\0"
  "\xf0\xe5\xea\xeb\xe0\xec\xe0\0" "\xeb\xff\xe2\xe0\xf2\xe0\0" "\xe3\xf0\xf3\xef\xe8\0"
  "\xe4\xe6\xe5\xe9\xea\xfa\xe1\0" "\xf5\xee\xe4\xe8\xf5\0" "\xeb\xe8\xed\xe4\xe7\xe8\0" "\xef\xee\xf9\xe0\0"
  "\xe8\xe7\xe2\xfa\xf0\xf8\xe8\xeb\0" "\xe2\xfa\xe7\xf0\xe0\xf1\xf2\xed\xe8\0" "\xee\xf7\xe0\xea\xe2\xe0\xf8\xe5\0"
  "\xef\xee\xef\xe8\xf2\xe0\xf8\0" "\xe9\xee\0" "\xf5\xe8\xeb\0" "\xe8\xed\xf2\xe5\xf0\xe5\xf1\xf3\xe2\xe0\xf2\0"
  "\xe0\xed\xed\xe0\0" "\xee\xe1\xe0\xe4\xe8\xeb\0" "\xef\xee\xeb\xe8\xf6\xe5\xe9\xf1\xea\xe8\0"
  "\xec\xf0\xfa\xf1\xed\xe8\0" "\xed\xe5\xf9\xe0\xf1\xf2\xe8\xe5\0" "\xee\xf2\xe8\xe4\xee\xf5\xe0\0"
  "\xe3\xee\xf2\xe2\xe8\0" "\xec\xe8\xf1\xeb\xe8\xeb\xe0\0" "\xef\xee\xea\xee\xeb\xe5\xed\xe8\xe5\0"
  "\xe0\xeb\xf4\xe0\0" "\xf2\xf0\xf3\xe4\xed\xe8\0" "\xe3\xe5\xf0\xee\xe8\0" "\xef\xf0\xe0\xf1\xe5\0"
  "\xf1\xfa\xed\xe8\xf9\xe0\0" "\xe2\xf0\xe0\xe3\xee\xe2\xe5\xf2\xe5\0" "\xf1\xf2\xf0\xe0\xf1\xf2\0"
  "\xe3\xee\xf1\xef\xee\xe4\xe0\xf0\0" "\xe7\xed\xe0\xe5\xeb\xe8\0" "\xe7\xe0\xe1\xe5\xeb\xff\xe7\xe0\xeb\0"
  "\xe7\xe0\xe5\xec\0" "\xe1\xee\xed\xe8\0" "\xed\xe5\xf2\xfa\xf0\xef\xe5\xed\xe8\xe5\0"
  "\xef\xf0\xe8\xf1\xf2\xe8\xe3\xe0\0" "\xf1\xe2\xfa\xf0\xe6\xe5\xec\0" "\xe4\xfa\xeb\xe6\xe8\0"
  "\xe8\xe7\xeb\xff\xe7\xee\xf5\0" "\xe4\xee\xea\xe0\xe6\xe5\0" "\xee\xf2\xe2\xee\xf0\xe5\xed\0"
  "\xe2\xee\xe9\xed\xe8\0" "\xee\xef\xe8\xf2\xe2\xe0\xe9\xea\xe8\0" "\xf0\xfa\xe1\xe0\0"
  "\xe8\xe7\xef\xee\xeb\xe7\xe2\xe0\xf5\0" "\xf7\xe5\xea\0" "\xe1\xff\xe3\xf1\xf2\xe2\xee\0"
  "\xf3\xe2\xe0\xe6\xe0\xe2\xe0\xec\0" "\xf0\xe0\xe7\xe1\xe8\0" "\xee\xf1\xf2\xe0\xf2\xfa\xea\xe0\0"
  "\xf0\xf3\xf1\xea\xe8\0" "\xef\xee\xe2\xe5\xe4\xe5\xed\xe8\xe5\xf2\xee\0" "\xeb\xf3\xe8\0"
  "\xe8\xe7\xe4\xfa\xf0\xe6\xe8\0" "\xf1\xea\xee\xf7\xe8\0" "\xe2\xf5\xee\xe4\0" "\xeb\xee\xf0\xfa\xed\0"
  "\xe3\xee\xe4\xe8\xf8\xed\xee\0" "\xf0\xe0\xe7\xef\xee\xeb\xee\xe6\xe5\xed\xe8\xe5\0" "\xec\xe5\xf7\xea\xe0\0"
  "\xf1\xec\xe8\xf1\xfa\xeb\xfa\xf2\0" "\xf1\xe5\xef\xf2\xe5\xec\xe2\xf0\xe8\0" "\xe2\xe7\xf0\xe8\xe2\xe8\0"
  "\xe8\xe7\xe1\xf0\xe0\xeb\0" "\xe0\xf1\xe0\xed\xf1\xfc\xee\xf0\xe0\0" "\xe0\xed\xe0\xeb\xe8\xe7\0"
  "\xef\xf0\xe8\xe5\0" "\xee\xef\xe8\xf2\xe2\xe0\xeb\0" "\xf1\xeb\xe5\xe7\0" "\xee\xf1\xf2\xe0\xed\xe0\xf5\xe0\0"
  "\xf0\xe0\xe7\xe2\xe0\xeb\xe8\0" "\xf4\xee\xf0\xec\xe0\xf2\xe0\0" "\xec\xeb\xe0\xe4\xe5\xe6\0"
  "\xe7\xe0\xf2\xe2\xe0\xf0\xff\xe9\0" "\xf1\xfa\xe1\xe5\xf0\xe5\xf2\xe5\0" "\xec\xe8\xf1\xe8\xf1\0"
  "\xf0\xe5\xe4\xed\xee\0" "\xf1\xf2\xf0\xf3\xe2\xe0\xf8\xe5\0" "\xf7\xf3\xea\xe0\xf8\0" "\xec\xe0\xf0\xea\xee\0"
  "\xf1\xf0\xe5\xf9\xe0\xec\xe5\0" "\xed\xe0\xec\xe0\xeb\xe8\0" "\xea\xf0\xe5\xf9\xe8\0"
  "\xf8\xe0\xed\xf1\xee\xe2\xe5\xf2\xe5\0" "\xe8\xeb\xe0\xe9\0" "\xf1\xfa\xf9\xe0\0" "\xeb\xe8\xed\0"
  "\xf5\xeb\xe0\xe4\xe8\xeb\xed\xe8\xea\xe0\0" "\xe8\xe7\xea\xe0\xf0\xe0\xec\0"
  "\xed\xe0\xef\xf0\xe0\xe2\xe5\xed\xe8\0" "\xee\xf1\xf2\xe0\xed\xe0\xeb\xe0\xf2\xe0\0"
  "\xe8\xed\xf1\xef\xe5\xea\xf2\xee\xf0\xe5\0" "\xee\xf2\xed\xee\xf8\xe5\xed\xe8\xff\xf2\xe0\0"
  "\xef\xe8\xf1\xe0\xf2\xe5\xeb\0" "\xe3\xe0\xf0\xe0\xed\xf2\xe8\xf0\xe0\xec\0" "\xe2\xeb\xff\xe7\xfa\xeb\0"
  "\xe8\xe7\xe3\xee\xf0\xe8\0" "\xec\xee\xf2\xe8\xe2\0" "\xf0\xe8\xe7\xe0\xf2\xe0\0" "\xe4\xf0\xf3\xe6\xe5\0"
  "\xf1\xee\xe1\xf1\xf2\xe2\xe5\xed\xe8\xea\0" "\xeb\xe8\xed\xe8\xe8\0" "\xf0\xe5\xe0\xeb\xed\xee\xf1\xf2\xf2\xe0\0"
  "\xf5\xf0\xe8\xf1\xf2\xee\xf1\0" "\xee\xe1\xe0\xe4\xe8\xf5\xe0\0" "\xf7\xf3\xe2\xf1\xf2\xe2\xe0\xf2\0"
  "\xec\xfa\xf0\xf2\xe2\xee\0" "\xef\xf0\xe8\xeb\xe8\xf7\xe0\xf2\0" "\xe8\xe7\xee\xf1\xf2\xe0\xe2\xe8\0"
  "\xe2\xe7\xe5\xec\xe0\xf8\0" "\xef\xf0\xee\xea\xeb\xe5\xf2\xe0\xf2\xe0\0" "\xea\xf3\xef\xee\xed\xe0\0"
  "\xf2\xf0\xf3\xe4\xed\xe0\0" "\xef\xee\xe4\xe3\xee\xf2\xe2\xff\0" "\xf0\xe0\xe7\xe2\xee\xe4\0"
  "\xe2\xff\xf2\xfa\xf0\0" "\xed\xe0\xef\xf3\xf1\xed\xe0\xf5\0" "\xef\xf0\xfa\xf1\xf2\xe8\0" "\xef\xe8\0"
  "\xee\xf2\xfa\xf0\xe2\xe0\0" "\xef\xee\xf1\xe5\xf9\xe5\xed\xe8\xe5\0" "\xef\xf0\xe8\xf2\xe5\xf1\xed\xe5\xed\0"
  "\xe8\xe7\xf7\xe5\xe7\xe2\xe0\0" "\xef\xf0\xe0\xe7\xe5\xed\0" "\xe3\xeb\xf3\xef\xe0\xf7\xea\xe0\0"
  "\xe3\xee\xe4\xe8\xf8\xe5\xed\0" "\xed\xe0\xf0\xe0\xed\xe8\xf8\0" "\xea\xee\xe4\xe0\0" "\xe8\xe7\xe1\xf0\xe0\xf5\0"
  "\xf2\xf0\xf3\xe4\0" "\xf5\xe0\xf0\xee\xeb\xe4\0" "\xe1\xeb\xe0\xe3\xee\xe4\xe0\xf0\xe8\0"
  "\xe4\xff\xe2\xee\xeb\xf1\xea\xe8\0" "\xe0\xeb\xe5\xea\xf1\xe0\xed\xe4\xfa\xf0\0" "\xed\xee\xf1\xe8\xf2\xe5\0"
  "\xf3\xf1\xe5\xf9\xe0\xf8\0" "\xe1\xe0\xe3\xe0\xe6\xed\xe8\xea\xe0\0" "\xef\xee\xf7\xe8\xed\xe0\xeb\0"
  "\xf1\xec\xe5\xeb\xee\xf1\xf2\0" "\xed\xe5\xef\xf0\xe8\xff\xf2\xed\xee\0" "\xe0\xea\xf2\0"
  "\xef\xf0\xee\xe4\xe0\xe2\xe0\xec\0" "\xe5\xec\xe8\0" "\xe2\xe0\xea\xe0\xed\xf6\xe8\xff\0"
  "\xf3\xe1\xe8\xe9\xf2\xe5\0" "\xea\xe5\xe9\xed\0" "\xf1\xfa\xe1\xe5\xf0\xe0\0" "\xec\xe0\xf0\xea\xfa\xf1\0"
  "\xef\xeb\xe0\xf7\xe0\0" "\xee\xef\xe0\xf8\xea\xe0\0" "\xe2\xfa\xe7\xf0\xe0\xf1\xf2\xe5\xed\0"
  "\xf0\xe0\xe7\xea\xe0\xf0\xe0\xe9\xf2\xe5\0" "\xed\xe5\xe3\xee\xe4\xed\xe8\xea\0" "\xe2\xeb\xe8\xe7\xe0\xf8\0"
  "\xed\xe0\xef\xe0\xe4\xed\xe0\0" "\xf3\xe2\xee\xeb\xed\xe5\xed\0" "\xf1\xf2\xf0\xe5\xeb\xff\xec\0"
  "\xf1\xef\xee\xf0\xe0\xe7\xf3\xec\xe5\xed\xe8\xe5\0" "\xef\xeb\xe0\xf9\xe0\xf8\0" "\xe2\xe8\xf1\xee\xea\xe8\0"
  "\xef\xee\xe4\xee\xe1\xed\xe0\0" "\xe3\xf0\xff\xf5\0" "\xe4\xfa\xf0\xe6\xe0\xf5\0" "\xe1\xe5\xf0\xeb\xe8\xed\0"
  "\xe7\xe0\xef\xee\xf7\xed\xe0\xeb\xe8\0" "\xf5\xf0\xf3\xec\xed\xe0\0" "\xf1\xe8\xec\xe2\xee\xeb\0"
  "\xea\xee\xeb\xe5\xe3\xe8\0" "\xef\xeb\xfa\xf5\0" "\xef\xf0\xe8\xe5\xec\xe0\xf8\0" "\xe1\xe0\xed\xff\0"
  "\xf1\xf0\xee\xea\0" "\xed\xe0\xe4\xe5\xe6\xe4\xe0\xf2\xe0\0" "\xfe\xeb\xe8\0" "\xf2\xfa\xeb\xef\xe0\xf2\xe0\0"
  "\xe8\xe4\xe5\0" "\xe0\xf0\xe5\xf1\xf2\xf3\xe2\xe0\xf2\0" "\xea\xee\xec\xe0\0" "\xe7\xe0\xea\xee\xed\xe8\0"
  "\xf2\xf0\xe5\xed\xe5\xf0\0" "\xe1\xf0\xf3\xea\0" "\xed\xe0\xf0\xea\xee\xf2\xe8\xf6\xe8\xf2\xe5\0"
  "\xeb\xf3\xe4\xee\0" "\xea\xf3\xf0\xe0\xe6\0" "\xf4\xe0\xeb\xf8\xe8\xe2\xe0\0" "\xf5\xe2\xe0\xed\xe0\xeb\xe8\0"
  "\xf4\xe5\xf0\xec\xe0\xf2\xe0\0" "\xe9\xee\xed\0" "\xee\xe6\xe5\xed\xe8\xf8\0" "\xf6\xe0\xf0\0"
  "\xed\xe0\xea\xe0\xf0\xe0\xec\xe5\0" "\xea\xeb\xe8\xed\xe8\xea\xe0\xf2\xe0\0" "\xef\xe8\xff\xed\xe0\0"
  "\xee\xf2\xef\xe5\xf7\xe0\xf2\xfa\xf6\xe8\xf2\xe5\0" "\xef\xee\xeb\xf3\xe4\xff\0"
  "\xf3\xed\xe8\xf4\xee\xf0\xec\xe0\0" "\xea\xfa\xf1\xec\xe5\xf2\xe0\0" "\xf3\xf7\xe5\xed\xe8\xf6\xe8\0"
  "\xf1\xef\xf0\xe0\xe2\xe5\xe4\xeb\xe8\xe2\xee\xf1\xf2\0" "\xf7\xe5\xf2\xee\xf5\0" "\xef\xee\xef\xe8\xf2\xe0\xe9\0"
  "\xe2\xe8\xe4\xee\xe2\xe5\0" "\xe2\xe8\xea\xe8\0" "\xef\xe5\xf7\xe5\xeb\xe8\xf8\0" "\xea\xe0\xf0\xf2\xe8\xf2\xe5\0"
  "\xed\xe8\xea\xee\xeb\0" "\xe2\xe8\xed\xf1\xfa\xed\xf2\0" "\xee\xef\xf0\xe0\xe2\xff\xf2\0"
  "\xe3\xee\xf2\xe2\xe0\xf7\0" "\xee\xf2\xea\xe0\xe7\xe0\xf5\0" "\xef\xe8\xf2\xe0\xf5\0"
  "\xee\xf1\xf2\xe0\xe2\xff\xf8\0" "\xf2\xf0\xe5\xf2\xe8\xff\0" "\xed\xe5\xf0\xe5\xe4\xed\xee\0"
  "\xe8\xe7\xe4\xfa\xf0\xe6\xe0\0" "\xe0\xe3\xe5\xed\xf6\xe8\xff\0" "\xe8\xe7\xe1\xe5\xf0\xe8\0"
  "\xef\xf0\xee\xf7\xe5\xf2\xe8\0" "\xec\xe8\xed\xe0\xeb\0" "\xf0\xe5\xef\xf3\xf2\xe0\xf6\xe8\xff\xf2\xe0\0"
  "\xe8\xe7\xe1\xe5\xf0\xe0\0" "\xf0\xe8\xf1\xea\xf3\xe2\xe0\xec\0" "\xe4\xe6\xe5\xed\xe0\0" "\xf1\xef\xff\xf2\0"
  "\xed\xe0\xef\xf3\xf1\xed\xe0\xeb\0" "\xef\xf0\xe5\xe4\xeb\xe0\xe3\xe0\0"
  "\xf3\xed\xe8\xe2\xe5\xf0\xf1\xe8\xf2\xe5\xf2\0" "\xf2\xe5\xeb\xe5\xe2\xe8\xe7\xee\xf0\xe0\0" "\xf0\xe8\xe7\xe0\0"
  "\xe4\xee\xea\xe0\xe7\xe2\xe0\0" "\xea\xee\xf0\xe5\xec\xe0\0" "\xea\xeb\xe5\xf0\0" "\xe2\xe7\xe0\xe8\xec\xed\xee\0"
  "\xf7\xee\xe2\xe5\xf8\xea\xe0\xf2\xe0\0" "\xe7\xe0\xea\xfa\xf1\xed\xff\0" "\xe1\xe8\xe2\xe0\xf8\xe5\0"
  "\xeb\xee\xf8\xee\xf2\xee\0" "\xe4\xee\xe2\xee\xeb\xed\xe0\0" "\xf1\xff\xed\xea\xe0\0" "\xe4\xf3\xef\xea\xe8\0"
  "\xee\xf2\xea\xfa\xe4\xe5\xf2\xee\0" "\xec\xeb\xe0\xe4\xe8\xf2\xe5\0" "\xee\xed\xeb\xe0\xe9\xed\0"
  "\xef\xee\xf7\xf3\xe2\xf1\xf2\xe2\xe0\0" "\xed\xe8\xf1\xea\xee\0" "\xef\xf0\xe5\xe4\xf1\xf2\xe0\xe2\xff\xf8\0"
  "\xef\xf0\xe0\xf9\xe0\0" "\xf0\xe0\xe1\xee\xf2\xe5\xf5\0" "\xef\xf0\xee\xf2\xee\xea\xee\xeb\xe0\0"
  "\xe3\xee\xf0\xe5\xf9\xe0\0" "\xe7\xe2\xfa\xed\xff\0" "\xe2\xee\xe5\xed\xed\xe0\0" "\xef\xee\xea\xe0\xed\xff\0"
  "\xe0\xe3\xe5\xed\xf6\xe8\xff\xf2\xe0\0" "\xe7\xe4\xf0\xe0\xe2\xe5\xf2\xee\0" "\xf0\xee\xed\xe8\0"
  "\xe4\xf3\xef\xea\xe0\xf2\xe0\0" "\xed\xe0\xef\xe8\xf1\xe0\0" "\xe3\xeb\xe0\xe2\xed\xe8\xff\xf2\0"
  "\xe2\xeb\xe8\xff\xed\xe8\xe5\0" "\xec\xfa\xeb\xf7\xe8\0" "\xee\xf2\xea\xf0\xe8\xe5\xf2\xe5\0"
  "\xff\xe4\xee\xf1\xe0\0" "\xe1\xeb\xe5\xe9\xea\0" "\xf4\xe0\xec\xe8\xeb\xe8\xff\xf2\xe0\0" "\xe5\xf2\xe0\xef\0"
  "\xed\xee\xf0\xec\xe0\xed\0" "\xf5\xe0\xf0\xe8\xf1\0" "\xec\xeb\xe0\xe4\xf8\xe8\0"
  "\xee\xf7\xe0\xea\xe2\xe0\xec\xe5\0" "\xea\xf3\xf0\xf8\xf3\xec\xe0\0" "\xef\xf0\xe8\xf1\xfa\xe4\xe0\xf2\xe0\0"
  "\xea\xec\xe5\xf2\xe0\0" "\xe2\xe8\xed\xee\xf2\xee\0" "\xf0\xe0\xe4\xe2\xe0\0" "\xe7\xe0\xef\xeb\xe0\xf2\xe0\0"
  "\xef\xeb\xe0\xf2\xe8\xeb\0" "\xf1\xef\xf0\xe0\xe2\xff\xec\0" "\xf2\xe0\xe2\xe0\xed\xe0\0" "\xea\xf3\xf0\xf1\xe0\0"
  "\xf7\xe5\xf0\xe2\xe5\xed\xe0\xf2\xe0\0" "\xef\xf0\xe5\xe4\xf3\xef\xf0\xe5\xe4\xff\0"
  "\xea\xee\xf1\xf2\xe8\xf2\xe5\0" "\xf1\xf2\xe0\xed\xf6\xe8\xff\0" "\xef\xf0\xe8\xf1\xf2\xe8\xe3\xed\xe5\0"
  "\xef\xfa\xf2\xe8\xf9\xe0\0" "\xf7\xe0\xea\xe0\xf2\xe5\0" "\xeb\xfe\xe1\xe8\xec\xe8\xf2\xe5\0"
  "\xe4\xe2\xe8\xe6\xe0\xf2\0" "\xf2\xe5\xec\xef\xe5\xf0\xe0\xf2\xf3\xf0\xe0\xf2\xe0\0"
  "\xf1\xf2\xee\xea\xe0\xf2\xe0\0" "\xeb\xe5\xea\xf1\0" "\xef\xe0\xed\xe8\xea\xe0\0"
  "\xef\xe0\xed\xf2\xe0\xeb\xee\xed\xe8\0" "\xee\xe1\xe5\xea\xf2\0" "\xec\xf0\xfa\xf1\xed\xe0\0"
  "\xe7\xe0\xf2\xe2\xee\xf0\xff\0" "\xe2\xf0\xfa\xe7\xea\xe8\xf2\xe5\0" "\xed\xe0\xef\xe8\xf1\xe0\xed\xee\0"
  "\xe4\xfa\xf0\xe6\xe0\xe2\xe0\0" "\xf4\xe8\xed\0" "\xe8\xe7\xe1\xee\xf0\xe8\xf2\xe5\0"
  "\xee\xf2\xe8\xe4\xee\xf5\xec\xe5\0" "\xec\xe8\xf1\xeb\xe5\xeb\0" "\xef\xe0\xe7\xff\xf2\0"
  "\xec\xe8\xf0\xe8\xe7\xec\xe0\xf2\xe0\0" "\xf1\xe2\xfa\xf0\xf8\xe8\xf5\0" "\xf9\xee\xf2\xee\0"
  "\xf5\xee\xe4\xe8\xf2\xe5\0" "\xee\xf2\xe8\xf8\xeb\xe8\0" "\xf1\xfa\xf0\xf6\xe0\xf2\xe0\0"
  "\xe4\xf0\xe5\xe2\xed\xe8\xf2\xe5\0" "\xf5\xe0\xee\xf1\0" "\xe6\xe5\xeb\xe0\xe5\xf8\0"
  "\xea\xf0\xe0\xe8\xf9\xe0\xf2\xe0\0" "\xf6\xe5\xed\xf2\xe0\0" "\xf0\xe5\xf7\xf2\xe0\0"
  "\xf4\xe0\xea\xf2\xe8\xf2\xe5\0" "\xf5\xf0\xe0\xec\xe0\0" "\xf0\xe0\xe1\xee\xf2\xe8\xf5\0" "\xf0\xee\xf0\xe8\0"
  "\xf3\xf1\xe5\xf9\xe0\xed\xe5\xf2\xee\0" "\xe2\xe5\xf1\xf2\xed\xe8\xf6\xe8\xf2\xe5\0" "\xee\xf2\xe4\xee\xeb\xf3\0"
  "\xf3\xf0\xee\xf6\xe8\0" "\xec\xe0\xf1\xea\xe0\0" "\xf1\xea\xe0\xeb\xe0\0" "\xeb\xfe\xe1\xe8\xec\xe8\xff\xf2\0"
  "\xea\xe5\xed\0" "\xe2\xe5\xf9\xe8\0" "\xf1\xf2\xee\xe9\xed\xee\xf1\xf2\0" "\xe3\xf0\xe0\xed\xe8\xf6\xe0\0"
  "\xec\xe5\xe4\xe8\xf6\xe8\xed\xf1\xea\xe0\0" "\xe3\xee\xeb\xff\xec\xee\xf2\xee\0" "\xf3\xe8\xeb\xff\xec\xf1\0"
  "\xef\xee\xeb\xf3\xf7\xe0\xe2\xe0\xf2\0" "\xee\xe1\xfa\xf0\xed\xe5\xf2\xe5\0" "\xe2\xf1\xe5\xeb\xe5\xed\xe0\0"
  "\xec\xe0\xf5\xe0\xec\0" "\xe4\xfa\xf0\xe2\xe5\xf2\xe0\0" "\xf5\xee\xeb\xe8\xe2\xf3\xe4\0"
  "\xea\xee\xeb\xe5\xe3\xe8\xf2\xe5\0" "\xee\xef\xe5\xf0\xe0\xf6\xe8\xe8\0" "\xe3\xed\xe5\xe2\xe0\0"
  "\xf3\xe4\xe8\xe2\xe8\xf2\xe5\xeb\xed\xee\0" "\xf1\xeb\xff\xef\0" "\xf5\xe2\xe0\xed\xe0\xf5\xec\xe5\0"
  "\xe7\xe2\xff\xf0\0" "\xef\xf0\xee\xe2\xe5\xf0\xe8\xf8\0" "\xe2\xe8\xf0\xe4\xe6\xe8\xed\xe8\xff\0"
  "\xf3\xec\xe8\xf0\xe0\xf8\0" "\xec\xf0\xe0\xe7\xff\xf2\0" "\xec\xee\xeb\xe8\xec\0" "\xe3\xf0\xf3\xe1\0"
  "\xef\xe8\xf2\0" "\xef\xee\xec\xe8\xf1\xeb\xe5\xf2\xe5\0" "\xe2\xe0\xed\xe5\xf1\xe0\0" "\xe1\xf3\xf0\xff\xf2\xe0\0"
  "\xf1\xfa\xe6\xe5\xeb\xff\xe2\xe0\xec\0" "\xed\xe8\xe2\xee\xf2\xee\0" "\xef\xf0\xee\xe2\xe0\xeb\0"
  "\xea\xe0\xe7\xe2\xe0\xe9\xf2\xe5\0" "\xf1\xeb\xe0\xe1\xe0\0" "\xe8\xe7\xe1\xe5\xf0\xe5\xf8\0"
  "\xef\xf0\xe5\xe4\xf1\xf2\xee\xe8\0" "\xf1\xea\xe0\xef\xe0\xed\0" "\xf4\xe8\xe9\xe1\xe8\0"
  "\xe8\xe7\xe2\xe8\xed\xff\xe2\xe0\xe9\xf2\xe5\0" "\xeb\xff\xe3\xe0\xe9\0" "\xed\xe0\xea\xe0\xf0\xe0\xf5\0"
  "\xf4\xf0\xe0\xed\xf6\xe8\xf1\xea\xee\0" "\xea\xe0\xe7\xe0\xf5\xec\xe5\0" "\xf2\xf0\xfa\xe3\xed\xe0\xeb\xe8\0"
  "\xf1\xe2\xe5\xf2\xee\xe2\xed\xe0\0" "\xf1\xf2\xf3\xe4\xe8\xee\xf2\xee\0" "\xe0\xf2\xe0\xea\xe0\xf2\xe0\0"
  "\xe4\xe8\xe5\xe3\xee\0" "\xee\xe1\xff\xe4\xe0\0" "\xe3\xee\xf0\xe8\xe2\xee\0" "\xe1\xeb\xe8\xe7\xea\xee\0"
  "\xe7\xe0\xe3\xf3\xe1\xe8\xec\0" "\xef\xeb\xe0\xf7\xe8\0" "\xf7\xf3\xea\0" "\xe8\xe7\xe3\xf3\xe1\xff\0"
  "\xe5\xed\xe5\xf0\xe3\xe8\xff\xf2\xe0\0" "\xea\xf0\xe0\xe9\xed\xee\0" "\xf2\xee\xea\0" "\xf3\xe5\xed\xe4\xe8\0"
  "\xee\xe1\xf1\xfa\xe6\xe4\xe0\xec\xe5\0" "\xef\xf0\xee\xf7\xe5\xf2\xe5\0" "\xf0\xf3\xf2\0"
  "\xee\xf2\xe2\xee\xf0\xe8\xec\0" "\xf7\xe0\xed\xe3\0" "\xea\xe0\xf7\xe8\xec\0" "\xf9\xff\xf5\xf2\xe5\0"
  "\xe4\xee\xeb\xe0\xf0\0" "\xf1\xea\xe0\xf7\xe0\xe9\0" "\xe7\xe0\xe1\xe0\xe2\xeb\xff\xe2\xe0\xec\xe5\0"
  "\xf0\xe5\xf8\xe0\xe2\xe0\0" "\xf3\xe5\xe9\xe4\0" "\xf1\xfa\xe7\xe4\xe0\xeb\0" "\xf7\xe0\xf0\xeb\xf1\0"
  "\xf1\xe5\xea\xf0\xe5\xf2\xe0\xf0\0" "\xe0\xe4\xe2\xee\xea\xe0\xf2\xfa\xf2\0" "\xe0\xea\xf2\xf0\xe8\xf1\xe0\0"
  "\xe3\xe0\xe1\xf0\xe8\xe5\xeb\0" "\xec\xe8\xed\xe0\xeb\xe8\0" "\xed\xee\xf0\xe0\0" "\xea\xee\xf1\xf2\0"
  "\xef\xee\xea\xe0\xed\xe0\0" "\xed\xe8\xf9\xee\xf2\xee\0" "\xf0\xe0\xe7\xef\xe8\xf2\0" "\xeb\xee\xe8\xf1\0"
  "\xea\xeb\xe5\xe9\0" "\xea\xe8\xe9\xf2\0" "\xeb\xe5\xf1\xed\xe0\0" "\xea\xee\xf1\xf2\xfe\xec\xe0\0"
  "\xef\xf0\xee\xea\xeb\xe5\xf2\xe0\0" "\xf3\xe4\xe0\xf0\xe8\xeb\0" "\xee\xe1\xeb\xe5\xf7\xe5\xed\xe0\0"
  "\xf0\xe0\xe7\xf3\xec\xed\xee\0" "\xf1\xeb\xe5\xe4\xe2\xe0\xe9\0" "\xf1\xeb\xe0\xe1\xee\xf1\xf2\0"
  "\xe2\xe5\xf0\xee\xed\xe8\xea\xe0\0" "\xee\xf1\xed\xee\xe2\xe0\0" "\xeb\xfe\xe1\xe8\xec\0"
  "\xf0\xe0\xe7\xea\xe0\xe6\xe5\xf2\xe5\0" "\xf1\xf2\xf0\xe0\xf5\xe0\0" "\xf1\xee\xe1\xf1\xf2\xe2\xe5\xed\xee\0"
  "\xef\xf0\xe5\xe4\xf1\xf2\xe0\xe2\xe5\xf2\xe5\0" "\xe0\xe0\xe0\0" "\xea\xf0\xe0\xea\xfa\xf2\0"
  "\xf2\xf0\xe0\xe3\xe5\xe4\xe8\xff\0" "\xef\xf0\xe5\xec\xe8\xed\xe5\0" "\xec\xe5\xe3\xe0\xed\0"
  "\xe4\xe6\xe5\xed\xf2\xfa\xeb\xec\xe5\xed\0" "\xe4\xe0\xf0\0" "\xec\xf0\xfa\xf1\xed\xee\0"
  "\xf1\xf2\xf0\xe0\xf5\xf3\xe2\xe0\xe9\0" "\xeb\xee\xf0\xe8\0" "\xf3\xee\xeb\xf2\0" "\xe8\xe7\xe2\xe8\xed\xe8\xf8\0"
  "\xe2\xef\xe5\xf7\xe0\xf2\xeb\xe5\xed\xe8\xe5\0" "\xef\xe8\xf2\xe0\xf2\0" "\xef\xee\xe3\xeb\xe5\xe4\xed\xe0\xf5\0"
  "\xe7\xe0\xea\xeb\xfe\xf7\xe8\0" "\xf5\xf3\xe4\xee\xe6\xed\xe8\xea\0" "\xe1\xee\xec\xe1\xe8\0"
  "\xee\xf7\xe8\xeb\xe0\xf2\xe0\0" "\xf4\xe8\xeb\xec\xe8\xf2\xe5\0" "\xef\xf0\xe0\xe7\xed\xe8\xea\0"
  "\xe8\xf1\xef\xe0\xed\xf1\xea\xe8\0" "\xef\xf0\xe8\xea\xeb\xfe\xf7\xe0\0"
  "\xed\xe5\xe2\xe5\xf0\xee\xff\xf2\xed\xe8\0" "\xef\xf0\xe5\xe4\xe2\xe0\xf0\xe8\xf2\xe5\xeb\xed\xee\0"
  "\xee\xf2\xea\xe0\xf7\xe5\xed\xee\0" "\xe1\xee\xf0\xe8\xf8\0" "\xf7\xf3\xe4\xe5\xf1\xed\xe8\0"
  "\xef\xf0\xe5\xe4\xef\xee\xf7\xe8\xf2\xe0\xf8\0" "\xef\xeb\xe0\xf2\xff\xf2\0" "\xf1\xe5\xed\xfc\xee\xf0\0"
  "\xea\xf0\xe0\xf1\xee\xf2\xe0\xf2\xe0\0" "\xe4\xe8\xf8\xe0\xec\0" "\xef\xf0\xe5\xe4\xe8\xe7\xe2\xe8\xea\xe0\0"
  "\xea\xee\xf0\xe5\xff\0" "\xea\xee\xeb\xe5\xeb\xee\xf2\xee\0" "\xee\xf2\xea\xf0\xe8\xf2\0"
  "\xee\xf2\xf1\xf2\xf0\xe0\xed\xe8\0" "\xe1\xee\xf0\xe8\xec\0" "\xf1\xe2\xfa\xf0\xe6\xe5\0" "\xef\xe0\xe4\xe0\xf2\0"
  "\xef\xf0\xee\xf1\xf2\xff\0" "\xff\xed\xe3\0" "\xe3\xee\xe2\xee\xf0\xe8\xeb\xe0\0" "\xe5\xe9\xed\xe4\xe6\xfa\xeb\0"
  "\xe1\xee\xeb\xe5\xf1\xf2\xf2\xe0\0" "\xf2\xf0\xff\xe1\xe2\xe0\xf8\0" "\xef\xf0\xe8\xf7\xe8\xed\xff\xe2\xe0\0"
  "\xe1\xeb\xe0\xe3\xee\xe4\xe0\xf0\xed\xee\xf1\xf2\xf2\xe0\0" "\xf6\xe8\xf6\xe8\0" "\xf3\xf7\xe5\xed\xe8\0"
  "\xe5\xe2\xf0\xee\0" "\xea\xf0\xe8\xf1\xf2\xee\xf4\xfa\xf0\0" "\xea\xf0\xe8\xf1\xf2\xe8\xed\0"
  "\xf5\xee\xeb\xec\xf1\0" "\xed\xe0\xeb\xff\xe3\xe0\xed\xe5\0" "\xef\xe0\xf6\xe8\xe5\xed\xf2\xe0\0"
  "\xef\xee\xe1\xe5\xe4\xe8\xec\0" "\xef\xee\xed\xe5\xf1\xe0\0" "\xef\xe5\xf0\xf4\xe5\xea\xf2\xe5\xed\0"
  "\xef\xee\xeb\xe7\xe2\xe0\xec\0" "\xe8\xe7\xed\xe5\xed\xe0\xe4\xe0\xed\xe0\0" "\xe2\xe8\xf0\xf3\xf1\0"
  "\xf1\xee\xed\xe3\0" "\xef\xf0\xee\xec\xe5\xed\xe8\xec\0" "\xe1\xe5\xe7\xf1\xfa\xe7\xed\xe0\xed\xe8\xe5\0"
  "\xf0\xee\xec\xe0\xed\xf2\xe8\xf7\xed\xee\0" "\xf1\xf2\xe0\xed\xe0\xf5\xe0\0" "\xee\xe1\xf0\xfa\xf9\xe0\xe9\0"
  "\xf5\xe8\xf0\xf3\xf0\xe3\0" "\xef\xee\xeb\xe8\xf2\xe8\xf7\xe5\xf1\xea\xe8\0" "\xf3\xf7\xe0\xf1\xf2\xfa\xea\0"
  "\xe2\xeb\xe0\xf1\xf2\xe8\xf2\xe5\0" "\xe7\xe0\xe2\xe5\xe4\xe5\xec\0" "\xf7\xe5\xeb\0" "\xf1\xef\xe0\xf1\xe8\xf5\0"
  "\xea\xee\xed\xf6\xe5\xf0\xf2\0" "\xef\xf0\xe8\xff\xf2\xe5\xeb\xf1\xf2\xe2\xee\xf2\xee\0"
  "\xee\xef\xe8\xf2\xe2\xe0\xf2\xe5\0" "\xf1\xef\xf0\xe0\xe2\xff\xf2\0" "\xf1\xe0\xf8\xe0\0" "\xef\xe5\xe4\xe0\xeb\0"
  "\xff\xeb\0" "\xf1\xfa\xe4\xff\0" "\xef\xee\xf1\xf2\xfa\xef\xe8\0" "\xe7\xe0\xe2\xe5\xe4\xe5\xf8\0"
  "\xf0\xe5\xe0\xeb\xed\xee\xf1\xf2\0" "\xe7\xe0\xf0\xe5\xe6\xe8\0" "\xe8\xe4\xe2\xe0\xeb\0" "\xf5\xf3\xec\xee\xf0\0"
  "\xec\xee\xeb\xe8\xf8\0" "\xf1\xee\xe1\xf1\xf2\xe2\xe5\xed\xe8\0" "\xe5\xe4\xe8\xed\xf1\xf2\xe2\xe5\xed\0"
  "\xef\xee\xe5\xec\xe0\xec\0" "\xe7\xe0\xe1\xe0\xe2\xeb\xff\xe2\xe0\xf8\0" "\xeb\xe5\xea\xe0\xf0\xe8\xf2\xe5\0"
  "\xee\xe1\xe2\xe8\xed\xe5\xed\0" "\xef\xf0\xe5\xe4\xe8\xe7\xe2\xe8\xea\xe0\xf2\xe5\xeb\xf1\xf2\xe2\xee\0"
  "\xed\xff\xec\xe0\xf5\xec\xe5\0" "\xee\xf1\xf2\xe0\xed\xe0\xf5\0" "\xf4\xe5\xeb\xe8\xea\xf1\0"
  "\xe7\xe0\xf9\xe8\xf2\xe0\xe2\xe0\xec\0" "\xec\xee\xe1\xe8\xeb\xed\xe8\xff\0" "\xef\xe0\xe7\xe8\xec\0"
  "\xf1\xfa\xe4\xe8\0" "\xf1\xfa\xe6\xe0\xeb\xff\xe2\xe0\xec\xe5\0" "\xf1\xfa\xed\xf3\xe2\xe0\xf5\0"
  "\xef\xee\xe4\xe4\xfa\xf0\xe6\xe0\0" "\xe2\xfa\xeb\xea\0" "\xec\xe0\xeb\xea\xfa\xeb\xec\0"
  "\xf1\xf2\xf0\xe5\xeb\xe1\xe0\xf2\xe0\0" "\xef\xf0\xe8\xf0\xee\xe4\xe0\0" "\xe4\xe5\xe1\xe5\xeb\0"
  "\xe3\xeb\xe5\xe4\xea\xe0\0" "\xef\xf0\xe8\xe7\xed\xe0\0" "\xf1\xef\xe8\xf0\xe0\xe9\0" "\xe5\xea\xe8\xef\xfa\xf2\0"
  "\xf1\xfa\xe1\xe8\xf0\xe0\0" "\xe7\xe0\xf2\xe2\xee\xf0\xed\xe8\xf6\xe8\0" "\xef\xe8\xeb\0"
  "\xee\xe1\xf3\xf7\xe5\xed\xe8\xe5\0" "\xe4\xee\xea\xee\xf1\xed\xe0\0" "\xe8\xe7\xea\xeb\xfe\xf7\xe8\xec\0"
  "\xf6\xe5\xeb\xf3\xed\xe8\0" "\xf3\xe5\xf1\xf2\0" "\xea\xeb\xee\xe8\0" "\xeb\xf3\xed\xe0\0"
  "\xef\xf3\xf8\xea\xe0\xf2\xe0\0" "\xef\xf0\xe8\xe7\xed\xe0\xe5\xf8\0" "\xef\xe5\xe5\xf8\0"
  "\xe4\xe6\xe5\xf4\xf0\xe8\0" "\xe1\xf0\xe0\xea\xfa\xf2\0" "\xe4\xe6\xf3\xeb\xf1\0"
  "\xef\xf0\xe5\xe4\xed\xe0\xf2\xe0\0" "\xe2\xee\xe4\xe8\xf2\xe5\0"
  "\xef\xf0\xee\xf4\xe5\xf1\xe8\xee\xed\xe0\xeb\xe8\xf1\xf2\0" "\xe7\xe0\xea\xf3\xf1\xea\xe0\xf2\xe0\0"
  "\xe8\xe7\xe1\xe8\xf0\xe0\xec\0" "\xf5\xe5\xe4\xfa\xf0\0" "\xe8\xe7\xe2\xe8\xea\xe0\0"
  "\xe2\xfa\xf0\xed\xe0\xeb\xe0\0" "\xf1\xf2\xf0\xe5\xf1\0" "\xe8\xe7\xeb\xff\xe7\xe0\xf2\0" "\xf0\xe0\xeb\xf4\0"
  "\xe8\xf0\xe0\xea\0" "\xef\xee\xe7\xe2\xee\xeb\xe8\xf2\xe5\0" "\xe8\xe3\xf0\xe0\xf7\xea\xe8\0"
  "\xee\xf1\xe2\xee\xe1\xee\xe4\xff\0" "\xf6\xe5\xe7\xe0\xf0\0" "\xf1\xf2\xf0\xe5\xeb\xff\xf2\0"
  "\xf1\xf0\xe5\xf9\xe0\xec\0" "\xf0\xe5\xef\xee\xf0\xf2\xe5\xf0\0" "\xf1\xec\xe5\xff\0" "\xf1\xf2\xe8\xe9\xe2\0"
  "\xec\xee\xe6\xe5\xeb\0" "\xe4\xe0\xe2\xe0\xec\xe5\0" "\xf5\xe0\xf0\xe0\xea\xf2\xe5\xf0\0"
  "\xe2\xfa\xe6\xe5\xf2\xee\0" "\xef\xe0\xea\xe5\xf2\0" "\xef\xf0\xe5\xe4\xf3\xef\xf0\xe5\xe4\xe8\0"
  "\xe5\xf0\xe8\xea\xe0\0" "\xe1\xf3\xeb\xea\xe0\xf2\xe0\0" "\xee\xea\xe5\xe0\xed\0" "\xe4\xee\xe2\xe5\xe4\xee\xf5\0"
  "\xf2\xf0\xe5\xe2\xe0\xf2\xe0\0" "\xed\xe0\xf3\xf7\xe8\xec\0" "\xf1\xef\xf0\xff\xeb\0"
  "\xef\xee\xf7\xf3\xe2\xf1\xf2\xe2\xe0\xec\0" "\xe3\xf0\xe0\xed\xe8\xf6\xe8\0" "\xe1\xff\xe3\xe0\xec\xe5\0"
  "\xf0\xe8\xf7\xe8\0" "\xf1\xf2\xf0\xe5\xeb\xff\xf8\0" "\xe8\xec\xe0\xe9\0" "\xf0\xe5\xe0\xe3\xe8\xf0\xe0\0"
  "\xe2\xfa\xee\xf0\xfa\xe6\xe5\xed\0" "\xea\xf3\xeb\xe0\0" "\xea\xe0\xed\xe0\xe4\xe0\0"
  "\xf2\xe5\xeb\xe5\xf4\xee\xed\xe8\0" "\xed\xe5\xf9\xe0\xf1\xf2\xed\xe8\xea\0" "\xee\xe1\xfa\xf0\xea\xe0\xed\xe0\0"
  "\xf7\xf3\xe4\xee\xe2\xe8\xf9\xe0\0" "\xf7\xe0\xf8\xe0\xf2\xe0\0" "\xef\xee\xf7\xe0\xea\xe0\0"
  "\xf2\xe5\xec\xef\xe5\xf0\xe0\xf2\xf3\xf0\xe0\0" "\xf0\xe0\xe9\0" "\xf2\xf0\xf3\xe4\xe0\0"
  "\xee\xf4\xe5\xf0\xf2\xe0\0" "\xec\xe5\xe9\xf1\xfa\xed\0" "\xeb\xe8\xf7\xe8\0" "\xf1\xf2\xe5\xf4\xe0\xed\0"
  "\xf0\xe0\xe7\xe4\xe5\xeb\xe8\0" "\xef\xe0\xe4\xe0\xec\0" "\xe8\xe7\xe2\xe8\xea\xe0\xe9\0"
  "\xf3\xf1\xeb\xee\xe2\xe8\xff\xf2\xe0\0" "\xea\xe0\xec\xef\xe0\xed\xe8\xff\xf2\xe0\0" "\xea\xee\xeb\xe8\xed\0"
  "\xef\xfa\xf2\xe5\xf8\xe5\xf1\xf2\xe2\xe8\xe5\0" "\xe3\xeb\xe5\xed\0" "\xf5\xe2\xe0\xed\xe0\xeb\0"
  "\xe4\xe5\xe9\xe7\xe8\0" "\xea\xe8\xf2\xe8\0" "\xef\xee\xf0\xf2\xf4\xe5\xe9\xeb\xe0\0"
  "\xf3\xf1\xef\xee\xea\xee\xe8\0" "\xef\xeb\xfa\xf2\0" "\xe7\xe0\xe4\xfa\xf0\xe6\xe8\xf8\0"
  "\xf1\xed\xe8\xec\xe0\xec\0" "\xe1\xee\xf0\xe1\xe0\xf2\xe0\0" "\xeb\xe8\xe7\xe0\0" "\xe8\xfa\xed\0"
  "\xf1\xe5\xea\xf2\xee\xf0\0" "\xe4\xee\xef\xfa\xeb\xed\xe8\xf2\xe5\xeb\xed\xee\0"
  "\xe4\xee\xeb\xe8\xed\xe0\xf2\xe0\0" "\xe1\xe5\xed\xe8\0" "\xe7\xed\xe0\xe5\xf5\xe0\0" "\xea\xf3\xef\xf3\xe2\xe0\0"
  "\xf1\xfa\xf0\xe4\xe5\xf7\xe5\xed\0" "\xf3\xf7\xe5\xed\xe8\xf2\xe5\0" "\xf3\xf5\xee\xf2\xee\0"
  "\xf0\xe0\xe4\xe2\xe0\xec\xe5\0" "\xf1\xee\xed\xff\0" "\xe8\xe3\xf0\xe0\xf7\xea\xe0\0"
  "\xef\xf0\xe8\xed\xf6\xe5\xf1\xe0\xf2\xe0\0" "\xea\xeb\xe8\xed\xe8\xea\xe0\0" "\xeb\xe8\xed\xea\xfa\xeb\xed\0"
  "\xf3\xf7\xe8\xf2\xe5\xeb\xff\0" "\xef\xe0\xf2\xe8\0" "\xee\xef\xf0\xe5\xe4\xe5\xeb\xe5\xed\xe8\0"
  "\xe4\xee\xea\xf3\xec\xe5\xed\xf2\0" "\xea\xee\xeb\xe8\xf7\xe5\xf1\xf2\xe2\xee\0" "\xea\xee\xf1\xfa\xec\0"
  "\xf1\xea\xeb\xe0\xe4\0" "\xf6\xe2\xe5\xf2\xe5\0" "\xe2\xeb\xe5\xe7\xe5\xf2\xe5\0" "\xe4\xe6\xe8\xed\xe0\0"
  "\xf3\xe4\xe0\xf0\xe8\xf5\0" "\xe2\xee\xe4\xea\xe0\0" "\xf1\xeb\xf3\xe6\xe1\xe8\0" "\xe2\xee\xe4\xe8\xec\0"
  "\xf1\xe2\xfa\xf0\xe6\xe8\0" "\xf1\xea\xfa\xf1\xe0\0" "\xe7\xe0\xef\xee\xf7\xed\xe0\xeb\xe0\0"
  "\xf4\xe5\xe4\xe5\xf0\xe0\xeb\xed\xe8\xf2\xe5\0" "\xef\xf0\xee\xe4\xe0\xe2\xe0\xf8\0" "\xf3\xf1\xe5\xf2\xe8\0"
  "\xf0\xee\xe4\xe5\xed\xe0\0" "\xee\xf2\xe2\xe0\xf0\xff\xe9\0" "\xe8\xe7\xf2\xe5\xf7\xe5\0" "\xf3\xf7\xe8\xeb\0"
  "\xe7\xe2\xe5\xe7\xe4\xe0\xf2\xe0\0" "\xf3\xe4\xe0\xf0\xff\0" "\xee\xf2\xea\xe0\xe7\xe0\xeb\0"
  "\xea\xee\xec\xe8\xf1\xe8\xff\xf2\xe0\0" "\xe5\xe2\xf0\xe5\xe8\xf2\xe5\0" "\xe1\xe5\xed\xe5\xf2\0"
  "\xe3\xe0\xf0\xe0\xf2\xe0\0" "\xe2\xe8\xe4\xe5\xee\xf2\xee\0" "\xf1\xee\xe1\xf1\xf2\xe2\xe5\xed\xe8\xea\xe0\0"
  "\xef\xee\xe1\xe5\xe4\xe8\xf2\xe5\xeb\0" "\xe7\xe0\xe3\xf3\xe1\xe5\xed\xff\xea\0" "\xe1\xe0\xf0\xed\xe8\0"
  "\xe7\xe8\xec\xe0\xf2\xe0\0" "\xe8\xec\xef\xe5\xf0\xe8\xff\0" "\xef\xee\xeb\xe5\xe7\xe5\xed\0"
  "\xec\xe5\xe4\xe8\xe8\xf2\xe5\0" "\xef\xee\xeb\xe8\0" "\xec\xfa\xf0\xf4\xe8\0" "\xe2\xe0\xf8\xe8\0"
  "\xe4\xe6\xe8\xeb\0" "\xe4\xfa\xf0\xe6\xe0\xe2\xe0\xf2\xe0\0" "\xe3\xf0\xe0\xe6\xe4\xe0\xed\xe8\0"
  "\xed\xe0\xef\xf0\xe0\xe2\xe5\xed\xe0\0" "\xee\xe1\xff\xe2\xe8\0" "\xe2\xe8\xea\xe0\xe9\0"
  "\xe5\xe2\xf0\xe5\xe8\xed\0" "\xec\xe5\xeb\0" "\xef\xf0\xee\xe1\xe2\xe0\xec\xe5\0" "\xeb\xe8\xf6\xe0\xf2\xe0\0"
  "\xe8\xf1\xea\xe0\xf5\xf2\xe5\0" "\xea\xe0\xf2\xe0\xf1\xf2\xf0\xee\xf4\xe0\xf2\xe0\0"
  "\xee\xe1\xe0\xe6\xe4\xe0\xf8\0" "\xf1\xef\xe8\xec\0" "\xef\xee\xe2\xff\xf0\xe2\xe0\xf2\xe5\0"
  "\xe8\xe7\xef\xf0\xe0\xf2\xe5\xf2\xe5\0" "\xf7\xee\xe2\xe5\xf8\xea\xe0\0" "\xed\xee\xf0\xec\xe0\xeb\xed\xe0\0"
  "\xe3\xee\xf1\xef\xee\xe4\xe0\xf0\xff\xf2\0" "\xee\xf1\xf2\xe0\xe2\xe8\xeb\xe8\0" "\xf9\xe0\xf2\xe8\0"
  "\xf1\xef\xf3\xf1\xfa\xea\xe0\0" "\xf0\xee\xe7\xe0\0" "\xe1\xe8\xe2\xf8\xe8\xff\0" "\xec\xe8\xed\xe5\xf8\0"
  "\xe4\xee\xf1\xf2\xe0\xe2\xea\xe0\0" "\xe3\xee\xf0\xe0\0" "\xfe\xed\xe8\0" "\xef\xf0\xe5\xe4\xe0\xe2\xe0\0"
  "\xed\xe5\xee\xf7\xe0\xea\xe2\xe0\xed\xee\0" "\xee\xe1\xeb\xe5\xea\xe0\0" "\xf2\xf0\xe8\xea\0"
  "\xef\xf0\xe5\xea\xe0\xf0\xe0\xf8\0" "\xef\xf0\xe5\xe4\xe8\xec\xf1\xf2\xe2\xee\0"
  "\xe0\xf1\xe8\xf1\xf2\xe5\xed\xf2\0" "\xf3\xe4\xf0\xff\0" "\xe7\xe8\xed\xe0\0" "\xee\xf2\xeb\xe8\xf7\xe5\xed\0"
  "\xf0\xe0\xe4\xe2\xe0\xf8\0" "\xef\xf0\xe8\xea\xe0\xe7\xea\xe0\0" "\xf1\xec\xe5\xeb\xee\0"
  "\xf1\xe0\xec\xe0\xed\xf2\xe0\0" "\xea\xee\xef\xe5\xeb\xe5\xf2\xee\0" "\xf2\xfa\xef\xe0\xea\0"
  "\xe1\xfa\xf0\xe7\xe0\xe9\0" "\xee\xef\xe5\xf0\xe0\xf2\xee\xf0\0" "\xe3\xee\xf0\xe4\xee\xf1\xf2\0"
  "\xf3\xef\xeb\xe0\xf8\xe8\0" "\xe4\xe5\xf2\xf1\xf2\xe2\xee\xf2\xee\0" "\xf1\xf2\xe5\xed\xe8\0"
  "\xf1\xea\xf0\xe8\xe5\0" "\xe6\xe5\xeb\xe0\xed\xe8\xff\0" "\xf2\xfa\xf0\xf1\xe5\xf8\xe5\0"
  "\xe7\xe0\xe1\xe0\xe2\xeb\xff\xe2\xe0\xe9\0" "\xf0\xe0\xe7\xec\xe8\xed\xe5\0" "\xec\xe0\xf6\xea\xe0\0"
  "\xef\xee\xeb\xf3\xe4\xff\xeb\0" "\xe1\xf3\xf2\xe8\xeb\xea\xe0\xf2\xe0\0" "\xe8\xe7\xf0\xe0\xe5\xeb\0"
  "\xed\xee\xf0\xec\xe0\xeb\xed\xe8\0" "\xe8\xe7\xe2\xe8\xed\xe5\xed\xe8\xff\0" "\xe4\xe0\xff\xed\0"
  "\xed\xe0\xef\xf0\xe5\xe4\xfa\xea\0" "\xf5\xee\xed\xe3\0" "\xe3\xee\xf1\xef\xee\xe6\xe8\xf6\xe0\0"
  "\xef\xf0\xee\xe1\xe8\0" "\xf5\xe8\0" "\xe4\xfa\xed\xea\xe0\xed\0" "\xe7\xe0\xea\xee\xed\xfa\xf2\0"
  "\xef\xf0\xe5\xea\xe0\xf0\xe0\xec\xe5\0" "\xe3\xeb\xee\xf0\xe8\xff\0" "\xef\xf0\xe8\xe7\xed\xe0\xe9\0"
  "\xe1\xe5\xe9\xeb\xe8\0" "\xf1\xed\xe8\xec\xe0\0" "\xf1\xe0\xec\xe8\xf2\xe5\0" "\xeb\xee\xe2\xe5\xf6\0"
  "\xea\xf0\xe0\xe4\xe5\0" "\xf2\xf0\xe5\xed\xe8\xf0\xee\xe2\xea\xe0\0" "\xee\xf1\xe8\xe3\xf3\xf0\xe8\0"
  "\xef\xee\xf7\xe8\xed\xe8\0" "\xef\xee\xe2\xe8\xea\xe0\xec\0" "\xf1\xe0\xeb\xe0\xf2\xe0\0"
  "\xe3\xf0\xe0\xf4\xe8\xea\xe0\0" "\xe1\xee\xeb\xed\xe8\0" "\xef\xf0\xee\xe2\xe5\xf0\xff\xe2\xe0\xec\0"
  "\xf1\xeb\xf3\xe6\xe8\0" "\xf3\xf8\xe8\0" "\xf2\xe5\xf0\xe5\xe7\xe0\0" "\xf1\xf2\xe8\xe3\xed\xe0\xeb\xe8\0"
  "\xef\xf0\xee\xea\xeb\xe5\xf2\xe8\0" "\xf1\xf7\xf3\xef\xe5\xed\0" "\xe1\xe8\xeb\xe5\xf2\xe0\0"
  "\xe0\xe4\xe2\xee\xea\xe0\xf2\xe8\0" "\xe2\xfa\xe6\xe5\0" "\xef\xf0\xe8\xff\xf2\xe5\xeb\xf1\xf2\xe2\xee\0"
  "\xf0\xe8\xe1\xe0\xf2\xe0\0" "\xf2\xf0\xfa\xe3\xe2\xe0\xf2\xe5\0" "\xea\xee\xec\xe8\xf1\xe0\xf0\0"
  "\xed\xe0\xf0\xe5\xf7\xe5\xed\0" "\xee\xf2\xe4\xe5\xeb\xe5\xed\xe8\xe5\0" "\xef\xe5\xf7\xe5\xeb\xff\0"
  "\xf3\xec\xf0\xe5\xf2\xe5\0" "\xee\xf2\xe2\xeb\xe8\xf7\xe0\xed\xe5\0" "\xe0\xe2\xe3\xf3\xf1\xf2\0"
  "\xf2\xf0\xe0\xe4\xe8\xf6\xe8\xff\0" "\xef\xee\xeb\xe5\xea\xe0\0" "\xe4\xe2\xee\xe9\xea\xe8\0"
  "\xee\xf2\xe3\xee\xe2\xee\xf0\xe8\xf8\0" "\xe3\xf0\xe8\xe9\xed\0" "\xf1\xf2\xe0\xed\xf6\xe8\xff\xf2\xe0\0"
  "\xea\xee\xed\xf2\xf0\xee\xeb\xe8\xf0\xe0\xec\0" "\xee\xec\xf0\xfa\xe7\xed\xe0\0" "\xf1\xfa\xe4\xfa\xf0\xe6\xe0\0"
  "\xee\xe1\xe2\xe8\xed\xe5\xed\xe8\xff\xf2\xe0\0" "\xf5\xfc\xee\xed\0" "\xf1\xef\xe0\xeb\xe0\0"
  "\xe3\xf0\xe5\xf8\xe5\xed\0" "\xef\xf0\xe8\xed\xf6\xe5\xf1\xee\0" "\xf2\xe2\xfa\xf0\xe4\xee\0"
  "\xe2\xe5\xea\xee\xe2\xe5\0" "\xf7\xe5\xf0\xed\xe8\xf2\xe5\0" "\xe8\xf1\xea\xf0\xe5\xed\xee\0"
  "\xef\xeb\xe0\xf2\xe8\xec\0" "\xe7\xe0\xef\xe8\xf8\xe0\0" "\xf1\xfa\xe1\xe8\xf0\xe0\xf2\0"
  "\xe0\xeb\xe0\xf0\xec\xe0\xf2\xe0\0" "\xed\xe0\xec\xe5\xf0\xe8\xf5\xe0\0" "\xee\xf2\xe2\xe5\xe4\xe5\xf2\xe5\0"
  "\xe8\xe7\xef\xe8\xf2\xe0\0" "\xf2\xe5\xf5\xed\xe8\xea\xe0\0" "\xea\xee\xeb\xe8\xed\xf1\0"
  "\xf3\xf7\xe0\xf1\xf2\xe2\xe0\xf2\0" "\xea\xf0\xe0\xf2\xfa\xea\0" "\xea\xee\xf1\xec\xe8\xf7\xe5\xf1\xea\xe8\0"
  "\xef\xe8\xf1\xe0\xed\xee\0" "\xf2\xf0\xe5\xf2\xee\0" "\xe7\xe0\xf9\xe8\xf2\xe0\xe2\xe0\xf8\0"
  "\xee\xef\xe8\xf2\xe2\xe0\xe9\0" "\xf2\xf0\xe5\xf2\xe0\xf2\xe0\0" "\xf7\xe0\xf1\xf2\xf2\xe0\0"
  "\xf1\xef\xee\xe4\xe5\xeb\xe8\0" "\xeb\xe5\xe9\xed\0" "\xed\xe5\xec\xf1\xea\xe8\0"
  "\xef\xe5\xf0\xf4\xe5\xea\xf2\xed\xe0\0" "\xe1\xeb\xe0\xe3\xee\xe4\xe0\xf0\xed\xe0\0" "\xf1\xf2\xfa\xea\xeb\xee\0"
  "\xf9\xff\xeb\0" "\xeb\xe8\xef\xf1\xe0\xf2\xe0\0" "\xe0\xeb\xe8\xe1\xe8\0" "\xef\xee\xe1\xfa\xf0\xe7\xe0\xec\xe5\0"
  "\xe4\xe6\xee\xf3\xe7\xe5\xf4\0" "\xf1\xf2\xf0\xe0\xf8\xe5\xed\0" "\xf1\xef\xe8\xf0\xe0\xec\0"
  "\xea\xf0\xe0\xe4\xf6\xe8\0" "\xe2\xf5\xee\xe4\xe0\0" "\xef\xf0\xee\xf8\xea\xe0\0" "\xf7\xe5\xf0\xe2\xe5\xed\xe8\0"
  "\xf0\xe0\xe7\xf5\xee\xe4\xe8\0" "\xed\xe0\xe2\xf0\xe5\xe4\xe8\0" "\xea\xe8\xf1\xeb\xee\xf0\xee\xe4\0"
  "\xf2\xe0\xf0\xe0\0" "\xe8\xe7\xf5\xe2\xfa\xf0\xeb\xff\0" "\xeb\xe5\xe3\xe5\xed\xe4\xe0\0" "\xe1\xfe\xf0\xee\0"
  "\xf2\xf0\xfa\xe3\xed\xe0\xf2\0" "\xf1\xfa\xe1\xf3\xe4\xe8\xf8\0" "\xf3\xe0\xe9\xf2\0" "\xea\xe0\xef\xea\xe0\0"
  "\xec\xe0\xe9\xec\xf3\xed\xe0\0" "\xe8\xe4\xe5\xf2\xe5\0" "\xe7\xe0\xe1\xf0\xe0\xe2\xe5\xf2\xe5\0"
  "\xec\xe8\xf0\xe8\xe7\xec\xe0\0" "\xe7\xe0\xf0\xff\xe7\xe0\0" "\xef\xee\xe1\xe5\xe4\xe8\xf8\0"
  "\xf0\xe0\xe7\xee\xf7\xe0\xf0\xee\xe2\xe0\xed\0" "\xe1\xfa\xf0\xe7\xe0\xec\0" "\xe7\xe2\xf3\xea\xe0\0"
  "\xf2\xf0\xee\xe9\0" "\xea\xee\xf2\xea\xe8\0" "\xea\xf3\xea\xeb\xe0\0" "\xef\xee\xef\xf0\xe0\xe2\xe8\0"
  "\xe4\xe2\xe8\xe3\xe0\xf2\xe5\xeb\0" "\xe8\xe7\xec\xe0\xec\xe8\0" "\xea\xe5\xed\xe5\xe4\xe8\0"
  "\xea\xe0\xec\xe5\xf0\xfa\xed\0" "\xf1\xef\xe5\xf6\xe8\xe0\xeb\xe8\xf1\xf2\0"
  "\xef\xf0\xe8\xea\xeb\xfe\xf7\xe2\xe0\xec\xe5\0" "\xe8\xe7\xf2\xe8\xf7\xe0\0" "\xe7\xe0\xe4\xfa\xf0\xe6\xe8\xec\0"
  "\xe2\xfa\xf0\xf8\xe5\xed\xe5\0" "\xed\xe0\xef\xe0\xe4\xed\xe0\xf2\0" "\xe4\xed\xe5\xe2\xed\xe8\xea\0"
  "\xf1\xf2\xee\xf3\xed\0" "\xe4\xee\xe2\xe5\xf0\xe8\xf8\0" "\xed\xe0\xf6\xe8\xee\xed\xe0\xeb\xed\xe0\xf2\xe0\0"
  "\xef\xee\xeb\xe0\0" "\xf3\xf1\xe5\xf2\xe8\xf5\0" "\xed\xe0\xf0\xe5\xf7\xe5\xed\xee\0"
  "\xef\xf0\xee\xec\xe5\xed\xe8\xeb\xee\0" "\xea\xe0\xeb\xe8\0" "\xed\xe0\xef\xf0\xe0\xe2\xe5\xed\0"
  "\xed\xe5\xeb\xee\xe2\xea\xee\0" "\xea\xe5\xed\xf2\0" "\xe1\xfa\xf0\xf2\0" "\xef\xee\xe4\xef\xe8\xf8\xe5\xf2\xe5\0"
  "\xe2\xff\xf0\xe2\xe0\xed\xe5\0" "\xef\xfa\xf2\xf3\xe2\xe0\xec\0" "\xe7\xe0\xf1\xef\xff\0"
  "\xf0\xe5\xf8\xe8\xeb\xe8\0" "\xea\xee\xed\xf2\xf0\xee\xeb\xe0\0" "\xea\xf0\xe0\xf1\xe0\xe2\xe8\xf6\xe0\0"
  "\xe1\xee\xe3\xee\xe2\xe5\0" "\xf1\xef\xee\xec\xed\xe8\xf5\0" "\xf1\xf2\xe5\xe9\xf1\xe8\0"
  "\xef\xf0\xe8\xf1\xf2\xe0\xed\xe8\xf9\xe5\xf2\xee\0" "\xe4\xf3\xf5\xfa\xf2\0"
  "\xec\xe0\xf2\xe5\xec\xe0\xf2\xe8\xea\xe0\0" "\xff\xea\xe5\xf2\xee\0" "\xef\xee\xe3\xf0\xe5\xe1\xe5\xed\xe8\xe5\0"
  "\xea\xe0\xf0\xe0\xeb\0" "\xef\xf0\xe5\xe4\xf3\xef\xf0\xe5\xe6\xe4\xe0\xe2\xe0\xec\0"
  "\xe2\xeb\xfe\xe1\xe5\xed\xe8\0" "\xee\xef\xf0\xe5\xe4\xe5\xeb\xff\0"
  "\xf1\xee\xe1\xf1\xf2\xe2\xe5\xed\xee\xf2\xee\0" "\xf1\xe5\xe9\xed\xf2\0" "\xef\xf0\xee\xe1\xe2\xe0\xf8\0"
  "\xf2\xf0\xfa\xe3\xed\xe0\xeb\xe0\0" "\xef\xee\xe6\xe0\xf0\xe0\0" "\xe7\xee\xed\xe0\xf2\xe0\0" "\xf1\xea\xfa\xef\0"
  "\xe2\xeb\xff\xe7\xe0\xf2\0" "\xe2\xfa\xeb\xed\xe8\0" "\xf4\xe0\xea\xf2\xfa\xf2\0" "\xfe\xed\0"
  "\xe8\xed\xf1\xf2\xf0\xf3\xec\xe5\xed\xf2\xe8\0" "\xef\xf0\xee\xef\xf3\xf1\xed\xe0\xf5\0"
  "\xef\xeb\xe0\xf8\xe8\xf8\0" "\xf1\xe5\xf0\xe8\xff\0" "\xec\xed\xee\xe6\xe5\xf1\xf2\xe2\xee\0" "\xed\xe0\xe5\xeb\0"
  "\xe4\xf0\xe5\xe1\xed\xe8\0" "\xe8\xe7\xe1\xe8\xf0\xe0\xf8\0" "\xe4\xee\xf8\xeb\xee\0"
  "\xf1\xe2\xfa\xf0\xe7\xe0\xed\xe0\0" "\xf2\xf0\xe5\xf1\xea\xe0\0" "\xea\xe8\xf2\xe0\xe9\xf1\xea\xe8\0"
  "\xeb\xe8\xf1\xf2\xe0\0" "\xf1\xe5\xe9\xf4\xe0\0" "\xe8\xe7\xe2\xe0\xe4\xff\0" "\xee\xf2\xea\xf0\xe8\xf5\xe0\0"
  "\xef\xe5\xf8\xe0\0" "\xf2\xe5\xe0\xf2\xfa\xf0\0" "\xef\xeb\xee\xe4\xee\xe2\xe5\0"
  "\xe8\xe7\xe1\xff\xe3\xe0\xec\xe5\0" "\xe2\xe8\xed\xee\xe2\xed\xe8\0" "\xe2\xfa\xe7\xf0\xe0\xf1\xf2\xf2\xe0\0"
  "\xe0\xec\xe5\xf0\xe8\xea\xe0\xed\xf6\xe8\0" "\xf0\xee\xe4\xe8\xf2\xe5\xeb\0" "\xf3\xe1\xe5\xe6\xe8\xf9\xe5\0"
  "\xea\xee\xf1\xf2\xfe\xec\xe8\0" "\xeb\xfe\xe1\xe8\xec\xee\xf2\xee\0" "\xef\xf0\xe8\xe1\xeb\xe8\xe6\xe0\xe2\xe0\0"
  "\xeb\xfa\xe6\xe0\xf2\0" "\xe7\xe0\xe4\xfa\xf0\xe6\xe8\0" "\xf1\xed\xe8\xec\xe0\xec\xe5\0" "\xec\xe0\xf0\xf8\0"
  "\xe8\xed\xf2\xe5\xf0\xe2\xfe\xf2\xee\0" "\xea\xe0\xf0\xe0\xf8\xe5\0" "\xee\xf2\xea\xf0\xe8\xf2\xe8\0"
  "\xec\xf0\xfa\xf1\xe5\xed\0" "\xed\xee\xf1\xe8\xec\0" "\xee\xf1\xed\xee\xe2\xe0\xf2\xe0\0"
  "\xef\xf0\xee\xe4\xfa\xeb\xe6\xe5\xf2\xe5\0" "\xf1\xe5\xf9\xe0\xec\0" "\xe2\xe5\xf0\xe5\xed\0"
  "\xed\xe0\xf1\xf2\xee\xff\xe2\xe0\xec\0" "\xee\xe1\xe5\xf9\xe0\xed\xe8\xe5\xf2\xee\0"
  "\xed\xe0\xf0\xe0\xed\xe8\xeb\0" "\xe4\xe6\xee\xe0\xed\0" "\xf4\xee\xed\0"
  "\xef\xf0\xe0\xe2\xee\xf1\xfa\xe4\xe8\xe5\xf2\xee\0" "\xee\xe1\xf9\xe8\0" "\xf3\xee\xf2\xf1\xfa\xed\0"
  "\xec\xe5\xf2\xf0\xee\xf2\xee\0" "\xf4\xe0\xea\xf2\xe8\0" "\xf0\xe0\xf1\xe0\0" "\xf1\xec\xe5\xe9\0"
  "\xf1\xf2\xe0\xf2\xe8\xff\xf2\xe0\0" "\xee\xec\xf0\xe0\xe7\xe0\0" "\xef\xf1\xe8\xf5\xe8\xe0\xf2\xfa\xf0\0"
  "\xee\xe1\xeb\xe5\xf7\xe8\0" "\xe2\xe7\xe5\xf5\xf2\xe5\0" "\xfa\xed\0" "\xf3\xee\xea\xfa\xf0\0"
  "\xea\xe8\xed\xf2\xe0\0" "\xe7\xe0\xf1\xf2\xf0\xe5\xeb\xff\xe9\0" "\xe8\xe7\xf1\xeb\xe5\xe4\xe2\xe0\xed\xe5\0"
  "\xec\xe8\xf8\xe5\xed\xe0\0" "\xf0\xe0\xe7\xe4\xe5\xeb\xe5\xed\xe8\0" "\xf0\xee\xe4\xed\xe8\xed\xe0\0"
  "\xe7\xe0\xe1\xe5\xeb\xff\xe7\xe0\0" "\xeb\xfe\xe1\xe8\xec\xe8\0" "\xed\xe5\xe1\xe5\0"
  "\xf8\xe5\xe3\xf3\xe2\xe0\xf2\xe5\0" "\xf1\xe8\xed\xee\xe2\xe5\0" "\xe2\xfa\xe7\xf1\xf2\xe0\xed\xee\xe2\xe8\0"
  "\xef\xf0\xe5\xf1\xf2\xe0\xed\xe5\xf8\0" "\xe4\xf0\xee\xe3\xe0\xf2\xe0\0" "\xe3\xf0\xe8\xec\0"
  "\xe4\xe2\xe8\xe3\xe0\xf2\xe5\xeb\xff\0" "\xf1\xe2\xe0\xeb\xe8\xf8\0" "\xe4\xe5\xe9\xf1\xf2\xe2\xe0\xe9\0"
  "\xed\xee\xf1\0" "\xe4\xe5\xe9\xec\xfa\xed\0" "\xec\xe5\xe4\xe8\xf6\xe8\xed\xe0\0" "\xe8\xe7\xe3\xf3\xe1\xe8\xf8\0"
  "\xec\xfa\xf0\xf2\xe2\xe5\xf6\0" "\xea\xf0\xe8\xff\xf2\0" "\xe1\xee\xe5\xf6\0" "\xee\xec\xe0\xf0\0"
  "\xe4\xe5\xe9\xf1\xf2\xe2\xe8\xf2\xe5\xeb\xed\xee\0" "\xe7\xe0\xef\xee\xe7\xed\xe0\xe9\0" "\xf8\xe5\xe3\xe8\0"
  "\xf3\xee\xf0\xfa\xed\0" "\xee\xf2\xea\xe0\xe7\xe2\xe0\xf8\0"
  "\xe2\xfa\xe7\xec\xee\xe6\xed\xee\xf1\xf2\xe8\xf2\xe5\0" "\xf2\xff\xf5\xed\xe0\0" "\xe2\xeb\xe8\xe7\xe0\xf2\0"
  "\xec\xe8\xeb\xe8\xe0\xf0\xe4\xe0\0" "\xe0\xe0\0" "\xef\xee\xf7\xe8\xe2\xe0\0" "\xf7\xf3\xe4\xe5\xf1\xe0\0"
  "\xee\xef\xe8\xf2\xe0\xf5\xec\xe5\0" "\xf5\xe2\xe0\xed\xe0\xf5\xe0\0" "\xf8\xe5\xf0\xe8\xf4\xe0\0"
  "\xf0\xe0\xe7\xf0\xe5\xf8\xe8\0" "\xe4\xf0\xe0\xe7\xed\xe8\0" "\xf5\xe0\xf0\xe5\xf1\xe2\xe0\xf2\xe5\0"
  "\xf0\xe0\xec\xee\0" "\xf1\xf2\xee\xea\xe0\0" "\xe0\xec\xe5\xf0\xe8\xea\xe0\xed\xe5\xf6\0" "\xe1\xe5\xeb\xe5\xe3\0"
  "\xe4\xf0\xe0\xea\xee\xed\0" "\xf0\xe5\xf8\xe8\xeb\xe0\0" "\xed\xee\xe0\0" "\xeb\xe5\xf2\xff\0"
  "\xef\xee\xe7\xed\xe0\xf2\xe8\0" "\xef\xf3\xf8\xe8\0" "\xef\xf0\xe5\xec\xe5\xf1\xf2\xff\0" "\xf1\xe5\xec\0"
  "\xf5\xe5\xeb\xe8\xea\xee\xef\xf2\xe5\xf0\0" "\xe0\xeb\xe8\xf8\xe0\0" "\xf5\xe5\0" "\xe5\xe2\xf0\xe5\xe8\0"
  "\xe4\xe2\xe8\xe6\xe5\xed\xe8\xe5\xf2\xee\0" "\xe7\xe0\xea\xe0\xf0\xe0\0" "\xf1\xe5\xea\xf1\xf3\xe0\xeb\xed\xee\0"
  "\xf0\xe5\xed\xe5\0" "\xe4\xe5\xf2\xf1\xea\xe0\0" "\xea\xee\xea\xe0\xe8\xed\0"
  "\xe7\xe0\xf2\xe2\xee\xf0\xe5\xf2\xe5\0" "\xf1\xfa\xe4\xfa\xf2\0" "\xe0\xef\xf0\xe8\xeb\0"
  "\xe8\xe7\xef\xee\xeb\xe7\xe2\xe0\xeb\xe8\0" "\xf2\xfa\xef\xe8\0" "\xed\xe5\xf1\xfa\xec\xed\xe5\xed\xee\0"
  "\xec\xe8\xed\xe8\xf1\xf2\xe5\xf0\xf1\xf2\xe2\xee\xf2\xee\0" "\xe7\xe0\xe5\xea\0"
  "\xef\xf0\xe0\xe2\xe8\xeb\xed\xe8\xff\0" "\xf1\xe5\xe4\xed\xe5\xec\0" "\xf0\xe0\xe1\xee\xf2\xed\xe8\xf6\xe8\0"
  "\xef\xf0\xe8\xe1\xe8\xf0\xe0\xf8\0" "\xef\xf0\xee\xf1\xf2\xe8\xf8\0" "\xe4\xee\xe2\xe5\xf0\xff\0"
  "\xf0\xe5\xf8\xe0\xe2\xe0\xf8\0" "\xe3\xfa\xf0\xe4\xe8\0" "\xe4\xe5\xf2\xe0\xe9\xeb\xe8\0"
  "\xec\xee\xe6\xe5\xf5\xe0\0" "\xef\xe0\xe9\xef\xfa\xf0\0" "\xee\xf2\xf1\xe5\xe3\xe0\0" "\xea\xe2\xee\0"
  "\xec\xf0\xe0\xea\xe0\0" "\xef\xf0\xe5\xe4\xf3\xef\xf0\xe5\xe4\xe8\xf5\0" "\xe0\xed\xf2\xee\xed\xe8\xee\0"
  "\xf1\xeb\xe5\xe4\xe2\xe0\xec\0" "\xef\xf0\xe8\xe7\xed\xe0\xe5\0"
  "\xef\xf0\xe5\xe4\xf7\xf3\xe2\xf1\xf2\xe2\xe8\xe5\0" "\xef\xf0\xee\xf1\xeb\xe5\xe4\xe8\0"
  "\xe7\xe0\xed\xe5\xf1\xe0\0" "\xf2\xe5\xeb\xe5\xf4\xee\xed\xe8\xf2\xe5\0" "\xe4\xee\xef\xf3\xf1\xed\xe0\0"
  "\xe2\xfa\xe7\xf0\xe0\xe7\xff\xe2\xe0\xec\0" "\xec\xee\xf1\xf2\0" "\xef\xee\xe4\xee\xe1\xe5\xed\0"
  "\xef\xf0\xe5\xe4\xe0\xe9\xf2\xe5\0" "\xf6\xe5\xf0\xe5\xec\xee\xed\xe8\xff\xf2\xe0\0" "\xf4\xe0\xe7\xe0\0"
  "\xef\xf0\xee\xe7\xee\xf0\xf6\xe8\xf2\xe5\0" "\xe4\xe5\xe9\xeb\0" "\xe0\xf2\xec\xee\xf1\xf4\xe5\xf0\xe0\xf2\xe0\0"
  "\xef\xf0\xe5\xe4\xe0\xe2\xe0\xed\xe5\0" "\xf4\xe5\xf0\xec\xe0\0" "\xe4\xe5\xec\xee\xed\xe8\0" "\xf0\xee\xe4\0"
  "\xec\xe5\xe3\0" "\xef\xee\xe7\xed\xe0\0" "\xef\xee\xe3\xeb\xe5\xe4\xe0\0" "\xef\xee\xeb\xf3\xf7\xe8\xeb\xe0\0"
  "\xee\xf6\xe5\xeb\xe5\xeb\xe8\0" "\xef\xe5\xf7\xe0\xeb\xe1\xe0\0" "\xe0\xf0\xe5\xf1\xf2\xf3\xe2\xe0\xec\0"
  "\xf7\xe0\xf1\xf2\xe5\xed\0" "\xef\xf0\xee\xec\xe5\xed\xe8\xf5\0" "\xef\xee\xf1\xeb\xe0\xed\xe8\xea\0"
  "\xef\xee\xec\xee\xe3\xed\xe0\xeb\0" "\xe8\xe7\xff\xe2\xeb\xe5\xed\xe8\xe5\0" "\xed\xe0\xec\xe5\xf0\xe5\xed\0"
  "\xf4\xe8\xeb\xec\xfa\xf2\0" "\xe3\xee\xf2\xe8\xed\xe8\0" "\xf1\xe5\xec\xe5\xe9\xed\xe0\0"
  "\xf1\xfa\xed\xe8\xf9\xe0\xf2\xe0\0" "\xe8\xe7\xef\xf3\xf1\xed\xe0\xf5\0" "\xec\xe8\xf0\xe0\xed\xe4\xe0\0"
  "\xeb\xe5\xe4\xe0\0" "\xe7\xe5\xeb\xe5\xed\xe0\0" "\xf1\xea\xf0\xe8\xf2\xe8\0" "\xf1\xeb\xe5\xe4\xff\xf2\0"
  "\xe1\xe8\xe2\xf8\xe8\xff\xf2\0" "\xea\xe0\xf1\xe8\0" "\xf7\xe5\xf0\xe5\xef\xe0\0" "\xe5\xec\0"
  "\xf1\xf2\xf0\xe8\xe9\xf2\0" "\xe4\xe6\xf3\xeb\xe8\xe0\xed\0" "\xe6\xf3\xf0\xe8\xf2\xee\0" "\xeb\xe5\xf1\xeb\xe8\0"
  "\xf1\xef\xee\xea\xee\xe9\xed\xe0\0" "\xf1\xe2\xfa\xf0\xe7\xe2\xe0\0" "\xef\xe0\xe1\xeb\xee\0"
  "\xee\xe1\xe8\xea\xed\xee\xe2\xe5\xed\xe0\0" "\xf1\xec\xe8\xf1\xfa\xeb\xe0\0"
  "\xe7\xe0\xea\xeb\xfe\xf7\xe5\xed\xe0\0" "\xe4\xe6\xe0\xed\xe5\xf2\0" "\xef\xf0\xee\xf1\xf2\0"
  "\xea\xeb\xe8\xe5\xed\xf2\xfa\xf2\0" "\xe8\xe3\xf0\xe0\xe9\0" "\xf1\xf2\xf0\xe0\xf5\xf3\xe2\xe0\xf2\0"
  "\xf1\xef\xee\xf0\0" "\xf0\xe5\xe9\xec\xfa\xed\xe4\0" "\xed\xe0\xe1\xeb\xfe\xe4\xe0\xe2\xe0\xf2\0"
  "\xf5\xe5\xea\xf2\xee\xf0\0" "\xea\xee\xec\xef\xe0\xed\xe8\xe8\0" "\xf3\xf7\xe5\xed\xe8\xf6\xe8\xf2\xe5\0"
  "\xf4\xf0\xe0\xed\xea\xeb\xe8\xed\0" "\xf4\xe0\xe1\xf0\xe8\xea\xe0\xf2\xe0\0" "\xe7\xe0\xe5\xec\xe0\xec\0"
  "\xe1\xe5\xe4\xed\xe8\xf2\xe5\0" "\xe0\xe1\xe5\0" "\xea\xe0\xf1\xfa\xeb\0" "\xe8\xe7\xef\xe8\xf2\xe2\xe0\xec\0"
  "\xf3\xf1\xeb\xee\xe2\xe8\xe5\0" "\xee\xea\xf2\xee\xec\xe2\xf0\xe8\0" "\xe4\xf3\xe7\xe8\xed\xe0\0"
  "\xec\xe5\xf1\xf2\xe5\xed\xf6\xe5\0" "\xec\xe5\xe4\0" "\xf1\xfa\xf9\xed\xee\xf1\xf2\0"
  "\xe1\xe5\xe7\xef\xee\xea\xee\xff\0" "\xe7\xe0\xef\xe0\xe7\xe8\xec\0" "\xe1\xf0\xee\xe8\0" "\xf5\xe0\xf3\xf1\0"
  "\xef\xf0\xee\xf6\xe5\xe4\xf3\xf0\xe0\0" "\xe2\xe5\xeb\xe8\xea\xe0\0" "\xe2\xfa\xf0\xf8\xe0\xf2\0"
  "\xef\xf0\xe5\xe4\xe0\xeb\0" "\xf1\xef\xe8\xf0\xea\xe0\0" "\xf1\xe0\xed\xf2\xe0\0" "\xe2\xe7\xf0\xe8\xe2\0"
  "\xe8\xe7\xe4\xfa\xf0\xe6\xe0\xec\0" "\xec\xf3\xe7\xe5\xff\0" "\xf0\xee\xe4\xe0\0" "\xec\xee\xf2\xee\xf0\xe0\0"
  "\xe3\xeb\xe0\xf1\xee\xe2\xe5\0" "\xe4\xe2\xe0\xe4\xe5\xf1\xe5\xf2\0" "\xe7\xe0\xe4\xed\xe8\xf6\xe8\xf2\xe5\0"
  "\xef\xee\xe8\xe3\xf0\xe0\xe5\xec\0" "\xe8\xe7\xff\xec\0" "\xe4\xee\xe7\xe0\0" "\xec\xe8\xed\xe0\xe2\xe0\xf2\0"
  "\xe3\xee\xe4\xe8\xf8\xed\xe0\0" "\xea\xe0\xf0\xf2\xe8\xed\xe8\0" "\xf1\xeb\xe8\xe7\xe0\xe9\0"
  "\xed\xe5\xef\xf0\xe5\xec\xe5\xed\xed\xee\0" "\xe7\xe0\xec\xe8\xf1\xeb\xff\0" "\xf1\xfa\xf1\xe5\xe4\xe8\0"
  "\xee\xe1\xe2\xe8\xed\xff\xe2\xe0\xf8\0" "\xf1\xf2\xe8\xe3\xed\xe0\xf5\0" "\xe7\xe5\xec\xe8\0"
  "\xf3\xe4\xe0\xf0\xe8\xf8\0" "\xef\xe8\xfa\xf0\xf1\0" "\xe7\xe0\xe4\xed\xe8\xff\0"
  "\xef\xf0\xe5\xe4\xe0\xe2\xe0\xec\0" "\xe3\xeb\xf3\xef\xee\xf1\xf2\xe8\xf2\xe5\0" "\xe3\xe0\xe4\xe5\xed\0"
  "\xed\xe0\xec\xe8\xf1\xeb\xe8\xeb\0" "\xe1\xeb\xe8\xe7\xea\xe8\xf2\xe5\0" "\xef\xeb\xe0\xf2\xe8\xf5\0"
  "\xea\xe0\xf0\xf2\xee\xf4\xe8\0" "\xf2\xee\xf0\xf2\xe0\xf2\xe0\0" "\xee\xf2\xeb\xe8\xf7\xed\xe0\0"
  "\xec\xe0\xea\xe3\xe8\xe9\0" "\xed\xe0\xf0\xe5\xf7\xe5\xed\xe0\0" "\xef\xe8\xf1\xe0\xeb\0"
  "\xea\xee\xed\xf2\xf0\xee\xeb\xe8\xf0\xe0\xf8\0" "\xe4\xe6\xf3\xed\xe3\xeb\xe0\xf2\xe0\0" "\xe6\xe0\xeb\xfa\xea\0"
  "\xed\xe5\xe1\xe5\xf1\xe0\xf2\xe0\0" "\xea\xec\xe5\xf2\0" "\xe2\xe8\xf0\xf3\xf1\xe0\0"
  "\xef\xf0\xe8\xe1\xeb\xe8\xe6\xe8\0" "\xef\xf0\xee\xef\xf3\xf1\xed\xe0\xeb\0" "\xe4\xf0\xfe\0"
  "\xef\xee\xec\xee\xe3\xed\xe0\xf5\0" "\xf3\xe5\xeb\xf1\0" "\xe8\xe2\xe0\xed\0" "\xea\xee\xeb\0"
  "\xf0\xe0\xe7\xea\xe0\xe7\xe2\xe0\0" "\xf0\xe0\xe7\xef\xee\xeb\xe0\xe3\xe0\xec\xe5\0" "\xf2\xfa\xec\xed\xe0\0"
  "\xef\xe0\xeb\xf2\xee\xf2\xee\0" "\xe7\xe0\xef\xee\xe7\xed\xe0\xf5\0" "\xea\xee\xef\xe8\xff\0"
  "\xf1\xf2\xfe\xe0\xf0\xf2\0" "\xef\xf0\xee\xf1\xf2\xf0\xe5\xeb\xff\xed\0" "\xec\xe0\xf0\xf2\0"
  "\xef\xf0\xe0\xe3\xe0\0" "\xf3\xf7\xe0\xf1\xf2\xe8\xe5\xf2\xee\0" "\xe1\xee\xe6\xe8\xff\xf2\xe0\0"
  "\xef\xee\xea\xe5\xf0\0" "\xef\xeb\xfa\xf5\xee\xe2\xe5\0" "\xe4\xe6\xfa\xf0\xf1\xe8\0"
  "\xee\xef\xf0\xe5\xe4\xe5\xeb\xe5\xed\0" "\xe1\xe5\xed\xe7\xe8\xed\0" "\xe8\xed\xf2\xe5\xf0\xe5\xf1\xed\xe8\0"
  "\xf1\xef\xe5\xf1\xf2\xe8\0" "\xe2\xfa\xee\xf0\xfa\xe6\xe5\xed\xe8\0" "\xf7\xe8\xf4\xf2\0"
  "\xef\xf0\xee\xea\xeb\xe5\xf2\xe8\xff\0" "\xe7\xed\xe0\xe5\xf5\xf2\xe5\0" "\xef\xf0\xee\xe4\xf3\xf6\xe5\xed\xf2\0"
  "\xed\xe0\xef\xe8\xf8\xe5\xf8\0" "\xf1\xeb\xe0\xe3\xe0\xf8\0" "\xf2\xf0\xee\xed\xe0\0" "\xe2\xe4\xe8\xe3\xed\xe5\0"
  "\xf7\xe0\xf8\xe8\0" "\xe8\xe7\xef\xfa\xeb\xed\xe5\xed\xe8\xe5\0" "\xf1\xfa\xe2\xe5\xf2\xe8\0"
  "\xe8\xe7\xf7\xe5\xe7\xe2\xe0\xec\xe5\0" "\xee\xef\xf0\xe0\xe2\xff\xec\0" "\xec\xee\xed\xea\0"
  "\xe7\xe0\xe3\xf0\xe8\xe6\xe5\xed\0" "\xf8\xe0\xf5\0" "\xee\xf2\xea\xf0\xe8\xf5\xf2\xe5\0"
  "\xf3\xe1\xe5\xe4\xe5\xed\xe0\0" "\xe5\xea\xf1\xef\xe5\xf0\xe8\xec\xe5\xed\xf2\0"
  "\xe0\xf4\xe3\xe0\xed\xe8\xf1\xf2\xe0\xed\0" "\xef\xf0\xe8\xf1\xfa\xf1\xf2\xe2\xe8\xe5\0"
  "\xe7\xe4\xf0\xe0\xe2\xe0\0" "\xf8\xee\xf4\xfc\xee\xf0\xe0\0" "\xf1\xfa\xe1\xe8\xf0\xe0\xed\xe5\0"
  "\xf1\xea\xe0\xed\xe4\xe0\xeb\0" "\xf2\xf0\xfa\xe3\xed\xe0\xf5\xe0\0" "\xee\xe1\xee\xf0\xf3\xe4\xe2\xe0\xed\xe5\0"
  "\xf0\xe0\xe7\xf0\xf3\xf8\xe8\0" "\xf2\xfa\xf0\xe3\xee\xe2\xe5\xf6\0" "\xed\xe5\xe4\0" "\xe1\xfa\xf0\xea\0"
  "\xf0\xe0\xe1\xee\xf2\xed\xe8\xea\0" "\xec\xf5\xec\0" "\xe2\xef\xe5\xf7\xe0\xf2\xeb\xe5\xed\0"
  "\xe7\xe0\xeb\xe0\xe3\xe0\xec\0" "\xef\xeb\xe0\xf2\xe8\xf2\xe5\0" "\xf1\xf2\xe0\xed\xe0\xeb\xe8\0"
  "\xf1\xfa\xe1\xf3\xe4\xff\0" "\xe3\xe8\xec\xed\xe0\xe7\xe8\xff\0" "\xf2\xfa\xec\xed\xe8\xed\xe0\xf2\xe0\0"
  "\xf1\xef\xee\xf0\xf2\0" "\xf1\xf0\xe5\xf9\xe0\xf8\0" "\xf7\xe5\xf2\xe2\xfa\xf0\xf2\xe8\0"
  "\xef\xf0\xee\xec\xe5\xed\xe8\xeb\xe0\0" "\xe1\xeb\xe5\xfa\xf0\0" "\xef\xee\xe4\xea\xf0\xe5\xef\xff\0"
  "\xef\xee\xe3\xeb\xe5\xe4\xed\xe5\0" "\xe2\xe7\xeb\xee\xec\0" "\xed\xe0\xf0\xe8\xf7\xe0\xf2\xe5\0"
  "\xf1\xf2\xee\xe5\xf8\xe5\0" "\xef\xee\xf2\xfa\xf0\xf1\xe8\xec\0" "\xf1\xeb\xff\xe7\xe0\0"
  "\xf0\xe0\xe1\xee\xf2\xe8\xeb\xe0\0" "\xeb\xe8\xf7\xed\xe8\xff\0" "\xf1\xeb\xe5\xe4\xe8\xf8\0"
  "\xf1\xea\xf0\xe8\xeb\0" "\xe3\xee\xe2\xee\xf0\xe5\xe9\xea\xe8\0" "\xe4\xe6\xe5\0"
  "\xef\xee\xe4\xea\xf0\xe5\xef\xe0\xf2\xe0\0" "\xf5\xf3\xe1\xe0\xe2\xee\xf2\xee\0" "\xe7\xfa\xeb\0"
  "\xe0\xe9\xe4\xe5\0" "\xe4\xe2\xe8\xe6\xe8\xec\0" "\xf1\xf2\xe8\xe3\xed\xe0\xeb\0" "\xe3\xeb\xe0\xe4\xed\xe8\0"
  "\xf3\xf1\xf2\xf0\xee\xe9\xf1\xf2\xe2\xee\xf2\xee\0" "\xf1\xf2\xf3\xe4\xe5\xed\xf2\0" "\xed\xe5\xe3\xee\xe2\xe8\0"
  "\xf7\xe8\xf1\xeb\xee\0" "\xef\xee\xe7\xed\xe0\xe2\xe0\xeb\0" "\xea\xf0\xfa\xf1\xf2\xe0\0"
  "\xe4\xee\xea\xe0\xe6\xe5\xf8\0" "\xf2\xf0\xe0\xe2\xec\xe0\0" "\xf0\xe0\xed\xe8\xf2\xe5\0"
  "\xf1\xef\xf0\xff\xec\xee\0" "\xed\xe0\xf3\xea\xe0\0" "\xf1\xea\xf0\xe8\xe9\0" "\xed\xee\xea\xf2\xe8\xf2\xe5\0"
  "\xea\xf3\xef\xe0\0" "\xeb\xe5\xea\xe0\xf0\xe8\0" "\xf1\xf0\xe5\xf9\xed\xe5\xf2\xe5\0"
  "\xea\xee\xeb\xe8\xf7\xea\xe0\0" "\xf1\xeb\xe0\xe4\xf3\xf0\xf7\xe5\0" "\xf1\xeb\xe0\xe3\xe0\xec\0"
  "\xed\xe5\xe2\xe8\xed\xed\xe0\0" "\xe8\xe7\xe4\xe0\xe4\xe5\0" "\xee\xe1\xe8\xea\xee\xeb\xea\xe0\0"
  "\xf2\xf0\xf3\xef\xee\xe2\xe5\0" "\xf1\xea\xf0\xe8\xe5\xf8\0" "\xe4\xfa\xf9\xe5\0" "\xef\xee\xeb\xe7\xe2\xe0\0"
  "\xee\xe1\xfa\xf0\xed\xe5\0" "\xe0\xed\xe4\xf0\xe5\0" "\xf1\xe3\xf0\xe5\xf8\xe8\xf5\0" "\xe4\xe5\xe1\xe5\xeb\xe0\0"
  "\xed\xe5\xeb\xf1\xfa\xed\0" "\xf5\xf3\xe0\xed\0" "\xee\xf1\xf2\xe0\xed\xe0\xeb\xe0\0"
  "\xe7\xe0\xe3\xf3\xe1\xe8\xeb\xe8\0" "\xf0\xfa\xea\xee\xe2\xee\xe4\xe8\0" "\xea\xf3\xf2\xe8\xe8\0"
  "\xeb\xe8\xf7\xed\xe8\xf2\xe5\0" "\xef\xee\xe4\xe0\xf0\xe8\0" "\xe4\xee\xe1\xf0\xe8\xff\0"
  "\xf3\xf7\xe8\xf2\xe5\xeb\xff\xf2\0" "\xf0\xe5\xe7\xf3\xeb\xf2\xe0\xf2\xe0\0" "\xf1\xeb\xe0\xe3\xe0\0"
  "\xea\xfa\xf0\xf2\xe8\xf1\0" "\xe7\xe0\xe4\xfa\xeb\xe6\xe5\xed\xe8\xff\0" "\xe8\xe7\xea\xe0\xf0\xe0\xf8\0"
  "\xed\xe5\xf0\xe2\xe8\xf2\xe5\0" "\xf1\xec\xe5\xed\xe8\xec\0" "\xef\xf0\xe8\xe1\xe8\xf0\xe0\xe9\0"
  "\xf2\xe2\xfa\xf0\xe4\xff\xf2\0" "\xe2\xe5\xeb\xe8\xea\xee\xeb\xe5\xef\xed\xee\0"
  "\xf1\xe0\xec\xee\xeb\xe5\xf2\xfa\xf2\0" "\xe8\xed\xf4\xe0\xf0\xea\xf2\0" "\xf1\xfa\xee\xe1\xf9\xff\0"
  "\xf5\xe0\xef\xf7\xe5\xf2\xe0\xf2\xe0\0" "\xe8\xe7\xf7\xe0\xea\xe0\xf8\0" "\xe2\xe8\xf1\xee\xf7\xe8\xed\xe0\0"
  "\xf1\xe2\xe8\xea\xed\xe0\xeb\0" "\xe0\xeb\xe1\xfa\xf0\xf2\0" "\xe7\xe2\xf3\xf7\xe5\xf8\xe5\0"
  "\xea\xeb\xfe\xf7\xee\xe2\xe5\0" "\xe8\xe7\xeb\xfa\xe3\xe0\xeb\0" "\xef\xee\xe2\xf2\xe0\xf0\xff\0"
  "\xea\xeb\xe0\xf0\xe0\0" "\xe4\xe5\xe9\xed\xe0\0" "\xe4\xe5\xe1\xe8\0" "\xf2\xe0\xed\xf6\xe8\xf2\xe5\0"
  "\xf7\xe0\xed\0" "\xf1\xe0\xec\xee\xeb\xe5\xf2\xe8\0" "\xef\xf3\xf1\xed\xe0\xf5\0"
  "\xe7\xe0\xf2\xe2\xee\xf0\xe5\xed\xee\0" "\xef\xf2\xe8\xf6\xe8\xf2\xe5\0" "\xeb\xe5\xf7\xe5\xed\xe8\xe5\xf2\xee\0"
  "\xef\xf0\xe5\xe4\xec\xe5\xf2\0" "\xe4\xee\xec\xe0\xf8\xed\xee\0" "\xeb\xfe\xe1\xee\xef\xe8\xf2\xe5\xed\0"
  "\xe8\xe7\xe1\xee\xf0\xe0\0" "\xe3\xf0\xe0\xe4\xee\xe2\xe5\0" "\xf1\xfa\xe1\xf0\xe0\xeb\xe8\0"
  "\xf1\xef\xee\xf1\xee\xe1\xed\xee\xf1\xf2\xe8\0" "\xf1\xf2\xf0\xe0\xed\xe8\xf6\xe8\0"
  "\xea\xe0\xed\xe4\xe8\xe4\xe0\xf2\0" "\xe8\xec\xee\xf2\xe8\0" "\xee\xf2\xea\xf0\xe0\xe4\xed\xe5\0"
  "\xef\xf0\xee\xe3\xee\xe2\xee\xf0\xe8\0" "\xf3\xf7\xe0\xf1\xf2\xe8\xe5\0" "\xe4\xee\xe1\xf0\xe8\xff\xf2\0"
  "\xf7\xe5\xf1\xf2\xed\xe8\0" "\xf4\xe0\xeb\xf8\xe8\xe2\0" "\xec\xe8\xed\xe0\xf5\0"
  "\xee\xf1\xf2\xe0\xed\xea\xe8\xf2\xe5\0" "\xe2\xe7\xe8\xec\xe0\xf2\0" "\xea\xe3\0" "\xec\xe0\xed\xe8\0"
  "\xee\xe1\xe5\xf9\xe0\xed\xe8\xe5\0" "\xef\xe5\xf0\xf1\xee\xed\xe0\xeb\xe0\0" "\xef\xee\xf1\xe5\xf2\xe8\0"
  "\xe8\xe3\xf0\xe0\xf7\xe8\0" "\xee\xf2\xe3\xee\xe2\xee\xf0\xe5\xf2\xe5\0" "\xe7\xe4\xf0\xe0\xe2\xe8\0"
  "\xe1\xe8\xe6\xf3\xf2\xe0\0" "\xe8\xe7\xe1\xee\xf0\xe8\0" "\xec\xe0\xe9\xf1\xf2\xee\xf0\0"
  "\xef\xf0\xee\xec\xe5\xed\xe8\xf2\xe5\0" "\xe0\xed\xe4\xe5\xf0\xf1\xfa\xed\0" "\xee\xf2\xf0\xe0\xe7\xe8\0"
  "\xe4\xe6\xee\xe9\0" "\xf3\xf1\xef\xe5\xf8\xed\xee\0" "\xef\xeb\xe0\xed\xe8\xed\xe8\xf2\xe5\0"
  "\xef\xf0\xe0\xe2\xe8\xf5\0" "\xe4\xe6\xf3\0" "\xf1\xea\xee\xea\0" "\xf1\xeb\xe0\xe2\xe0\xf2\xe0\0"
  "\xf2\xee\xed\xe0\0" "\xee\xf2\xea\xf0\xe8\xe2\xe0\xed\xe5\xf2\xee\0" "\xef\xee\xf1\xf2\xe0\0"
  "\xf1\xf2\xe0\xf0\xee\xf2\xee\0" "\xeb\xfe\xe1\xee\xe2\xed\xe8\xea\0" "\xf1\xef\xe5\xf7\xe5\xeb\xe8\xeb\0"
  "\xef\xee\xf0\xfa\xf7\xea\xe0\0" "\xe7\xe0\xe1\xe5\xeb\xe5\xe6\xe8\0" "\xef\xf0\xe8\xe1\xe8\xf0\xe0\0"
  "\xe5\xe9\xef\xf0\xe8\xeb\0" "\xe1\xf3\xe4\xed\xe0\0" "\xe6\xe5\xeb\xe0\xeb\0"
  "\xf1\xe0\xec\xee\xeb\xe8\xf7\xed\xee\xf1\xf2\0" "\xe4\xf0\xe0\xec\xe0\0" "\xee\xe3\xeb\xe5\xe4\xe0\xe9\0"
  "\xf2\xe0\xea\xf1\xe8\xf2\xee\0" "\xef\xee\xeb\xf3\xf7\xe0\xe2\xe0\xec\xe5\0"
  "\xe2\xe5\xf0\xee\xff\xf2\xed\xee\xf1\xf2\0" "\xe0\xf0\xf2\xf3\xf0\0" "\xe1\xf0\xff\xe3\0"
  "\xef\xf0\xee\xf1\xeb\xe5\xe4\xe8\xec\0" "\xef\xee\xf1\xeb\xe5\xe4\xe2\xe0\0" "\xef\xeb\xe0\xed\xe8\xed\xe0\0"
  "\xf3\xf7\xe0\xf2\0" "\xe8\xe7\xec\xe8\xf1\xeb\xe8\xf5\0" "\xe4\xe6\xf3\xe4\xe8\0" "\xef\xe8\xe5\xed\xe5\xf2\xee\0"
  "\xf1\xf2\xee\xe8\xf2\xe5\0" "\xee\xef\xe8\xf2\xe0\xf2\xe5\0" "\xf3\xec\xed\xe8\0" "\xf7\xe5\xe9\xf1\0"
  "\xf1\xf2\xf3\xe4\xe8\xee\0" "\xe8\xe7\xea\xe0\xf0\xe0\xec\xe5\0" "\xe8\xe7\xec\xe0\xec\xed\xe8\xea\0"
  "\xf1\xea\xee\xf2\xe8\0" "\xf7\xe5\xf0\xef\xff\0" "\xef\xf0\xe8\xe1\xe5\xf0\xe5\xf2\xe5\0" "\xe3\xe0\xe9\0"
  "\xef\xee\xe4\xe3\xee\xf2\xe2\xe8\0" "\xff\xf1\xed\xe0\0" "\xe3\xe0\xe1\xe8\0" "\xe1\xe5\xe1\xf7\xe5\0"
  "\xef\xee\xf1\xeb\xe5\xe4\xf1\xf2\xe2\xe8\xff\xf2\xe0\0" "\xf3\xf0\xe0\0"
  "\xe2\xed\xe8\xec\xe0\xf2\xe5\xeb\xed\xe8\0" "\xef\xee\xe6\xe5\xeb\xe0\xe5\xf8\0"
  "\xed\xe5\xe4\xee\xf0\xe0\xe7\xf3\xec\xe5\xed\xe8\xe5\0" "\xe8\xe7\xe1\xff\xe3\xe0\xf5\0" "\xe4\xee\xed\xe8\0"
  "\xf2\xee\xef\xeb\xe0\0" "\xe3\xf0\xe5\xf5\xee\xe2\xe5\xf2\xe5\0" "\xeb\xe8\xe4\xe8\xff\0"
  "\xed\xe0\xe1\xeb\xfe\xe4\xe0\xe2\xe0\xec\xe5\0" "\xf0\xe0\xe7\xe2\xe8\xf2\xe8\xe5\0"
  "\xf1\xf2\xe5\xf4\xe0\xed\xe8\0" "\xf1\xe8\xed\xe8\0" "\xef\xf0\xe8\xea\xe0\xe7\xea\xe8\xf2\xe5\0"
  "\xe2\xe7\xe8\xec\xe0\xec\xe5\0" "\xe1\xe0\xf1\xe5\xe9\xed\0" "\xee\xe1\xf0\xe0\xe7\0" "\xf1\xeb\xe5\xe4\xff\0"
  "\xf1\xe2\xfa\xf0\xf8\xe8\xf5\xe0\0" "\xe2\xe7\xe8\xec\xe0\xe9\0" "\xe1\xf0\xe0\xf2\xee\xe2\xf7\xe5\xe4\xea\xe0\0"
  "\xea\xeb\xe5\xf2\xe2\xe0\0" "\xf0\xe0\xec\xea\xe8\xf2\xe5\0" "\xe4\xe6\xe8\xe9\xed\0"
  "\xec\xe8\xf1\xeb\xe5\xed\xe5\0" "\xec\xe0\xf8\xe8\xed\xe8\0" "\xe4\xee\xeb\xe0\xf0\xe8\0" "\xeb\xe5\xed\xe8\0"
  "\xf1\xec\0" "\xe8\xe7\xe1\xee\xf0\xfa\xf2\0" "\xed\xe5\xe8\xed\0" "\xed\xe0\xe2\xe8\xea\0"
  "\xe1\xee\xeb\xe5\xe7\xed\xe5\xed\xee\0" "\xe7\xe0\xe1\xf0\xe0\xe2\xff\xf8\0" "\xe8\xec\xe0\xf5\xf2\xe5\0"
  "\xef\xe8\xf1\xec\xe0\xf2\xe0\0" "\xf1\xe5\xf0\xe8\xe5\xed\0" "\xec\xe0\xe3\xfc\xee\xf1\xed\xe8\xea\0"
  "\xee\xf2\xe2\xeb\xe5\xf7\xe5\0" "\xf7\xe0\xf1\xf2\xe8\xf6\xe8\0" "\xf1\xe8\xec\xee\xed\0"
  "\xe2\xe5\xf7\xed\xee\xf1\xf2\0" "\xef\xeb\xe0\xed\xe8\xf0\xe0\0" "\xf0\xe5\xf1\xf3\xf0\xf1\xe8\0"
  "\xe7\xe0\xec\xe8\xed\xe0\xe2\xe0\0" "\xec\xe8\xeb\xe5\xe9\xe4\xe8\0" "\xe7\xed\xe0\xe5\xe9\xea\xe8\0"
  "\xe8\xec\xe0\xe9\xea\xe8\0" "\xf1\xeb\xe5\xe4\xe2\xe0\xf2\0" "\xf4\xee\xf0\xe4\0"
  "\xef\xf0\xe5\xe4\xf1\xf2\xe0\xe2\xeb\xe5\xed\xe8\xe5\0" "\xee\xed\xe0\xff\0" "\xe4\xee\xf2\xe0\xec\0"
  "\xe4\xee\xec\xee\xe2\xe5\xf2\xe5\0" "\xe6\xe5\xf1\xf2\xee\xea\0" "\xf1\xe8\xed\xe4\xe8\0" "\xea\xf0\xe0\xe2\xe0\0"
  "\xe7\xe0\xe5\xec\xe8\0" "\xee\xf6\xe5\xeb\xff\xeb\0" "\xec\xe0\xf5\xed\xe5\0" "\xef\xee\xea\xe0\xed\xe8\xf5\0"
  "\xf0\xee\xe1\xee\xf2\0" "\xea\xe0\xf0\xe8\0" "\xee\xf2\xe4\xf0\xfa\xef\xed\xe8\0"
  "\xf1\xef\xee\xec\xe5\xed\xe0\xf5\0" "\xed\xe0\xf0\xf3\xf8\xe5\xed\xe8\xe5\0"
  "\xef\xf0\xe8\xf1\xfa\xe5\xe4\xe8\xed\xe8\xf8\0" "\xe4\xe8\xec\0" "\xe5\xea\xf1\xef\xeb\xee\xe7\xe8\xff\0"
  "\xef\xee\xe5\xec\xe5\xf8\0" "\xf3\xe1\xe5\xe4\xe8\xf8\0" "\xe7\xe0\xf1\xeb\xf3\xe6\xe0\xe2\xe0\xf2\0"
  "\xf3\xf7\xe0\xf1\xf2\xe2\xe0\xf8\0" "\xf1\xeb\xe5\xe7\xe5\0" "\xf1\xe2\xe5\xf2\xeb\xe8\xed\xe8\xf2\xe5\0"
  "\xf1\xe0\xeb\xee\xed\xe0\0" "\xec\xfa\xf0\xe4\xe0\0" "\xef\xf3\xf8\xe8\xf8\0" "\xe7\xe0\xe2\xfa\xf0\xf8\xe0\0"
  "\xea\xe8\xeb\xe8\xff\xf2\xe0\0" "\xea\xe0\xf0\xf2\xe8\xf7\xea\xe0\0"
  "\xe7\xe0\xe4\xfa\xeb\xe6\xe5\xed\xe8\xff\xf2\xe0\0" "\xee\xf1\xed\xee\xe2\xed\xee\0" "\xec\xe0\xe4\xe8\0"
  "\xec\xeb\xfa\xea\xed\xe5\xf2\xe5\0" "\xf2\xe0\xe5\xed\0" "\xe4\xee\xe9\xeb\0" "\xf3\xed\xe8\xf9\xee\xe6\xe8\xec\0"
  "\xf1\xe0\xed\xe4\xe8\0" "\xf1\xe2\xe8\xf0\xe8\xf8\0" "\xea\xfa\xf0\xf2\0" "\xf1\xf0\xe5\xf9\xe0\xeb\xe0\0"
  "\xef\xee\xf1\xeb\xe5\xe4\xe2\xe0\xe9\xf2\xe5\0" "\xf1\xe2\xfa\xf0\xf8\xe0\xf2\0" "\xf2\xe0\xe9\0"
  "\xf6\xe5\xeb\xe8\xf2\xe5\0" "\xe2\xfa\xf0\xed\xe0\xf5\xec\xe5\0" "\xea\xe0\xf7\xe8\xf8\0"
  "\xe2\xe0\xeb\xe5\xed\xf2\xe8\xed\0" "\xf3\xf1\xef\xee\xea\xee\xe8\xf8\0" "\xed\xe0\xef\xee\xec\xed\xe8\0"
  "\xf1\xfa\xe6\xe0\xeb\xff\xe2\xe0\0" "\xeb\xe0\xed\xe0\0" "\xe3\xf3\xe1\xff\xf2\0" "\xef\xe8\xf8\xe5\xf8\xe5\0"
  "\xf1\xf2\xf3\xe4\xe5\xed\0" "\xee\xf1\xe2\xee\xe1\xee\xe4\xe5\xed\0" "\xea\xf3\xeb\xe0\xf2\xe0\0"
  "\xf1\xe5\xe4\xec\xe8\xf7\xed\xee\0" "\xf2\xe5\xe6\xe8\0" "\xea\xf3\xf0\xf8\xf3\xec\xe8\0"
  "\xef\xf0\xe5\xe4\xeb\xee\xe6\xe8\xf5\0" "\xe0\xec\xe5\xf0\xe8\xea\xe0\xed\xf1\xea\xe0\xf2\xe0\0"
  "\xf1\xe3\xf0\xe0\xe4\xe8\0" "\xed\xee\xe5\xec\xe2\xf0\xe8\0" "\xe2\xfa\xf0\xe2\xe8\xf2\xe5\0"
  "\xf1\xf2\xf0\xe0\xf5\xf3\xe2\xe0\xf5\0" "\xec\xe8\xea\0" "\xe4\xeb\xfa\xe6\xed\xe8\xea\0"
  "\xf1\xeb\xf3\xf7\xe0\xe9\xed\xee\xf1\xf2\0" "\xee\xf2\xf1\xf0\xe5\xf9\xe0\0"
  "\xe4\xee\xef\xfa\xeb\xed\xe8\xf2\xe5\xeb\xed\xe8\0" "\xe1\xeb\xe8\xe7\xee\xf1\xf2\0"
  "\xef\xf0\xe8\xeb\xe8\xf7\xed\xee\0" "\xf5\xe8\xf7\0" "\xef\xee\xed\xe0\xf1\xff\xec\0"
  "\xe3\xee\xe2\xee\xf0\xe5\xf5\xec\xe5\0" "\xe4\xe8\xf0\xe5\xea\xf2\xee\xf0\xfa\xf2\0" "\xf5\xe5\xf0\xee\xe8\xed\0"
  "\xed\xe0\xf2\xe8\xf1\xed\xe8\0" "\xe3\xee\xf2\xe2\xff\0" "\xf0\xe8\xf1\xea\xe0\0"
  "\xf1\xe2\xfa\xf0\xf8\xe8\xeb\xee\0" "\xec\xe8\xf7\xfa\xeb\0" "\xf3\xec\xf0\xe5\xeb\xe8\0"
  "\xef\xf0\xe5\xec\xe8\xed\xe5\xec\0" "\xef\xee\xe4\xef\xe8\xf1\xe0\0" "\xe7\xe0\xea\xee\xed\xe8\xf2\xe5\0"
  "\xf1\xeb\xf3\xf8\xe0\xf2\0" "\xf7\xe5\xf1\xf2\xe8\xf2\xee\0" "\xe3\xe0\xf0\xf1\xe8\xff\0"
  "\xe3\xf0\xe0\xe6\xe4\xe0\xed\xe8\xed\0" "\xe0\xe4\xe2\xee\xea\xe0\xf2\xe8\xf2\xe5\0"
  "\xe8\xe7\xe2\xfa\xf0\xf8\xe8\0" "\xe8\xe7\xeb\xe5\xe7\xe5\xf2\xe5\0" "\xe4\xe5\xf2\xf1\xea\xe8\0"
  "\xe8\xec\xe5\xed\xe8\xe5\xf2\xee\0" "\xe7\xeb\xe0\xf2\xed\xe0\0" "\xed\xe0\xec\xe5\xf0\xe5\xed\xe8\xff\0"
  "\xe0\xec\xe1\xfa\xf0\0" "\xee\xf2\xef\xf3\xf1\xea\0" "\xe7\xe0\xf1\xf2\xf0\xe5\xeb\xff\xf8\0"
  "\xf1\xee\xe1\xf1\xf2\xe2\xe5\xed\xe8\xea\xfa\xf2\0" "\xec\xee\xec\xf7\xe5\xed\xf6\xe5\0"
  "\xf3\xec\xf0\xff\xf5\xe0\0" "\xe2\xea\xe0\xf0\xe0\xec\0" "\xe1\xfa\xf0\xe7\xe8\0" "\xec\xee\0"
  "\xee\xe1\xf1\xf2\xee\xff\xf2\xe5\xeb\xf1\xf2\xe2\xe0\xf2\xe0\0" "\xf0\xe0\xe7\xe2\xfa\xeb\xed\xf3\xe2\xe0\xed\0"
  "\xf1\xe2\xe8\xf0\xff\0" "\xe5\xe9\xe4\xf0\xe8\xfa\xed\0" "\xed\xe0\xe7\xe0\xe5\xec\0" "\xf1\xfa\xf9\0"
  "\xf7\xe5\xf0\xe2\xe5\xed\xe8\xff\0" "\xe0\xe2\xf1\xf2\xf0\xe0\xeb\xe8\xff\0" "\xef\xe0\xf0\xf2\xe8\xff\0"
  "\xe2\xe5\xeb\xe8\xea\xe8\xff\xf2\0" "\xef\xe0\xec\0" "\xe7\xe0\xf1\xf2\xf0\xe0\xf5\xee\xe2\xea\xe0\0"
  "\xe7\xe0\xe1\xe0\xe2\xeb\xff\xe2\xe0\0" "\xf1\xec\xe5\xf8\xe5\xed\0" "\xf1\xfa\xec\xed\xe5\xed\xe8\xff\0"
  "\xe7\xe0\xea\xee\xed\xed\xee\0" "\xf1\xfa\xf0\xf6\xe0\0" "\xec\xee\xeb\xe1\xe0\xf2\xe0\0" "\xf1\xe5\xe4\xe8\xec\0"
  "\xf1\xeb\xf3\xf8\xe0\xf2\xe5\0" "\xe0\xeb\xe5\xea\0" "\xe3\xe0\xf1\0" "\xec\xfa\xed\xe8\xf7\xea\xee\0"
  "\xef\xf0\xee\xf7\xe5\xf2\xe5\xf8\0" "\xef\xf0\xe5\xe3\xeb\xe5\xe4\0" "\xf2\xee\xf2\xe0\xeb\xed\xee\0"
  "\xed\xe0\xe5\0" "\xee\xe1\xf0\xe0\xe7\xee\xe2\xe0\xed\xe8\xe5\0" "\xea\xf3\xf5\xed\xff\0" "\xef\xe0\xe4\xe0\xf8\0"
  "\xea\xeb\xe5\xf2\xea\xe0\xf2\xe0\0" "\xf0\xe0\xe6\xe4\xe0\xed\xe5\0" "\xe4\xee\xe2\xee\xeb\xed\xe8\0"
  "\xe7\xe0\xec\xe8\xed\xe0\xe2\xe0\xf8\0" "\xf1\xe2\xe8\xe4\xe5\xf2\xe5\xeb\xf1\xf2\xe2\xe0\0"
  "\xeb\xfe\xe1\xee\xe2\xed\xe0\0" "\xf7\xf3\xe6\xe1\xe8\xed\xe0\0" "\xe4\xfe\xea\0"
  "\xee\xf0\xe3\xe0\xed\xe8\xe7\xe8\xf0\xe0\0" "\xf0\xf3\xef\xe8\xe8\0" "\xe2\xea\xeb\xfe\xf7\xe0\0"
  "\xf5\xfa\xeb\xec\xe0\0" "\xf2\xe8\xef\xee\xe2\xe5\0" "\xe4\xe6\xe5\xf0\xfa\xec\xe8\0" "\xf3\xe2\xee\xeb\xed\xe8\0"
  "\xe7\xe0\xef\xe0\xe7\xe8\xf8\0" "\xe5\xe3\xe8\xef\xe5\xf2\0" "\xee\xf2\xfa\xf0\xe2\xe5\xf8\0"
  "\xf2\xf3\xed\xe5\xeb\0" "\xe4\xe0\xe2\xe8\xe4\0" "\xf3\xed\xe8\xf9\xee\xe6\xe0\0" "\xee\xf2\xf7\xe0\xff\xed\xee\0"
  "\xf2\xf3\xed\xe5\xeb\xe0\0" "\xed\xe0\xef\xf0\xe5\xe6\xe5\xed\xe8\xe5\xf2\xee\0"
  "\xe7\xe0\xef\xee\xe7\xed\xe0\xe5\xf8\0" "\xe4\xee\xf1\xf2\xee\xe5\xed\0"
  "\xef\xf0\xe8\xea\xeb\xfe\xf7\xe5\xed\xe8\xe5\0" "\xe7\xe0\xf1\xf2\xf0\xe5\xeb\xff\xed\0"
  "\xe8\xe7\xef\xf0\xe0\xe2\xff\0" "\xe2\xe7\xe5\xf2\xee\0" "\xed\xe0\xe1\xeb\xe8\xe6\xe0\xe2\xe0\0"
  "\xef\xf0\xe5\xe3\xf0\xfa\xe4\xea\xe0\0" "\xf2\xe5\xf0\xee\xf0\xe8\xf1\xf2\xe8\0" "\xee\xf6\xe5\xed\xea\xe0\0"
  "\xe7\xe0\xef\xeb\xe0\xf2\xe0\xf2\xe0\0" "\xe5\xe2\xfa\xed\0" "\xe3\xe0\xf0\xe5\xf2\0" "\xf1\xe8\xed\xff\0"
  "\xef\xf0\xee\xf6\xe5\xe4\xf3\xf0\xe0\xf2\xe0\0" "\xe2\xe0\xec\xef\xe8\xf0\xe8\0" "\xe8\xe7\xf0\xee\xe4\0"
  "\xea\xf3\xeb\xf2\xf3\xf0\xe0\0" "\xed\xe0\xf1\xeb\xe5\xe4\xed\xe8\xea\0" "\xf0\xe0\xed\xe5\xed\xe8\0"
  "\xe7\xe0\xec\xe8\xed\xe5\0" "\xef\xe5\xf0\xf1\xee\xed\xe0\xeb\0" "\xf1\xfa\xf1\xe8\xef\xe0\0"
  "\xe1\xf0\xf3\xea\xeb\xe8\xed\0" "\xea\xf3\xf7\xea\xe0\xf2\xe0\0" "\xee\xf0\xe3\xe0\xed\xe8\0" "\xf9\xe5\xf2\xe8\0"
  "\xe7\xe0\xef\xee\xe4\xee\xe7\xf0\xe5\xed\xe8\0" "\xec\xe5\xeb\xe8\xf1\xe0\0" "\xed\xe0\xe2\xfa\xf2\xf0\xe5\0"
  "\xea\xe5\xe9\xeb\xfa\xe1\0" "\xec\xe8\xed\xe0\xf2\0" "\xec\xee\xf2\xee\xf0\0" "\xef\xe8\xe0\xed\xee\0"
  "\xf0\xe5\xe6\xe8\xec\0" "\xe7\xe0\xe1\xe0\xe2\xeb\xff\xe2\xe0\xec\0" "\xef\xee\xe4\xef\xe8\xf8\xe0\0"
  "\xee\xf1\xfa\xe4\xe5\xed\0" "\xea\xe0\xec\xef\xe0\xed\xe8\xff\0"
  "\xf1\xeb\xe5\xe4\xee\xe2\xe0\xf2\xe5\xeb\xed\xee\0" "\xf1\xef\xe0\xf5\0"
  "\xef\xee\xeb\xe8\xf6\xe5\xe9\xf1\xea\xe0\0" "\xee\xf2\xfa\xf0\xe2\xe5\xec\0" "\xe2\xe5\xf1\xf2\xed\xe8\xf6\xe8\0"
  "\xeb\xe5\xf1\xe5\xed\0" "\xef\xf3\xf1\xea\xe0\xe9\0" "\xee\xe1\xe2\xe8\xed\xe5\xed\xe8\xe5\xf2\xee\0"
  "\xea\xf3\xef\xf3\xe2\xe0\xec\0" "\xf3\xf1\xef\xe5\xf5\xe0\0" "\xf2\xee\xf0\0" "\xef\xf0\xee\xe2\xe0\xeb\xe8\xf5\0"
  "\xea\xf0\xe8\xf1\xf2\xe8\0" "\xf1\xef\xee\xf1\xee\xe1\xed\xee\xf1\xf2\xf2\xe0\0" "\xf7\xe8\xff\xf2\xee\0"
  "\xe8\xe7\xef\xfa\xeb\xed\xff\0" "\xe8\xe7\xe1\xff\xe3\xe0\xeb\xe0\0"
  "\xe1\xe5\xe7\xee\xef\xe0\xf1\xed\xee\xf1\xf2\xf2\xe0\0" "\xe4\xfa\xf0\xe6\xe0\xeb\0" "\xe7\xe5\xeb\xe5\xed\xee\0"
  "\xe1\xf3\xf3\xf2\0" "\xf1\xef\xee\xf1\xee\xe1\xed\xe0\0" "\xea\xf0\xfa\xf1\xf2\0" "\xf3\xe2\xe5\xeb\xe8\xf7\xe8\0"
  "\xe1\xe5\xe9\0" "\xe7\xe0\xe4\xfa\xeb\xe6\xe5\xed\xe8\xe5\0" "\xef\xe8\xff\xf2\0" "\xeb\xee\xe3\xe8\xf7\xed\xee\0"
  "\xef\xf0\xe5\xf1\xf2\xfa\xef\xeb\xe5\xed\xe8\xe5\xf2\xee\0" "\xed\xe0\xee\xec\xe8\0" "\xef\xe0\xeb\xec\xfa\xf0\0"
  "\xe0\xeb\xeb\xe0\xf5\0" "\xe2\xe8\xed\xe8\0" "\xe2\xeb\xfe\xe1\xe8\xf5\0" "\xe8\xe7\xef\xf0\xe0\xf2\xe8\xf5\xe0\0"
  "\xe4\xe5\xe9\xed\xee\xf1\xf2\0" "\xf1\xec\xff\xed\xe0\xf2\xe0\0" "\xef\xee\xe7\xed\xe0\xf2\xe0\0"
  "\xe4\xee\xea\xe0\xe6\xe5\xec\0" "\xf1\xf2\xf0\xe0\xf2\xe5\xe3\xe8\xff\0" "\xea\xe8\xf0\xe0\0" "\xed\xe8\xe2\xe0\0"
  "\xe1\xe8\xf0\xe0\xf2\xe0\0" "\xf1\xe5\xec\xe5\xe5\xed\0" "\xe1\xe8\xe7\xed\xe5\xf1\xfa\xf2\0"
  "\xe5\xea\xe8\xef\xe8\0" "\xef\xf0\xee\xe4\xe0\xeb\0" "\xea\xf0\xe5\xec\0" "\xef\xf0\xe0\xe2\xe8\xf5\xec\xe5\0"
  "\xea\xee\xed\xe8\0" "\xe4\xe5\xe9\xf1\xf2\xe2\xe0\xf2\0" "\xe1\xee\xe9\xe4\0"
  "\xe6\xf3\xf0\xed\xe0\xeb\xe8\xf1\xf2\0" "\xee\xf2\xe3\xee\xe2\xee\xf0\xed\xee\xf1\xf2\xf2\xe0\0"
  "\xf4\xe0\xe1\xf0\xe8\xea\xe0\0" "\xe4\xe0\xec\xe8\xf2\xe5\0" "\xe7\xe0\xe5\xec\xe5\0" "\xef\xe8\xf8\xe0\xf2\0"
  "\xef\xeb\xe0\xed\xe5\xf2\xe8\0" "\xf1\xf2\xee\xeb\xe8\xf6\xe0\xf2\xe0\0" "\xf1\xe5\xe4\xe0\xeb\xea\xe0\0"
  "\xf2\xe5\xf1\0" "\xf0\xfa\xea\xe0\xe2\xe8\xf6\xe8\0" "\xef\xee\xea\xee\xe9\0" "\xf4\xee\xf0\xec\xe8\0"
  "\xef\xee\xea\xe0\xed\xe0\xf2\xe0\0" "\xe4\xe5\xea\xe5\xec\xe2\xf0\xe8\0" "\xf1\xef\xe5\xf8\xed\xee\xf2\xee\0"
  "\xf0\xe0\xea\xe5\xf2\xe0\0" "\xee\xf2\xe8\xe2\xe0\xe9\xf2\xe5\0" "\xe7\xe0\xe5\xec\xe5\xf2\xe5\0"
  "\xec\xe0\xed\xf5\xe0\xf2\xfa\xed\0" "\xed\xe0\xf1\xee\xf7\xe8\0" "\xef\xee\xe4\xff\xe2\xee\xeb\xe8\xf2\xe5\0"
  "\xee\xf2\xef\xe5\xf7\xe0\xf2\xfa\xea\0" "\xf0\xe8\xf1\xea\xee\xe2\xe0\xed\xee\0"
  "\xf1\xe2\xfa\xf0\xf8\xe8\xeb\xe0\0" "\xe4\xee\xed\xff\xea\xfa\xe4\xe5\0" "\xef\xfa\xf2\xe8\xf9\xe0\xf2\xe0\0"
  "\xed\xe0\xe4\xe0\xeb\xe5\xf7\0" "\xf7\xf3\xe6\xe4\xe8\0" "\xea\xe8\xf2\0" "\xef\xee\xe0\xf0\xee\0"
  "\xe3\xf0\xe0\xf4\0" "\xe8\xe7\xec\xe8\xf1\xeb\xe8\xeb\0" "\xf2\xe8\xe3\xfa\xf0\0" "\xee\xf0\xe8\xe7\0"
  "\xf0\xe0\xe7\xe2\xee\xe4\xe0\0" "\xe2\xe0\xe6\xe8\0" "\xe8\xe7\xe1\xe5\xf0\xe5\xf2\xe5\0"
  "\xe3\xeb\xe0\xe2\xee\xe1\xee\xeb\xe8\xe5\0" "\xec\xee\xf0\xe3\xe0\xf2\xe0\0" "\xf2\xee\xf0\xe1\xe0\0"
  "\xef\xee\xe8\xf1\xea\xe0\xf5\0" "\xe8\xe7\xeb\xe8\xe7\xe0\xe9\xf2\xe5\0" "\xf1\xe5\xe7\xee\xed\xe0\0"
  "\xeb\xe5\xea\xe0\xf0\xff\xf2\0" "\xeb\xe5\xe3\xed\xe0\0" "\xf0\xe5\xef\xf3\xf2\xe0\xf6\xe8\xff\0"
  "\xf1\xf2\xe5\xed\xeb\xe8\0" "\xe8\xed\xe6\xe5\xed\xe5\xf0\0" "\xee\xe1\xe5\xf9\xe0\xe2\xe0\xf8\0"
  "\xe1\xee\xe3\xe0\xf2\xf1\xf2\xe2\xee\0" "\xee\xef\xe0\0" "\xf3\xe2\xe5\xf0\xe5\xed\0"
  "\xed\xe0\xe1\xfa\xf0\xe7\xee\0" "\xea\xf0\xe5\xe9\xe3\0" "\xe3\xee\xf0\xe5\xf9\0"
  "\xf0\xee\xe4\xe8\xed\xe0\xf2\xe0\0" "\xef\xf0\xe8\xff\xf2\xe5\xeb\xf1\xea\xe8\0" "\xf1\xea\xf0\xe8\xf2\0"
  "\xf1\xe5\xf2\xff\0"
  "";

// 4000 words, 27440 bytes
static const char DICT_EN[] =
  "you\0" "the\0" "to\0" "it\0" "and\0" "that\0" "of\0" "is\0" "in\0" "what\0" "we\0" "me\0" "this\0" "he\0" "for\0"
  "my\0" "on\0" "have\0" "your\0" "do\0" "was\0" "no\0" "not\0" "be\0" "are\0" "know\0" "can\0" "with\0" "but\0"
  "all\0" "so\0" "just\0" "there\0" "here\0" "they\0" "like\0" "get\0" "she\0" "go\0" "if\0" "right\0" "out\0"
  "about\0" "up\0" "at\0" "him\0" "now\0" "oh\0" "one\0" "come\0" "well\0" "her\0" "how\0" "yeah\0" "will\0" "got\0"
  "want\0" "think\0" "as\0" "see\0" "did\0" "good\0" "who\0" "why\0" "from\0" "let\0" "his\0" "yes\0" "when\0"
  "going\0" "time\0" "an\0" "okay\0" "back\0" "look\0" "us\0" "would\0" "them\0" "where\0" "were\0" "take\0" "then\0"
  "had\0" "or\0" "been\0" "our\0" "gonna\0" "tell\0" "really\0" "man\0" "some\0" "say\0" "hey\0" "could\0" "by\0"
  "need\0" "something\0" "has\0" "too\0" "more\0" "way\0" "down\0" "make\0" "very\0" "never\0" "only\0" "people\0"
  "over\0" "because\0" "little\0" "please\0" "love\0" "should\0" "mean\0" "said\0" "sorry\0" "give\0" "off\0" "am\0"
  "thank\0" "any\0" "two\0" "even\0" "much\0" "doing\0" "sure\0" "thing\0" "these\0" "help\0" "first\0" "into\0"
  "anything\0" "still\0" "find\0" "life\0" "nothing\0" "sir\0" "day\0" "god\0" "work\0" "their\0" "uh\0" "again\0"
  "maybe\0" "must\0" "before\0" "other\0" "wait\0" "stop\0" "call\0" "after\0" "won\0" "talk\0" "away\0" "than\0"
  "thought\0" "home\0" "night\0" "put\0" "great\0" "those\0" "last\0" "better\0" "everything\0" "told\0" "new\0"
  "things\0" "always\0" "keep\0" "long\0" "years\0" "leave\0" "does\0" "money\0" "around\0" "name\0" "place\0"
  "ever\0" "feel\0" "guys\0" "father\0" "guy\0" "made\0" "old\0" "which\0" "big\0" "lot\0" "done\0" "hello\0" "nice\0"
  "believe\0" "girl\0" "someone\0" "fine\0" "thanks\0" "wanted\0" "kind\0" "coming\0" "house\0" "every\0" "ok\0"
  "through\0" "being\0" "course\0" "stay\0" "left\0" "dad\0" "enough\0" "happened\0" "came\0" "may\0" "mother\0"
  "wrong\0" "world\0" "bad\0" "might\0" "three\0" "today\0" "listen\0" "another\0" "understand\0" "hear\0"
  "remember\0" "ask\0" "own\0" "same\0" "show\0" "else\0" "kill\0" "talking\0" "found\0" "next\0" "getting\0" "care\0"
  "car\0" "looking\0" "son\0" "try\0" "woman\0" "went\0" "hi\0" "dead\0" "many\0" "mind\0" "friend\0" "best\0" "mom\0"
  "hell\0" "morning\0" "trying\0" "boy\0" "together\0" "yourself\0" "job\0" "saw\0" "family\0" "real\0" "without\0"
  "baby\0" "room\0" "already\0" "move\0" "most\0" "seen\0" "live\0" "miss\0" "actually\0" "huh\0" "both\0" "heard\0"
  "once\0" "ready\0" "head\0" "called\0" "used\0" "idea\0" "knew\0" "hold\0" "happy\0" "door\0" "such\0" "brother\0"
  "also\0" "pretty\0" "bit\0" "took\0" "yet\0" "men\0" "whole\0" "start\0" "use\0" "while\0" "since\0" "wife\0"
  "days\0" "guess\0" "tomorrow\0" "matter\0" "meet\0" "bring\0" "tonight\0" "everyone\0" "run\0" "wanna\0" "hard\0"
  "ah\0" "alone\0" "myself\0" "school\0" "gone\0" "um\0" "end\0" "saying\0" "phone\0" "play\0" "looks\0" "problem\0"
  "few\0" "friends\0" "gotta\0" "ago\0" "open\0" "anyone\0" "killed\0" "hope\0" "face\0" "until\0" "lost\0" "police\0"
  "excuse\0" "turn\0" "business\0" "case\0" "wants\0" "says\0" "true\0" "die\0" "heart\0" "soon\0" "each\0" "worry\0"
  "later\0" "year\0" "watch\0" "music\0" "hand\0" "having\0" "probably\0" "beautiful\0" "doctor\0" "sit\0" "eat\0"
  "thinking\0" "young\0" "second\0" "working\0" "water\0" "person\0" "part\0" "kids\0" "late\0" "stuff\0" "exactly\0"
  "under\0" "death\0" "minute\0" "pay\0" "crazy\0" "forget\0" "everybody\0" "kid\0" "change\0" "gave\0" "happen\0"
  "damn\0" "five\0" "drink\0" "far\0" "knows\0" "its\0" "whatever\0" "eyes\0" "shut\0" "hit\0" "taking\0" "easy\0"
  "times\0" "check\0" "hands\0" "minutes\0" "deal\0" "different\0" "means\0" "point\0" "inside\0" "makes\0" "asked\0"
  "somebody\0" "mine\0" "making\0" "body\0" "afraid\0" "sleep\0" "chance\0" "dear\0" "quite\0" "four\0" "anyway\0"
  "close\0" "party\0" "fun\0" "against\0" "word\0" "comes\0" "important\0" "set\0" "shall\0" "story\0" "number\0"
  "daughter\0" "least\0" "waiting\0" "hurt\0" "wish\0" "moment\0" "fight\0" "week\0" "husband\0" "girls\0" "rest\0"
  "married\0" "fire\0" "game\0" "nobody\0" "mr\0" "children\0" "side\0" "stand\0" "read\0" "though\0" "cut\0"
  "started\0" "sister\0" "supposed\0" "between\0" "child\0" "goes\0" "hours\0" "speak\0" "women\0" "behind\0"
  "almost\0" "truth\0" "blood\0" "able\0" "lady\0" "anymore\0" "playing\0" "gets\0" "shot\0" "reason\0" "trouble\0"
  "break\0" "war\0" "city\0" "walk\0" "town\0" "trust\0" "met\0" "office\0" "question\0" "brought\0" "yours\0"
  "welcome\0" "high\0" "wow\0" "couple\0" "half\0" "died\0" "cool\0" "free\0" "either\0" "seems\0" "power\0" "whoa\0"
  "bye\0" "buy\0" "telling\0" "honey\0" "tried\0" "front\0" "team\0" "answer\0" "gun\0" "boys\0" "line\0" "send\0"
  "news\0" "stupid\0" "bed\0" "hurry\0" "full\0" "months\0" "save\0" "sometimes\0" "become\0" "along\0" "hate\0"
  "food\0" "outside\0" "light\0" "needs\0" "dog\0" "country\0" "clear\0" "order\0" "fact\0" "lord\0" "captain\0"
  "six\0" "hot\0" "funny\0" "black\0" "alive\0" "pick\0" "feeling\0" "living\0" "cause\0" "ahead\0" "lose\0" "king\0"
  "plan\0" "dinner\0" "sighs\0" "sort\0" "leaving\0" "running\0" "boss\0" "alright\0" "promise\0" "taken\0" "safe\0"
  "ma\0" "book\0" "sent\0" "white\0" "hour\0" "anybody\0" "small\0" "perfect\0" "lives\0" "special\0" "parents\0"
  "john\0" "himself\0" "perhaps\0" "sounds\0" "serious\0" "sick\0" "company\0" "ha\0" "scared\0" "uncle\0" "poor\0"
  "red\0" "past\0" "earth\0" "possible\0" "shoot\0" "touch\0" "sound\0" "top\0" "ass\0" "laughs\0" "cannot\0"
  "asking\0" "win\0" "glad\0" "control\0" "hmm\0" "human\0" "drive\0" "hair\0" "jack\0" "luck\0" "murder\0"
  "happens\0" "air\0" "ten\0" "daddy\0" "finally\0" "chuckles\0" "fast\0" "cold\0" "seem\0" "laughing\0" "words\0"
  "hospital\0" "street\0" "hang\0" "dance\0" "meeting\0" "till\0" "others\0" "catch\0" "follow\0" "sense\0" "sex\0"
  "lie\0" "evening\0" "master\0" "known\0" "dream\0" "write\0" "million\0" "voice\0" "sweet\0" "rather\0" "felt\0"
  "sign\0" "lucky\0" "somewhere\0" "bet\0" "jesus\0" "longer\0" "calling\0" "worked\0" "quiet\0" "looked\0" "less\0"
  "pull\0" "beat\0" "careful\0" "coffee\0" "return\0" "secret\0" "weeks\0" "date\0" "seeing\0" "fall\0" "given\0"
  "ooh\0" "fault\0" "straight\0" "takes\0" "song\0" "future\0" "gentlemen\0" "loved\0" "changed\0" "road\0" "calm\0"
  "wonderful\0" "mad\0" "turned\0" "drop\0" "ladies\0" "learn\0" "step\0" "absolutely\0" "early\0" "explain\0"
  "clean\0" "piece\0" "yesterday\0" "throw\0" "picture\0" "land\0" "feet\0" "wonder\0" "questions\0" "speaking\0"
  "worth\0" "darling\0" "dude\0" "giving\0" "president\0" "eye\0" "quick\0" "moving\0" "figure\0" "state\0" "strong\0"
  "sam\0" "none\0" "amazing\0" "ones\0" "works\0" "act\0" "needed\0" "weird\0" "law\0" "worried\0" "report\0"
  "goodbye\0" "missing\0" "choice\0" "happening\0" "chief\0" "wedding\0" "strange\0" "general\0" "pain\0" "kidding\0"
  "decided\0" "ya\0" "pass\0" "tired\0" "class\0" "officer\0" "kept\0" "wake\0" "worse\0" "busy\0" "eh\0" "mistake\0"
  "kiss\0" "court\0" "building\0" "finish\0" "during\0" "age\0" "ship\0" "caught\0" "marry\0" "meant\0" "sell\0"
  "dark\0" "watching\0" "system\0" "suppose\0" "evidence\0" "movie\0" "ride\0" "completely\0" "mouth\0" "totally\0"
  "birthday\0" "tv\0" "forgive\0" "born\0" "imagine\0" "information\0" "instead\0" "definitely\0" "security\0"
  "certainly\0" "film\0" "month\0" "lying\0" "unless\0" "train\0" "seven\0" "wear\0" "clothes\0" "michael\0" "hotel\0"
  "christmas\0" "attack\0" "round\0" "expect\0" "sing\0" "terrible\0" "george\0" "bag\0" "history\0" "blue\0" "near\0"
  "broke\0" "station\0" "seriously\0" "forever\0" "david\0" "frank\0" "except\0" "thinks\0" "message\0" "entire\0"
  "joe\0" "table\0" "talked\0" "across\0" "rock\0" "lovely\0" "handle\0" "middle\0" "buddy\0" "paid\0" "protect\0"
  "using\0" "floor\0" "ran\0" "swear\0" "spend\0" "situation\0" "ring\0" "anywhere\0" "dangerous\0" "bill\0" "york\0"
  "army\0" "lead\0" "bought\0" "finished\0" "fair\0" "sun\0" "letter\0" "fool\0" "attention\0" "club\0" "simple\0"
  "interesting\0" "space\0" "test\0" "box\0" "group\0" "single\0" "sitting\0" "marriage\0" "join\0" "fear\0" "peace\0"
  "forgot\0" "force\0" "short\0" "normal\0" "charlie\0" "present\0" "enjoy\0" "mike\0" "crime\0" "horse\0" "ground\0"
  "american\0" "count\0" "area\0" "charge\0" "honor\0" "lunch\0" "miles\0" "radio\0" "idiot\0" "ball\0" "surprise\0"
  "paper\0" "key\0" "boat\0" "quickly\0" "gold\0" "bar\0" "fish\0" "mark\0" "tom\0" "wearing\0" "crying\0"
  "accident\0" "government\0" "eight\0" "fell\0" "cover\0" "certain\0" "interested\0" "deep\0" "star\0" "sea\0"
  "agree\0" "problems\0" "detective\0" "prison\0" "major\0" "stick\0" "offer\0" "difficult\0" "smart\0" "personal\0"
  "record\0" "stopped\0" "hide\0" "whether\0" "bank\0" "trip\0" "relax\0" "america\0" "public\0" "list\0"
  "afternoon\0" "brain\0" "fix\0" "proud\0" "tea\0" "service\0" "screaming\0" "forward\0" "angry\0" "park\0" "soul\0"
  "fighting\0" "peter\0" "rich\0" "agent\0" "blow\0" "paul\0" "dress\0" "mary\0" "missed\0" "scene\0" "killing\0"
  "standing\0" "saved\0" "mm\0" "respect\0" "killer\0" "ice\0" "mess\0" "tough\0" "feels\0" "church\0" "sad\0"
  "cell\0" "drunk\0" "share\0" "camera\0" "within\0" "card\0" "fly\0" "ben\0" "girlfriend\0" "laugh\0" "smell\0"
  "broken\0" "mum\0" "honest\0" "often\0" "starting\0" "calls\0" "spent\0" "third\0" "english\0" "visit\0" "mama\0"
  "judge\0" "window\0" "hungry\0" "dare\0" "relationship\0" "moved\0" "prove\0" "private\0" "wall\0" "seat\0"
  "position\0" "lieutenant\0" "realize\0" "lt\0" "especially\0" "machine\0" "walking\0" "art\0" "pleasure\0"
  "bloody\0" "college\0" "french\0" "involved\0" "cry\0" "became\0" "lived\0" "impossible\0" "obviously\0" "neither\0"
  "accept\0" "boyfriend\0" "besides\0" "queen\0" "teacher\0" "cops\0" "sake\0" "loves\0" "carry\0" "teach\0"
  "apartment\0" "upset\0" "green\0" "la\0" "liked\0" "cute\0" "evil\0" "professor\0" "contact\0" "joke\0" "cop\0"
  "huge\0" "holy\0" "store\0" "jail\0" "likes\0" "lawyer\0" "doubt\0" "continue\0" "appreciate\0" "cat\0" "shop\0"
  "driving\0" "congratulations\0" "wrote\0" "village\0" "quit\0" "field\0" "james\0" "wine\0" "decision\0" "south\0"
  "sleeping\0" "slow\0" "laughter\0" "island\0" "glass\0" "beginning\0" "cash\0" "dying\0" "hundred\0" "whose\0"
  "difference\0" "plane\0" "push\0" "continues\0" "mmm\0" "singing\0" "eating\0" "north\0" "mrs\0" "tree\0" "madam\0"
  "gift\0" "truck\0" "putting\0" "bear\0" "board\0" "grab\0" "beer\0" "stuck\0" "magic\0" "support\0" "rules\0"
  "grunts\0" "partner\0" "reach\0" "wind\0" "colonel\0" "max\0" "immediately\0" "seconds\0" "thousand\0" "gives\0"
  "experience\0" "cheers\0" "victim\0" "upon\0" "computer\0" "christ\0" "planet\0" "promised\0" "bus\0" "henry\0"
  "dirty\0" "search\0" "staying\0" "dreams\0" "arrest\0" "holding\0" "suddenly\0" "usually\0" "lots\0" "shoes\0"
  "er\0" "jump\0" "rid\0" "yo\0" "knock\0" "owe\0" "harry\0" "grow\0" "worst\0" "river\0" "aunt\0" "patient\0"
  "kitchen\0" "aah\0" "fat\0" "passed\0" "final\0" "summer\0" "bob\0" "listening\0" "escape\0" "everywhere\0" "moon\0"
  "arms\0" "turns\0" "address\0" "ow\0" "match\0" "gasps\0" "grand\0" "yep\0" "shh\0" "nervous\0" "de\0" "choose\0"
  "themselves\0" "decide\0" "mate\0" "drinking\0" "press\0" "bother\0" "foot\0" "hadn\0" "blame\0" "crap\0" "drugs\0"
  "type\0" "rings\0" "mission\0" "named\0" "heaven\0" "picked\0" "paris\0" "race\0" "risk\0" "books\0" "further\0"
  "danny\0" "action\0" "allowed\0" "orders\0" "learned\0" "price\0" "arrived\0" "nick\0" "otherwise\0" "pictures\0"
  "fit\0" "smoke\0" "favor\0" "played\0" "notice\0" "awesome\0" "smile\0" "director\0" "guard\0" "begin\0" "spot\0"
  "surprised\0" "innocent\0" "narrator\0" "herself\0" "london\0" "feelings\0" "enemy\0" "battle\0" "ourselves\0"
  "alex\0" "dollars\0" "allow\0" "nine\0" "gay\0" "department\0" "guilty\0" "apart\0" "earlier\0" "duty\0" "jim\0"
  "suit\0" "bell\0" "west\0" "legs\0" "hero\0" "destroy\0" "stage\0" "bunch\0" "according\0" "chicken\0" "bigger\0"
  "grunting\0" "low\0" "helping\0" "admit\0" "closed\0" "names\0" "witness\0" "upstairs\0" "arm\0" "steal\0" "jimmy\0"
  "kick\0" "twice\0" "cross\0" "ways\0" "sergeant\0" "indeed\0" "gas\0" "keeping\0" "energy\0" "pregnant\0" "waste\0"
  "helped\0" "fired\0" "favorite\0" "tony\0" "taste\0" "locked\0" "places\0" "writing\0" "adam\0" "brothers\0"
  "starts\0" "prince\0" "form\0" "sold\0" "silly\0" "mention\0" "build\0" "throat\0" "hole\0" "figured\0" "track\0"
  "ringing\0" "lock\0" "leg\0" "above\0" "hiding\0" "steve\0" "seemed\0" "breakfast\0" "engine\0" "written\0"
  "complete\0" "video\0" "applause\0" "however\0" "pressure\0" "fresh\0" "weapon\0" "sky\0" "stole\0" "study\0"
  "burn\0" "reading\0" "crowd\0" "treat\0" "roll\0" "double\0" "spirit\0" "danger\0" "cost\0" "empty\0" "level\0"
  "memory\0" "itself\0" "acting\0" "interest\0" "nose\0" "plans\0" "following\0" "bathroom\0" "built\0" "closer\0"
  "ray\0" "sarah\0" "band\0" "groans\0" "apparently\0" "excited\0" "richard\0" "losing\0" "animals\0" "flight\0"
  "nature\0" "raise\0" "pop\0" "client\0" "bomb\0" "neck\0" "suspect\0" "warm\0" "extra\0" "bottle\0" "van\0"
  "heavy\0" "mommy\0" "dogs\0" "wild\0" "ridiculous\0" "simply\0" "lee\0" "animal\0" "showed\0" "billy\0" "shooting\0"
  "keeps\0" "camp\0" "guns\0" "medical\0" "shame\0" "hoping\0" "whom\0" "bird\0" "majesty\0" "flowers\0" "famous\0"
  "asleep\0" "beauty\0" "driver\0" "keys\0" "rain\0" "awful\0" "large\0" "local\0" "deserve\0" "stone\0" "jane\0"
  "grace\0" "consider\0" "weekend\0" "wondering\0" "lay\0" "plenty\0" "willing\0" "pants\0" "sweetheart\0" "skin\0"
  "excellent\0" "beach\0" "faith\0" "beg\0" "responsible\0" "military\0" "cheering\0" "opportunity\0" "common\0"
  "bottom\0" "german\0" "whoever\0" "cook\0" "walked\0" "papers\0" "justice\0" "hall\0" "commander\0" "drug\0"
  "main\0" "knife\0" "devil\0" "necessary\0" "although\0" "princess\0" "lights\0" "flying\0" "rose\0" "knowing\0"
  "clearly\0" "hat\0" "agreed\0" "johnny\0" "corner\0" "code\0" "note\0" "tommy\0" "due\0" "correct\0" "apologize\0"
  "language\0" "stars\0" "faster\0" "cars\0" "folks\0" "fellow\0" "several\0" "grandma\0" "shows\0" "leader\0"
  "leaves\0" "restaurant\0" "east\0" "shouting\0" "blind\0" "ghost\0" "cup\0" "gotten\0" "tight\0" "conversation\0"
  "tells\0" "lies\0" "nor\0" "pulled\0" "hanging\0" "speed\0" "stories\0" "health\0" "advice\0" "held\0" "murdered\0"
  "beyond\0" "rule\0" "hardly\0" "possibly\0" "inspector\0" "cousin\0" "trial\0" "emergency\0" "ought\0" "eddie\0"
  "somehow\0" "hearing\0" "states\0" "account\0" "spoke\0" "file\0" "understood\0" "angel\0" "tape\0" "milk\0"
  "powerful\0" "weapons\0" "practice\0" "manager\0" "pardon\0" "vote\0" "jake\0" "national\0" "career\0" "minister\0"
  "super\0" "taught\0" "robert\0" "biggest\0" "plays\0" "natural\0" "dancing\0" "copy\0" "plus\0" "martin\0" "cake\0"
  "freedom\0" "among\0" "breath\0" "operation\0" "chris\0" "crew\0" "challenge\0" "market\0" "meat\0" "towards\0"
  "bringing\0" "dropped\0" "student\0" "lied\0" "strength\0" "size\0" "breathe\0" "color\0" "monster\0" "loud\0"
  "photo\0" "aw\0" "nearly\0" "sight\0" "greatest\0" "games\0" "bridge\0" "dressed\0" "arrested\0" "horrible\0"
  "coach\0" "planning\0" "checked\0" "breaking\0" "noticed\0" "fantastic\0" "screams\0" "serve\0" "ideas\0"
  "investigation\0" "center\0" "older\0" "pack\0" "soldiers\0" "nonsense\0" "doc\0" "project\0" "training\0"
  "example\0" "trick\0" "prepared\0" "science\0" "united\0" "travel\0" "incredible\0" "grandpa\0" "paying\0"
  "character\0" "teeth\0" "criminal\0" "charles\0" "chinese\0" "truly\0" "honestly\0" "bro\0" "survive\0" "bobby\0"
  "target\0" "feed\0" "nurse\0" "fake\0" "records\0" "breathing\0" "sweetie\0" "numbers\0" "oil\0" "suicide\0"
  "belong\0" "whoo\0" "perfectly\0" "amy\0" "forgotten\0" "remain\0" "original\0" "papa\0" "onto\0" "concerned\0"
  "credit\0" "ugh\0" "invited\0" "discuss\0" "research\0" "easier\0" "view\0" "chair\0" "hurts\0" "strike\0" "roger\0"
  "fill\0" "condition\0" "mountain\0" "dr\0" "nowhere\0" "sheriff\0" "kim\0" "turning\0" "brown\0" "recognize\0"
  "heads\0" "audience\0" "jealous\0" "pretend\0" "society\0" "finding\0" "shirt\0" "comfortable\0" "meaning\0"
  "guest\0" "pieces\0" "dry\0" "letting\0" "began\0" "aye\0" "jeff\0" "female\0" "release\0" "ho\0" "cards\0" "pray\0"
  "unfortunately\0" "balls\0" "destroyed\0" "ended\0" "universe\0" "prepare\0" "opinion\0" "movies\0" "soldier\0"
  "wash\0" "program\0" "heat\0" "usual\0" "ticket\0" "stolen\0" "prefer\0" "aware\0" "surely\0" "male\0" "base\0"
  "matters\0" "lift\0" "lab\0" "command\0" "proof\0" "cream\0" "selling\0" "believed\0" "create\0" "afford\0"
  "sunday\0" "total\0" "dumb\0" "threw\0" "france\0" "birth\0" "created\0" "realized\0" "british\0" "noise\0" "nuts\0"
  "students\0" "birds\0" "social\0" "brilliant\0" "bodies\0" "tie\0" "opened\0" "ours\0" "bucks\0" "kevin\0"
  "mister\0" "ugly\0" "ryan\0" "focus\0" "dan\0" "opens\0" "exist\0" "followed\0" "england\0" "draw\0" "purpose\0"
  "letters\0" "daniel\0" "opening\0" "bullet\0" "anna\0" "lately\0" "stayed\0" "falling\0" "season\0" "ends\0"
  "suggest\0" "joy\0" "distance\0" "responsibility\0" "whenever\0" "issue\0" "thousands\0" "process\0" "sword\0"
  "shower\0" "weak\0" "lonely\0" "happiness\0" "eric\0" "tiny\0" "desk\0" "pool\0" "property\0" "forced\0" "settle\0"
  "indistinct\0" "weight\0" "received\0" "gang\0" "bite\0" "friday\0" "disappeared\0" "interview\0" "expecting\0"
  "kinda\0" "surgery\0" "horses\0" "mayor\0" "babe\0" "ancient\0" "handsome\0" "thomas\0" "saturday\0" "staff\0"
  "lines\0" "unit\0" "fan\0" "gentleman\0" "introduce\0" "fate\0" "split\0" "recently\0" "expected\0" "add\0"
  "ordered\0" "slowly\0" "alarm\0" "member\0" "slept\0" "signed\0" "enter\0" "spanish\0" "garden\0" "brings\0"
  "brave\0" "pig\0" "model\0" "finger\0" "medicine\0" "access\0" "failed\0" "flat\0" "easily\0" "discovered\0"
  "based\0" "screw\0" "insane\0" "cares\0" "weather\0" "fingers\0" "san\0" "scott\0" "path\0" "soft\0" "harm\0"
  "style\0" "community\0" "sees\0" "basically\0" "al\0" "signal\0" "nope\0" "spare\0" "speech\0" "covered\0" "shake\0"
  "loose\0" "snow\0" "russian\0" "lake\0" "bright\0" "roof\0" "ohh\0" "sending\0" "paint\0" "remind\0" "pal\0"
  "naked\0" "post\0" "sugar\0" "heading\0" "streets\0" "damage\0" "silence\0" "doors\0" "pete\0" "ed\0" "success\0"
  "wet\0" "nah\0" "amount\0" "members\0" "kate\0" "manage\0" "safety\0" "returned\0" "harder\0" "fbi\0" "block\0"
  "showing\0" "fancy\0" "chef\0" "contract\0" "dig\0" "chest\0" "drinks\0" "dave\0" "buried\0" "brian\0" "trade\0"
  "journey\0" "stomach\0" "changes\0" "details\0" "thoughts\0" "divorce\0" "funeral\0" "maria\0" "football\0"
  "reality\0" "theory\0" "gosh\0" "ruined\0" "gate\0" "william\0" "spread\0" "outta\0" "japanese\0" "sudden\0"
  "coat\0" "sooner\0" "cheese\0" "larry\0" "spring\0" "page\0" "ears\0" "simon\0" "castle\0" "hidden\0" "storm\0"
  "cos\0" "personally\0" "artist\0" "hill\0" "exciting\0" "permission\0" "jerry\0" "expensive\0" "tickets\0"
  "forest\0" "barely\0" "eggs\0" "goin\0" "regret\0" "lesson\0" "lover\0" "bread\0" "andy\0" "subject\0" "legal\0"
  "growing\0" "ill\0" "jason\0" "mood\0" "owner\0" "caused\0" "beeping\0" "points\0" "dating\0" "loss\0" "secretary\0"
  "revenge\0" "santa\0" "likely\0" "rent\0" "connection\0" "assistant\0" "reasons\0" "yelling\0" "painting\0"
  "trees\0" "doctors\0" "rush\0" "foreign\0" "rough\0" "murderer\0" "century\0" "nights\0" "pair\0" "runs\0"
  "pocket\0" "farm\0" "matt\0" "bike\0" "obvious\0" "ate\0" "grew\0" "professional\0" "tim\0" "goodness\0" "parts\0"
  "alan\0" "university\0" "square\0" "grandfather\0" "europe\0" "genius\0" "cases\0" "ruin\0" "winter\0" "tongue\0"
  "memories\0" "da\0" "buying\0" "cancer\0" "clock\0" "ocean\0" "dna\0" "liar\0" "tour\0" "thief\0" "bleep\0" "lisa\0"
  "rights\0" "including\0" "competition\0" "smith\0" "planned\0" "emily\0" "boring\0" "victims\0" "mentioned\0"
  "bones\0" "plant\0" "bless\0" "warning\0" "knocking\0" "crash\0" "bedroom\0" "lower\0" "silver\0" "groaning\0"
  "madame\0" "defense\0" "results\0" "toilet\0" "event\0" "complicated\0" "shape\0" "priest\0" "royal\0" "cheap\0"
  "romantic\0" "downstairs\0" "invite\0" "fortune\0" "tears\0" "avoid\0" "reached\0" "higher\0" "familiar\0"
  "telephone\0" "burning\0" "filled\0" "kelly\0" "alice\0" "airport\0" "jobs\0" "grown\0" "walter\0" "rachel\0"
  "giant\0" "insurance\0" "woods\0" "scare\0" "pleased\0" "period\0" "political\0" "player\0" "stops\0" "secrets\0"
  "laura\0" "repeat\0" "photos\0" "finds\0" "statement\0" "suck\0" "younger\0" "china\0" "humans\0" "delicious\0"
  "particular\0" "proper\0" "rome\0" "belongs\0" "attacked\0" "bath\0" "hired\0" "site\0" "knowledge\0" "led\0"
  "guests\0" "celebrate\0" "map\0" "horn\0" "eventually\0" "pity\0" "powers\0" "ashamed\0" "assume\0" "glasses\0"
  "rise\0" "fixed\0" "request\0" "officers\0" "pounds\0" "data\0" "carefully\0" "per\0" "depends\0" "jury\0"
  "waited\0" "positive\0" "attorney\0" "direction\0" "families\0" "doin\0" "forces\0" "location\0" "walls\0"
  "useless\0" "grant\0" "saving\0" "speaks\0" "fought\0" "meal\0" "deliver\0" "answers\0" "changing\0" "temple\0"
  "scary\0" "millions\0" "offered\0" "regular\0" "carrying\0" "official\0" "jacket\0" "switch\0" "grave\0" "chase\0"
  "role\0" "odd\0" "sexy\0" "faces\0" "becomes\0" "closes\0" "badly\0" "tall\0" "confused\0" "affair\0" "television\0"
  "shock\0" "raised\0" "panting\0" "pizza\0" "image\0" "clears\0" "golden\0" "patients\0" "watched\0" "committed\0"
  "sexual\0" "suffer\0" "arthur\0" "wherever\0" "plate\0" "appear\0" "chocolate\0" "clever\0" "hm\0" "mercy\0"
  "shots\0" "lucy\0" "dealing\0" "trap\0" "charges\0" "phil\0" "bang\0" "poison\0" "butt\0" "drove\0" "yourselves\0"
  "headed\0" "babies\0" "yellow\0" "soup\0" "mystery\0" "picking\0" "sat\0" "wound\0" "traffic\0" "courage\0" "hunt\0"
  "indian\0" "rat\0" "terms\0" "italian\0" "emma\0" "checking\0" "disease\0" "managed\0" "winner\0" "council\0"
  "appointment\0" "monday\0" "crack\0" "threat\0" "jenny\0" "physical\0" "nation\0" "source\0" "chose\0" "healthy\0"
  "carl\0" "victory\0" "rick\0" "stood\0" "kicked\0" "annie\0" "disgusting\0" "palace\0" "below\0" "shopping\0"
  "neighborhood\0" "march\0" "lips\0" "midnight\0" "advantage\0" "pure\0" "india\0" "aside\0" "jerk\0" "mail\0"
  "dawn\0" "effect\0" "spell\0" "freak\0" "wood\0" "screwed\0" "enemies\0" "gary\0" "awake\0" "chuckling\0"
  "vacation\0" "violence\0" "leo\0" "grandmother\0" "modern\0" "luke\0" "firm\0" "prime\0" "heh\0" "touched\0"
  "talent\0" "piano\0" "license\0" "cooking\0" "honour\0" "concern\0" "moves\0" "available\0" "factory\0" "gods\0"
  "value\0" "central\0" "union\0" "mirror\0" "studio\0" "media\0" "taxi\0" "dies\0" "iron\0" "hearts\0" "desire\0"
  "rob\0" "claire\0" "fred\0" "songs\0" "washington\0" "monkey\0" "pride\0" "pills\0" "miracle\0" "swim\0" "burned\0"
  "smells\0" "joking\0" "christian\0" "bleeding\0" "hook\0" "beating\0" "protection\0" "treatment\0" "ear\0"
  "carter\0" "metal\0" "disappear\0" "grateful\0" "extremely\0" "treasure\0" "rescue\0" "capable\0" "passing\0"
  "chatter\0" "result\0" "suffering\0" "sisters\0" "laid\0" "governor\0" "guards\0" "louis\0" "text\0" "literally\0"
  "remove\0" "becoming\0" "performance\0" "stronger\0" "rate\0" "deeply\0" "scream\0" "desert\0" "vehicle\0"
  "illegal\0" "pulling\0" "throwing\0" "josh\0" "unbelievable\0" "ted\0" "zero\0" "dean\0" "curious\0" "sean\0"
  "candy\0" "bone\0" "tied\0" "edge\0" "load\0" "susan\0" "ahh\0" "mountains\0" "boom\0" "former\0" "holiday\0"
  "riding\0" "scoffs\0" "hundreds\0" "sue\0" "bags\0" "stealing\0" "appears\0" "arrive\0" "remains\0" "decent\0"
  "issues\0" "tip\0" "fail\0" "bride\0" "penny\0" "claim\0" "friendship\0" "desperate\0" "flower\0" "dramatic\0"
  "refuse\0" "solve\0" "theme\0" "loving\0" "properly\0" "dragon\0" "mostly\0" "chuck\0" "directly\0" "surface\0"
  "false\0" "cast\0" "junior\0" "hunting\0" "silent\0" "thou\0" "egg\0" "germany\0" "punch\0" "africa\0" "woke\0"
  "intelligence\0" "borrow\0" "winning\0" "falls\0" "popular\0" "escaped\0" "witch\0" "convinced\0" "warn\0"
  "announcer\0" "champagne\0" "dust\0" "kyle\0" "someday\0" "fallen\0" "stranger\0" "presence\0" "tear\0" "internet\0"
  "monsieur\0" "therefore\0" "technology\0" "tires\0" "toast\0" "wise\0" "clark\0" "americans\0" "notes\0" "smoking\0"
  "hank\0" "ls\0" "april\0" "wolf\0" "precious\0" "rooms\0" "coast\0" "treated\0" "material\0" "released\0"
  "uniform\0" "hated\0" "considered\0" "rice\0" "exchange\0" "steps\0" "blake\0" "convince\0" "beast\0" "cow\0"
  "files\0" "signs\0" "drag\0" "cab\0" "hung\0" "carried\0" "ordinary\0" "successful\0" "eve\0" "mistakes\0"
  "houses\0" "chattering\0" "brains\0" "japan\0" "creature\0" "fourth\0" "separate\0" "cleaning\0" "california\0"
  "lf\0" "shift\0" "elizabeth\0" "chicago\0" "exact\0" "karen\0" "goal\0" "expert\0" "served\0" "direct\0" "score\0"
  "row\0" "marks\0" "twenty\0" "receive\0" "series\0" "section\0" "pilot\0" "jackson\0" "darkness\0" "thy\0" "sale\0"
  "destiny\0" "cure\0" "spoken\0" "armed\0" "rare\0" "helen\0" "grade\0" "juice\0" "wide\0" "tower\0" "solution\0"
  "schedule\0" "explosion\0" "wheel\0" "cigarette\0" "julie\0" "fruit\0" "blew\0" "victor\0" "talks\0" "sacrifice\0"
  "range\0" "button\0" "reports\0" "prisoner\0" "pie\0" "effort\0" "youth\0" "pot\0" "eaten\0" "taylor\0" "knees\0"
  "garage\0" "parking\0" "ambulance\0" "staring\0" "chances\0" "circumstances\0" "sin\0" "gordon\0" "progress\0"
  "unusual\0" "county\0" "stairs\0" "campaign\0" "vision\0" "reporter\0" "equipment\0" "moments\0" "joey\0" "mass\0"
  "alien\0" "trapped\0" "helps\0" "route\0" "defend\0" "trace\0" "nasty\0" "tests\0" "magazine\0" "rocks\0" "dump\0"
  "rude\0" "searching\0" "clue\0" "connected\0" "amen\0" "pushed\0" "merry\0" "zone\0" "senior\0" "closing\0"
  "freeze\0" "emperor\0" "incident\0" "snake\0" "mexico\0" "lily\0" "actor\0" "newspaper\0" "sentence\0" "greg\0"
  "leading\0" "friendly\0" "jones\0" "chosen\0" "engaged\0" "julia\0" "charming\0" "mustn\0" "anger\0" "spending\0"
  "learning\0" "spy\0" "sharp\0" "shadow\0" "warrant\0" "elevator\0" "kingdom\0" "ricky\0" "jamie\0" "squad\0"
  "shoulder\0" "wave\0" "amanda\0" "highness\0" "kinds\0" "fishing\0" "sometime\0" "attitude\0" "sucks\0" "negative\0"
  "screen\0" "workers\0" "bored\0" "cameras\0" "similar\0" "understanding\0" "beeps\0" "chain\0" "bull\0" "gasping\0"
  "fully\0" "robin\0" "collect\0" "gorgeous\0" "morgan\0" "passion\0" "writer\0" "empire\0" "international\0"
  "curse\0" "hire\0" "puts\0" "leads\0" "id\0" "blows\0" "sons\0" "estate\0" "customers\0" "maggie\0" "gunshot\0"
  "device\0" "troops\0" "hug\0" "design\0" "movement\0" "thunder\0" "object\0" "loser\0" "pen\0" "sobbing\0"
  "politics\0" "despite\0" "alcohol\0" "climb\0" "clients\0" "conference\0" "provide\0" "marty\0" "seek\0"
  "witnesses\0" "earn\0" "trash\0" "valley\0" "fashion\0" "howard\0" "episode\0" "prize\0" "previously\0" "sports\0"
  "wanting\0" "debt\0" "wishes\0" "hitler\0" "wire\0" "thee\0" "circle\0" "approach\0" "stock\0" "facts\0"
  "remembered\0" "percent\0" "normally\0" "tail\0" "joined\0" "education\0" "bravo\0" "library\0" "rape\0" "wings\0"
  "growling\0" "thrown\0" "tank\0" "exhales\0" "authority\0" "current\0" "failure\0" "nightmare\0" "hitting\0"
  "glory\0" "knocked\0" "studying\0" "barry\0" "agency\0" "apple\0" "border\0" "rope\0" "duck\0" "reputation\0"
  "confidence\0" "yard\0" "beloved\0" "lack\0" "actual\0" "skills\0" "films\0" "mental\0" "salt\0" "flesh\0" "anne\0"
  "secure\0" "highly\0" "federal\0" "sand\0" "emotional\0" "setting\0" "nothin\0" "senator\0" "services\0" "robbery\0"
  "hates\0" "fed\0" "reward\0" "theater\0" "johnson\0" "commit\0" "patrick\0" "entirely\0" "extraordinary\0" "ships\0"
  "opposite\0" "parties\0" "stands\0" "terry\0" "chat\0" "events\0" "mummy\0" "bay\0" "slip\0" "disappointed\0"
  "settled\0" "begins\0" "andrew\0" "alert\0" "detail\0" "pink\0" "fellas\0" "accepted\0" "background\0" "garbage\0"
  "panic\0" "minds\0" "belt\0" "blowing\0" "hollywood\0" "agreement\0" "jackie\0" "pushing\0" "ability\0" "tiger\0"
  "whispering\0" "culture\0" "saint\0" "jesse\0" "task\0" "solid\0" "doll\0" "intend\0" "district\0" "pa\0" "gee\0"
  "custody\0" "ignore\0" "naturally\0" "useful\0" "attempt\0" "abandoned\0" "cutting\0" "kissed\0" "guarantee\0"
  "barking\0" "gather\0" "policy\0" "violent\0" "maid\0" "embarrassing\0" "childhood\0" "wasting\0" "bow\0" "chick\0"
  "sara\0" "disaster\0" "revolution\0" "online\0" "demon\0" "heavily\0" "coincidence\0" "perform\0" "thin\0"
  "terrific\0" "mac\0" "crown\0" "identity\0" "virgin\0" "impressive\0" "windows\0" "potential\0" "guitar\0"
  "committee\0" "dozen\0" "delivery\0" "advance\0" "quietly\0" "stan\0" "teaching\0" "hunter\0" "latest\0" "hurting\0"
  "swing\0" "capital\0" "counting\0" "drew\0" "dirt\0" "whistle\0" "marie\0" "hits\0" "doug\0" "deny\0" "urgent\0"
  "threatened\0" "behavior\0" "molly\0" "mixed\0" "stays\0" "assure\0" "subtitles\0" "explanation\0" "wins\0"
  "unique\0" "chasing\0" "billion\0" "duke\0" "production\0" "slave\0" "agents\0" "carol\0" "lets\0" "cruel\0"
  "mask\0" "sally\0" "behave\0" "bury\0" "massive\0" "pathetic\0" "species\0" "approaching\0" "jo\0" "loan\0"
  "struggle\0" "dish\0" "trusted\0" "jumped\0" "firing\0" "channel\0" "abby\0" "stopping\0" "asks\0" "jean\0"
  "swimming\0" "daily\0" "basement\0" "linda\0" "quarter\0" "erm\0" "bound\0" "navy\0" "article\0" "guide\0"
  "accused\0" "transfer\0" "guts\0" "quality\0" "fella\0" "roman\0" "greater\0" "damned\0" "couch\0" "cheer\0"
  "vegas\0" "shoe\0" "title\0" "shy\0" "punishment\0" "los\0" "clicks\0" "closet\0" "fever\0" "coward\0" "flash\0"
  "impressed\0" "bruce\0" "siren\0" "prisoners\0" "sides\0" "bowl\0" "katie\0" "supply\0" "sensitive\0" "hopefully\0"
  "rolling\0" "roy\0" "dollar\0" "tone\0" "voices\0" "cheating\0" "confess\0" "demand\0" "museum\0" "unknown\0"
  "drama\0" "suspicious\0" "adult\0" "todd\0" "frightened\0" "warned\0" "steady\0" "kills\0" "crossed\0" "lou\0"
  "particularly\0" "sandwich\0" "laws\0" "joint\0" "bullets\0" "package\0" "trained\0" "thursday\0" "boots\0"
  "possibility\0" "albert\0" "civil\0" "june\0" "germans\0" "baseball\0" "express\0" "miserable\0" "tuesday\0"
  "parker\0" "lion\0" "joseph\0" "refused\0" "shine\0" "assault\0" "hong\0" "jokes\0" "breaks\0" "argue\0" "trail\0"
  "option\0" "recall\0" "mighty\0" "collection\0" "oliver\0" "wilson\0" "accent\0" "believes\0" "decisions\0"
  "embarrassed\0" "mobile\0" "customer\0" "terribly\0" "sec\0" "charity\0" "considering\0" "donna\0" "protecting\0"
  "flag\0" "kidnapped\0" "italy\0" "balance\0" "creatures\0" "nuclear\0" "wallet\0" "shout\0" "vincent\0" "entered\0"
  "impression\0" "angela\0" "jay\0" "degrees\0" "favour\0" "reaction\0" "network\0" "jessica\0" "version\0"
  "concert\0" "gear\0" "singer\0" "diamond\0" "defeat\0" "steven\0" "lane\0" "blast\0" "wounded\0" "anytime\0"
  "partners\0" "ages\0" "charlotte\0" "ceremony\0" "league\0" "bars\0" "orange\0" "specific\0" "conditions\0"
  "plastic\0" "crisis\0" "fifth\0" "term\0" "self\0" "offering\0" "bud\0" "suffered\0" "reported\0" "commissioner\0"
  "rip\0" "mysterious\0" "entrance\0" "messed\0" "tunnel\0" "designed\0" "neighbor\0" "aboard\0" "sweat\0" "justin\0"
  "ghosts\0" "crimes\0" "costs\0" "deserves\0" "dreaming\0" "bust\0" "el\0" "teddy\0" "kong\0" "messages\0"
  "enjoying\0" "afterwards\0" "comfort\0" "mason\0" "surrender\0" "gym\0" "kitty\0" "crush\0" "yup\0" "arranged\0"
  "suits\0" "pee\0" "stress\0" "cave\0" "wing\0" "jordan\0" "arrange\0" "comrade\0" "noble\0" "tricks\0" "betty\0"
  "launch\0" "legend\0" "mix\0" "golf\0" "imagination\0" "fox\0" "kissing\0" "butter\0" "tax\0" "gross\0" "edward\0"
  "texas\0" "insist\0" "marcus\0" "classic\0" "selfish\0" "skull\0" "frankie\0" "shown\0" "bat\0" "survived\0"
  "print\0" "champion\0" "bills\0" "therapy\0" "lifetime\0" "throughout\0" "nathan\0" "toward\0" "sauce\0"
  "experiment\0" "margaret\0" "describe\0" "ross\0" "grass\0" "cheat\0" "attend\0" "homework\0" "lewis\0" "betrayed\0"
  "servant\0" "cap\0" "tyler\0" "bible\0" "practically\0" "catherine\0" "steel\0" "wipe\0" "burns\0" "generation\0"
  "cabin\0" "financial\0" "industry\0" "bond\0" "sheep\0" "scientists\0" "beaten\0" "heck\0" "deck\0" "fans\0"
  "script\0" "brand\0" "degree\0" "painful\0" "coughing\0" "religion\0" "cats\0" "stephen\0" "influence\0" "fuel\0"
  "drawing\0" "rabbit\0" "exercise\0" "attractive\0" "touching\0" "virus\0" "realise\0" "torture\0" "blessed\0"
  "plain\0" "rebecca\0" "recent\0" "barbara\0" "footsteps\0" "sacred\0" "removed\0" "pretending\0" "wasted\0"
  "jewish\0" "goodnight\0" "robot\0" "crystal\0" "confirm\0" "lad\0" "mile\0" "division\0" "scratch\0" "reminds\0"
  "walks\0" "ending\0" "russia\0" "contest\0" "valuable\0" "distant\0" "dumped\0" "motion\0" "electricity\0"
  "centre\0" "murders\0" "tina\0" "jeremy\0" "seal\0" "standard\0" "ellen\0" "wore\0" "surrounded\0" "struck\0"
  "inform\0" "gentle\0" "status\0" "purse\0" "prints\0" "players\0" "charged\0" "begging\0" "delivered\0" "kenny\0"
  "buck\0" "nina\0" "construction\0" "confirmed\0" "confession\0" "trigger\0" "cells\0" "frankly\0" "ali\0" "exit\0"
  "response\0" "cancel\0" "argument\0" "principal\0" "turkey\0" "lucas\0" "clinic\0" "greetings\0" "neighbors\0"
  "vice\0" "toy\0" "hannah\0" "everyday\0" "generous\0" "gain\0" "idiots\0" "holly\0" "enjoyed\0" "jungle\0" "link\0"
  "underground\0" "smiling\0" "mistress\0" "teams\0" "product\0" "beef\0" "whispers\0" "religious\0" "presents\0"
  "identify\0" "chip\0" "chffffff\0" "surveillance\0" "carlos\0" "vampire\0" "routine\0" "uses\0" "michelle\0"
  "underneath\0" "systems\0" "temperature\0" "waves\0" "tribe\0" "brad\0" "deputy\0" "sophie\0" "headquarters\0"
  "equal\0" "phones\0" "ken\0" "reckon\0" "related\0" "incredibly\0" "chill\0" "spit\0" "tracks\0" "oscar\0"
  "makeup\0" "bug\0" "sounded\0" "spirits\0" "nerve\0" "divorced\0" "stake\0" "port\0" "doorbell\0" "worries\0"
  "nephew\0" "miller\0" "units\0" "proceed\0" "landing\0" "traitor\0" "outfit\0" "chloe\0" "bail\0" "fields\0"
  "patience\0" "recording\0" "foolish\0" "loaded\0" "tokyo\0" "davis\0" "costume\0" "wayne\0" "injured\0" "somethin\0"
  "ian\0" "pet\0" "cage\0" "digging\0" "spain\0" "seats\0" "awkward\0" "cleaned\0" "pattern\0" "filthy\0" "visiting\0"
  "jews\0" "answering\0" "concentrate\0" "someplace\0" "citizens\0" "aim\0" "nancy\0" "affairs\0" "thick\0" "sport\0"
  "basic\0" "electric\0" "pleasant\0" "cliff\0" "nail\0" "russell\0" "environment\0" "western\0" "average\0" "ease\0"
  "raped\0" "interrupt\0" "judy\0" "satisfied\0" "beep\0" "starving\0" "documents\0" "anniversary\0" "beth\0"
  "election\0" "warrior\0" "forth\0" "fetch\0" "banks\0" "placed\0" "timing\0" "stones\0" "complex\0" "frozen\0"
  "replace\0" "prayer\0" "skip\0" "angeles\0" "guilt\0" "tune\0" "woo\0" "actions\0" "conscience\0" "officially\0"
  "martha\0" "machines\0" "smaller\0" "determined\0" "blown\0" "hail\0" "unhappy\0" "booth\0" "pour\0" "berlin\0"
  "cleared\0" "packed\0" "wrap\0" "randy\0" "behalf\0" "reasonable\0" "trunk\0" "homes\0" "festival\0" "tradition\0"
  "cigarettes\0" "le\0" "beside\0" "harvey\0" "motive\0" "beings\0" "bishop\0" "dealer\0" "defendant\0" "backup\0"
  "wounds\0" "ouch\0" "ann\0" "nearby\0" "drank\0" "effects\0" "jonathan\0" "dennis\0" "benefit\0" "adventure\0"
  "territory\0" "apology\0" "dylan\0" "unlike\0" "owns\0" "boxes\0" "thus\0" "clay\0" "developed\0" "busted\0"
  "pipe\0" "gray\0" "goods\0" "favourite\0" "salad\0" "loyal\0" "atmosphere\0" "eva\0" "freaking\0" "dropping\0"
  "strangers\0" "mouse\0" "downtown\0" "francisco\0" "heroes\0" "pit\0" "rotten\0" "paradise\0" "meantime\0" "jess\0"
  "organization\0" "hills\0" "exam\0" "fairy\0" "earl\0" "comment\0" "activity\0" "frame\0" "knight\0" "testing\0"
  "habit\0" "shelter\0" "flow\0" "jennifer\0" "holes\0" "prevent\0" "anthony\0" "lend\0" "cooper\0" "figures\0"
  "boston\0" "sample\0" "strip\0" "landed\0" "buzzing\0" "monk\0" "slightly\0" "produce\0" "annoying\0" "judgment\0"
  "laundry\0" "ron\0" "lousy\0" "souls\0" "existence\0" "belly\0" "tries\0" "foster\0" "returning\0" "answered\0"
  "ward\0" "plants\0" "actress\0" "chairman\0" "individual\0" "hopes\0" "tattoo\0" "fence\0" "sink\0" "punk\0"
  "confident\0" "yay\0" "mistaken\0" "limit\0" "bothering\0" "st\0" "uncomfortable\0" "wednesday\0" "gifts\0"
  "policeman\0" "na\0" "precisely\0" "lawyers\0" "greek\0" "merely\0" "criminals\0" "underwear\0" "hoped\0" "earned\0"
  "reveal\0" "appeared\0" "derek\0" "heavens\0" "personality\0" "batman\0" "virginia\0" "wives\0" "colour\0"
  "worker\0" "pope\0" "instructions\0" "intelligent\0" "worrying\0" "vince\0" "comin\0" "cried\0" "traveling\0"
  "bells\0" "impact\0" "robbed\0" "relief\0" "host\0" "footage\0" "odds\0" "patrol\0" "circus\0" "mud\0" "captured\0"
  "lessons\0" "occasion\0" "sets\0" "pulse\0" "ad\0" "invented\0" "diamonds\0" "matthew\0" "auntie\0" "cloud\0"
  "francis\0" "angels\0" "hers\0" "classes\0" "signature\0" "complain\0" "blah\0" "monitor\0" "options\0" "claims\0"
  "flies\0" "pat\0" "britain\0" "hid\0" "wailing\0" "listened\0" "countries\0" "vic\0" "yell\0" "rats\0" "wondered\0"
  "smooth\0" "resist\0" "companies\0" "fantasy\0" "passport\0" "pitch\0" "hammer\0" "homicide\0" "casey\0" "holds\0"
  "flew\0" "jacob\0" "noon\0" "helicopter\0" "dishes\0" "spin\0" "charm\0" "slap\0" "apply\0" "fools\0" "screeching\0"
  "discover\0" "previous\0" "kit\0" "authorities\0" "moaning\0" "photograph\0" "sales\0" "fifty\0" "mickey\0"
  "beneath\0" "farewell\0" "clouds\0" "slipped\0" "represent\0" "deaf\0" "facing\0" "offense\0" "citizen\0" "clown\0"
  "snap\0" "messing\0" "hood\0" "twelve\0" "interests\0" "cheated\0" "liz\0" "informed\0" "humanity\0" "producer\0"
  "technically\0" "accounts\0" "extreme\0" "gettin\0" "cia\0" "ii\0" "pays\0" "profile\0" "oxygen\0" "jeez\0" "gene\0"
  "shed\0" "minor\0" "ex\0" "theatre\0" "scientific\0" "lovers\0" "chaos\0" "rocket\0" "math\0" "stubborn\0"
  "august\0" "oi\0" "chips\0" "intense\0" "grey\0" "talkin\0" "terrorist\0" "angle\0" "invitation\0" "gus\0"
  "gambling\0" "respond\0" "thirty\0" "procedure\0" "absolute\0" "investigate\0" "tragedy\0" "stable\0" "session\0"
  "capture\0" "marrying\0" "ripped\0" "attacks\0" "stretch\0" "bush\0" "dates\0" "unable\0" "gates\0" "mars\0"
  "artists\0" "increase\0" "tastes\0" "cared\0" "bottles\0" "highest\0" "whirring\0" "meanwhile\0" "nate\0"
  "grabbed\0" "pigs\0" "chop\0" "olivia\0" "wheels\0" "shocked\0" "reverend\0" "commercial\0" "escort\0"
  "engagement\0" "corpse\0" "louise\0" "worthy\0" "scale\0" "beats\0" "williams\0" "threatening\0" "exists\0"
  "academy\0" "acts\0" "hop\0" "judges\0" "furniture\0" "shared\0" "ralph\0" "consequences\0" "engineer\0" "schools\0"
  "softly\0" "bombs\0" "caroline\0" "shark\0" "transport\0" "population\0" "succeed\0" "creepy\0" "sneak\0"
  "studies\0" "destruction\0" "keith\0" "protected\0" "monsters\0" "joining\0" "punished\0" "lightning\0" "malcolm\0"
  "shell\0" "fascinating\0" "chamber\0" "ethan\0" "romance\0" "instance\0" "jumping\0" "groups\0" "exhausted\0"
  "testify\0" "studied\0" "walker\0" "pin\0" "imagined\0" "drill\0" "investigating\0" "ye\0" "experienced\0" "elena\0"
  "necklace\0" "loyalty\0" "junk\0" "cole\0" "cries\0" "stanley\0" "rita\0" "southern\0" "blocks\0" "emotions\0"
  "begun\0" "maya\0" "liver\0" "serving\0" "matches\0" "surgeon\0" "granted\0" "jazz\0" "july\0" "supplies\0"
  "deeper\0" "typical\0" "kicking\0" "obey\0" "dancer\0" "remote\0" "daughters\0" "moron\0" "latin\0" "teachers\0"
  "toby\0" "sandy\0" "dragged\0" "strategy\0" "parent\0" "jin\0" "album\0" "compared\0" "rubbish\0" "helpful\0"
  "powder\0" "sync\0" "bum\0" "passes\0" "joan\0" "fort\0" "choices\0" "alley\0" "supper\0" "penis\0" "alibi\0"
  "sammy\0" "pole\0" "coke\0" "scientist\0" "fighter\0" "highway\0" "blade\0" "alpha\0" "diet\0" "liquor\0" "jet\0"
  "widow\0" "liberty\0" "philip\0" "moral\0" "carrie\0" "award\0" "grief\0" "thirsty\0" "ashley\0" "random\0"
  "suspects\0" "intention\0" "julian\0" "active\0" "tools\0" "driven\0" "trauma\0" "headache\0" "safely\0"
  "alexander\0" "knee\0" "lads\0" "novel\0" "conversations\0" "waters\0" "lookin\0" "invisible\0" "internal\0"
  "peaceful\0" "humming\0" "washed\0" "drives\0" "talented\0" "li\0" "aid\0" "elephant\0" "troubles\0" "core\0"
  "serial\0" "painted\0" "divine\0" "jam\0" "goat\0" "opera\0" "thieves\0" "guessing\0" "objection\0" "whiskey\0"
  "florida\0" "resistance\0" "dressing\0" "attached\0" "aaron\0" "brief\0" "punish\0" "eternal\0" "lois\0"
  "required\0" "victoria\0" "fabulous\0" "twins\0" "characters\0" "cooked\0" "ln\0" "ruth\0" "dreamed\0" "arts\0"
  "naughty\0" "stabbed\0" "tend\0" "diane\0" "tap\0" "soap\0" "locker\0" "development\0" "images\0" "prick\0"
  "global\0" "string\0" "bitter\0" "sharing\0" "corn\0" "craig\0" "fits\0" "tent\0" "forms\0" "votes\0" "harold\0"
  "propose\0" "monica\0" "constantly\0" "granny\0" "nicely\0" "nerves\0" "arguing\0" "abuse\0" "relatives\0"
  "survival\0" "gloves\0" "tracking\0" "zoe\0" "bend\0" "review\0" "connect\0" "separated\0" "elder\0" "beard\0"
  "admiral\0" "diana\0" "salary\0" "areas\0" "disturb\0" "pro\0" "maintain\0" "solved\0" "wealth\0" "possession\0"
  "sang\0" "gimme\0" "plates\0" "shoulders\0" "burnt\0" "recorded\0" "upper\0" "counts\0" "tale\0" "profit\0"
  "colleague\0" "warehouse\0" "hostage\0" "shore\0" "porn\0" "miami\0" "fifteen\0" "visitors\0" "bo\0" "net\0"
  "insult\0" "owen\0" "cities\0" "causing\0" "lemon\0" "heal\0" "banging\0" "honeymoon\0" "appeal\0" "marshall\0"
  "critical\0" "creating\0" "scotland\0" "crane\0" "enormous\0" "testimony\0" "praise\0" "fights\0" "indians\0"
  "commission\0" "growls\0" "nicole\0" "sins\0" "fraud\0" "branch\0" "happily\0" "bout\0" "covering\0" "occurred\0"
  "beans\0" "raw\0" "muscle\0" "pages\0" "tense\0" "relationships\0" "management\0" "assignment\0" "blonde\0"
  "catching\0" "exposed\0" "canada\0" "dont\0" "han\0" "von\0" "comedy\0" "marco\0" "stroke\0" "whistling\0"
  "buildings\0" "shaking\0" "facility\0" "appropriate\0" "remarkable\0" "transferred\0" "drawn\0" "clicking\0"
  "symbol\0" "motor\0" "employees\0" "ambassador\0" "mothers\0" "pile\0" "feeding\0" "soda\0" "checks\0" "bears\0"
  "cookies\0" "awfully\0" "stepped\0" "toys\0" "levels\0" "differently\0" "magnificent\0" "steak\0" "tube\0"
  "leaders\0" "superior\0" "herr\0" "pan\0" "expression\0" "currently\0" "throne\0" "deadly\0" "bee\0" "tooth\0"
  "depressed\0" "potatoes\0" "wicked\0" "resources\0" "native\0" "centuries\0" "karl\0" "poetry\0" "multiple\0"
  "cable\0" "shortly\0" "buzz\0" "socks\0" "fingerprints\0" "goddess\0" "chin\0" "anxious\0" "september\0" "colors\0"
  "basketball\0" "promises\0" "explained\0" "appearance\0" "musical\0" "sends\0" "slide\0" "aii\0" "shawn\0"
  "ultimate\0" "pork\0" "communication\0" "payment\0" "structure\0" "paperwork\0" "obsessed\0" "lazy\0" "russians\0"
  "actors\0" "squeeze\0" "magical\0" "colleagues\0" "admire\0" "madness\0" "roads\0" "entry\0" "injury\0" "burden\0"
  "racing\0" "manner\0" "freezing\0" "bits\0" "norman\0" "mount\0" "battery\0" "dessert\0" "pound\0" "visited\0"
  "motel\0" "rumbling\0" "cinema\0" "fond\0" "halfway\0" "rifle\0" "reception\0" "statue\0" "fridge\0" "brick\0"
  "abandon\0" "lap\0" "natalie\0" "wars\0" "recommend\0" "brush\0" "nelson\0" "pill\0" "concept\0" "delay\0"
  "quarters\0" "korea\0" "janet\0" "rub\0" "mall\0" "soil\0" "complaint\0" "sail\0" "baker\0" "coughs\0" "bucket\0"
  "description\0" "badge\0" "measure\0" "hip\0" "function\0" "indistinctly\0" "harris\0" "foundation\0" "labor\0"
  "willie\0" "waiter\0" "homeless\0" "proved\0" "unfortunate\0" "log\0" "meetings\0" "giggles\0" "combat\0" "poem\0"
  "polish\0" "handed\0" "mia\0" "weed\0" "raymond\0" "tons\0" "satellite\0" "jersey\0" "eagle\0" "privacy\0"
  "chapter\0" "treating\0" "wisdom\0" "flip\0" "entering\0" "barn\0" "farmer\0" "clan\0" "budget\0" "pub\0"
  "temporary\0" "effective\0" "sonny\0" "wendy\0"
  "";

